#include <stdint.h>

const uint16_t SQXZ_PRO_320x240[320*240] = {
  0x0000, 0x0000, 0x0000, 0x0000, 0x0000, 0x0000, 0x0000, 0x0000, 0x0000, 0x0000, 0x0000, 0x0000, 0x0000, 0x0000, 0x0000, 0x0000,
  0x0000, 0x0000, 0x0000, 0x0000, 0x0000, 0x0000, 0x0000, 0x0000, 0x0000, 0x0000, 0x0000, 0x0000, 0x0000, 0x0000, 0x0000, 0x0000,
  0x0000, 0x0000, 0x0000, 0x0000, 0x0000, 0x0000, 0x0000, 0x0000, 0x0000, 0x0000, 0x0000, 0x0000, 0x0000, 0x0000, 0x0000, 0x0000,
  0x0000, 0x0000, 0x0000, 0x0000, 0x0000, 0x0000, 0x0000, 0x0000, 0x0000, 0x0000, 0x0000, 0x0000, 0x0000, 0x2000, 0x2000, 0x2000,
  0x2000, 0x2000, 0x2000, 0x2000, 0x2000, 0x2000, 0x2000, 0x2000, 0x2000, 0x2000, 0x2000, 0x2000, 0x2000, 0x2000, 0x2008, 0x0000,
  0x0000, 0x0000, 0x0000, 0x0000, 0x0000, 0x0000, 0x0000, 0x0000, 0x0000, 0x0000, 0x0000, 0x0000, 0x0000, 0x0000, 0x0008, 0x0010,
  0x0000, 0x0000, 0x0008, 0x0018, 0x0000, 0x0000, 0x0000, 0x0000, 0x0010, 0x0020, 0x0008, 0x0000, 0x0000, 0x0000, 0x0000, 0x0000,
  0x0000, 0x0000, 0x0000, 0x0000, 0x0000, 0x0000, 0x0000, 0x0000, 0x0000, 0x0000, 0x0000, 0x0000, 0x0000, 0x0000, 0x0000, 0x0000,
  0x0000, 0x0000, 0x0000, 0x0000, 0x0000, 0x0000, 0x0000, 0x0000, 0x0008, 0x0000, 0x0000, 0x0000, 0x0008, 0x0000, 0x0000, 0x0000,
  0x0000, 0x0000, 0x0000, 0x0000, 0x0000, 0x0000, 0x0000, 0x0000, 0x0000, 0x0000, 0x0000, 0x0000, 0x0000, 0x0000, 0x0000, 0x0000,
  0x0000, 0x0000, 0x0000, 0x0000, 0x0000, 0x0000, 0x0000, 0x0000, 0x0000, 0x0000, 0x0000, 0x0000, 0x0000, 0x0000, 0x0000, 0x0000,
  0x0000, 0x0000, 0x0000, 0x0000, 0x0000, 0x0000, 0x0000, 0x0000, 0x0000, 0x0000, 0x0000, 0x0000, 0x0000, 0x0000, 0x0000, 0x0000,
  0x0000, 0x0000, 0x0000, 0x0000, 0x0000, 0x0000, 0x0000, 0x0000, 0x0000, 0x0000, 0x0000, 0x0000, 0x0000, 0x0000, 0x0000, 0x0000,
  0x0000, 0x0000, 0x0000, 0x0000, 0x0000, 0x0000, 0x0000, 0x0000, 0x0000, 0x0000, 0x0000, 0x0000, 0x0000, 0x0000, 0x0000, 0x0000,
  0x0000, 0x0000, 0x0000, 0x0000, 0x0000, 0x0000, 0x0000, 0x0000, 0x0000, 0x0000, 0x0000, 0x0000, 0x0000, 0x0000, 0x0000, 0x0000,
  0x0000, 0x0000, 0x0000, 0x0000, 0x0000, 0x0000, 0x0000, 0x0000, 0x0000, 0x0000, 0x0000, 0x0000, 0x0000, 0x0000, 0x0000, 0x0000,
  0x0000, 0x0000, 0x0000, 0x0000, 0x0000, 0x0000, 0x0000, 0x0000, 0x0000, 0x0000, 0x0000, 0x0000, 0x0000, 0x0000, 0x0000, 0x0000,
  0x0000, 0x0000, 0x0000, 0x0000, 0x0000, 0x0000, 0x0000, 0x0000, 0x0000, 0x0000, 0x0000, 0x0000, 0x0000, 0x0000, 0x0000, 0x0000,
  0x0000, 0x0000, 0x0000, 0x0000, 0x0000, 0x0000, 0x0000, 0x0000, 0x0000, 0x0000, 0x0000, 0x0000, 0x0000, 0x0000, 0x0000, 0x0000,
  0x0000, 0x0000, 0x0000, 0x0000, 0x0000, 0x0000, 0x0000, 0x0000, 0x0000, 0x0000, 0x0000, 0x0000, 0x0000, 0x0000, 0x0000, 0x0000,
  0x0000, 0x0000, 0x0000, 0x0000, 0x0000, 0x0000, 0x0000, 0x0000, 0x0000, 0x0000, 0x0000, 0x0000, 0x0000, 0x0000, 0x0000, 0x0000,
  0x0000, 0x0000, 0x0000, 0x0000, 0x0000, 0x0000, 0x0000, 0x0000, 0x0000, 0x0000, 0x0000, 0x0000, 0x0000, 0x0000, 0x0000, 0x0000,
  0x0000, 0x0000, 0x0000, 0x0000, 0x0000, 0x0000, 0x0000, 0x0000, 0x0000, 0x0000, 0x0000, 0x0000, 0x0000, 0x0000, 0x0000, 0x0000,
  0x0000, 0x0000, 0x0000, 0x0000, 0x0000, 0x0000, 0x0000, 0x0000, 0x0000, 0x0000, 0x0000, 0x2000, 0x2000, 0x2000, 0x2000, 0x2000,
  0x2000, 0x2000, 0x2000, 0x2000, 0x2000, 0x2000, 0x2000, 0x2000, 0x2000, 0x2000, 0x2000, 0x2000, 0x2000, 0x2000, 0x0000, 0x0000,
  0x0000, 0x0000, 0x0000, 0x0000, 0x0000, 0x0000, 0x0000, 0x0000, 0x0000, 0x0000, 0x0000, 0x0000, 0x0000, 0x0010, 0x0008, 0x0000,
  0x0000, 0x0018, 0x0018, 0x0000, 0x0000, 0x0000, 0x0000, 0x0018, 0x0020, 0x0000, 0x0000, 0x0000, 0x0000, 0x0000, 0x0000, 0x0000,
  0x0000, 0x0000, 0x0000, 0x0000, 0x0000, 0x0000, 0x0000, 0x0000, 0x0000, 0x0000, 0x0000, 0x0000, 0x0000, 0x0000, 0x0000, 0x0000,
  0x0000, 0x0000, 0x0000, 0x0000, 0x0000, 0x0000, 0x0000, 0x0008, 0x0000, 0x0000, 0x0008, 0x0008, 0x0000, 0x0000, 0x0000, 0x0000,
  0x0000, 0x0000, 0x0000, 0x0000, 0x0000, 0x0000, 0x0000, 0x0000, 0x0000, 0x0000, 0x0000, 0x0000, 0x0000, 0x0000, 0x0000, 0x0000,
  0x0000, 0x0000, 0x0000, 0x0000, 0x0000, 0x0000, 0x0000, 0x0000, 0x0000, 0x0000, 0x0000, 0x0000, 0x0000, 0x0000, 0x0000, 0x0000,
  0x0000, 0x0000, 0x0000, 0x0000, 0x0000, 0x0000, 0x0000, 0x0000, 0x0000, 0x0000, 0x0000, 0x0000, 0x0000, 0x0000, 0x0000, 0x0000,
  0x0000, 0x0000, 0x0000, 0x0000, 0x0000, 0x0000, 0x0000, 0x0000, 0x0000, 0x0000, 0x0000, 0x0000, 0x0000, 0x0000, 0x0000, 0x0000,
  0x0000, 0x0000, 0x0000, 0x0000, 0x0000, 0x0000, 0x0000, 0x0000, 0x0000, 0x0000, 0x0000, 0x0000, 0x0000, 0x0000, 0x0000, 0x0000,
  0x0000, 0x0000, 0x0000, 0x0000, 0x0000, 0x0000, 0x0000, 0x0000, 0x0000, 0x0000, 0x0000, 0x0000, 0x0000, 0x0000, 0x0000, 0x0000,
  0x0000, 0x0000, 0x0000, 0x0000, 0x0000, 0x0000, 0x0000, 0x0000, 0x0000, 0x0000, 0x0000, 0x0000, 0x0000, 0x0000, 0x0000, 0x0000,
  0x0000, 0x0000, 0x0000, 0x0000, 0x0000, 0x0000, 0x0000, 0x0000, 0x0000, 0x0000, 0x0000, 0x0000, 0x0000, 0x0000, 0x0000, 0x0000,
  0x0000, 0x0000, 0x0000, 0x0000, 0x0000, 0x0000, 0x0000, 0x0000, 0x0000, 0x0000, 0x0000, 0x0000, 0x0000, 0x0000, 0x0000, 0x0000,
  0x0000, 0x0000, 0x0000, 0x0000, 0x0000, 0x0000, 0x0000, 0x0000, 0x0000, 0x0000, 0x0000, 0x0000, 0x0000, 0x0000, 0x0000, 0x0000,
  0x0000, 0x0000, 0x0000, 0x0000, 0x0000, 0x0000, 0x0000, 0x0000, 0x0000, 0x0000, 0x0000, 0x0000, 0x0000, 0x0000, 0x0000, 0x0000,
  0x0000, 0x0000, 0x0000, 0x0000, 0x0000, 0x0000, 0x0000, 0x0000, 0x0000, 0x0000, 0x0000, 0x0000, 0x0000, 0x0000, 0x0000, 0x0000,
  0x0000, 0x0000, 0x0000, 0x0000, 0x0000, 0x0000, 0x0000, 0x0000, 0x0000, 0x0000, 0x0000, 0x0000, 0x0000, 0x0000, 0x0000, 0x0000,
  0x0000, 0x0000, 0x0000, 0x0000, 0x0000, 0x0000, 0x0000, 0x0000, 0x0000, 0x0000, 0x0000, 0x0000, 0x0000, 0x0000, 0x0000, 0x0000,
  0x0000, 0x0000, 0x0000, 0x2000, 0x2000, 0x2000, 0x2000, 0x2000, 0x2000, 0x2000, 0x2000, 0x2000, 0x0000, 0x2000, 0x2000, 0x2000,
  0x2000, 0x2000, 0x2000, 0x2000, 0x2000, 0x2000, 0x2000, 0x2000, 0x2000, 0x2000, 0x2000, 0x2000, 0x0000, 0x0000, 0x0000, 0x0000,
  0x0000, 0x0000, 0x0000, 0x0000, 0x0000, 0x0000, 0x0000, 0x0000, 0x0000, 0x0000, 0x0000, 0x0000, 0x0010, 0x0008, 0x0000, 0x0000,
  0x0020, 0x0010, 0x0000, 0x0000, 0x0000, 0x0010, 0x0028, 0x0018, 0x0000, 0x0000, 0x0000, 0x0000, 0x0000, 0x0000, 0x0000, 0x0000,
  0x0000, 0x0000, 0x0000, 0x0000, 0x0000, 0x0000, 0x0000, 0x0000, 0x0000, 0x0000, 0x0000, 0x0000, 0x0000, 0x0000, 0x0000, 0x0000,
  0x0000, 0x0000, 0x0000, 0x0000, 0x0000, 0x0000, 0x0000, 0x0000, 0x0000, 0x0008, 0x0008, 0x0000, 0x0000, 0x0000, 0x0000, 0x0000,
  0x0000, 0x0000, 0x0000, 0x0000, 0x0000, 0x0000, 0x0000, 0x0000, 0x0000, 0x0000, 0x0000, 0x0000, 0x0000, 0x0000, 0x0000, 0x0000,
  0x0000, 0x0000, 0x0000, 0x0000, 0x0000, 0x0000, 0x0000, 0x0000, 0x0000, 0x0000, 0x0000, 0x0000, 0x0000, 0x0000, 0x0000, 0x0000,
  0x0000, 0x0000, 0x0000, 0x0000, 0x0000, 0x0000, 0x0000, 0x0000, 0x0000, 0x0000, 0x0000, 0x0000, 0x0000, 0x0000, 0x0000, 0x0000,
  0x0000, 0x0000, 0x0000, 0x0000, 0x0000, 0x0000, 0x0000, 0x0000, 0x0000, 0x0000, 0x0000, 0x0000, 0x0000, 0x0000, 0x0000, 0x0000,
  0x0000, 0x0000, 0x0000, 0x0000, 0x0000, 0x0000, 0x0000, 0x0000, 0x0000, 0x0000, 0x0000, 0x0000, 0x0000, 0x0000, 0x0000, 0x0000,
  0x0000, 0x0000, 0x0000, 0x0000, 0x0000, 0x0000, 0x0000, 0x0000, 0x0000, 0x0000, 0x0000, 0x0000, 0x0000, 0x0000, 0x0000, 0x0000,
  0x0000, 0x0000, 0x0000, 0x0000, 0x0000, 0x0000, 0x0000, 0x0000, 0x0000, 0x0000, 0x0000, 0x0000, 0x0000, 0x0000, 0x0000, 0x0000,
  0x0000, 0x0000, 0x0000, 0x0000, 0x0000, 0x0000, 0x0000, 0x0000, 0x0000, 0x0000, 0x0000, 0x0000, 0x0000, 0x0000, 0x0000, 0x0000,
  0x0000, 0x0000, 0x0000, 0x0000, 0x0000, 0x0000, 0x0000, 0x0000, 0x0000, 0x0000, 0x0000, 0x0000, 0x0000, 0x0000, 0x0000, 0x0000,
  0x0000, 0x0000, 0x0000, 0x0000, 0x0000, 0x0000, 0x0000, 0x0000, 0x0000, 0x0000, 0x0000, 0x0000, 0x0000, 0x0000, 0x0000, 0x0000,
  0x0000, 0x0000, 0x0000, 0x0000, 0x0000, 0x0000, 0x0000, 0x0000, 0x0000, 0x0000, 0x0000, 0x0000, 0x0000, 0x0000, 0x0000, 0x0000,
  0x0000, 0x0000, 0x0000, 0x0000, 0x0000, 0x0000, 0x0000, 0x0000, 0x0000, 0x0000, 0x0000, 0x0000, 0x0000, 0x0000, 0x0000, 0x0000,
  0x0000, 0x0000, 0x0000, 0x0000, 0x0000, 0x0000, 0x0000, 0x0000, 0x0000, 0x0000, 0x0000, 0x0000, 0x0000, 0x0000, 0x0000, 0x0000,
  0x0000, 0x0000, 0x0000, 0x0000, 0x0000, 0x0000, 0x0000, 0x0000, 0x0000, 0x0000, 0x0000, 0x2000, 0x0000, 0x2000, 0x2000, 0x2000,
  0x2000, 0x2000, 0x2000, 0x2000, 0x2000, 0x2000, 0x2000, 0x2000, 0x2000, 0x2000, 0x2000, 0x2000, 0x2000, 0x2000, 0x2000, 0x2000,
  0x2000, 0x2000, 0x2000, 0x2000, 0x2000, 0x2000, 0x2000, 0x2000, 0x2000, 0x2000, 0x2000, 0x0000, 0x0000, 0x0000, 0x0000, 0x0000,
  0x0000, 0x0000, 0x0000, 0x0000, 0x0000, 0x0000, 0x0000, 0x0000, 0x0000, 0x0000, 0x0008, 0x0008, 0x0000, 0x0000, 0x0010, 0x0020,
  0x0008, 0x0000, 0x0000, 0x0008, 0x0018, 0x0028, 0x0008, 0x0000, 0x0000, 0x0000, 0x0000, 0x0000, 0x0000, 0x0000, 0x0000, 0x0000,
  0x0000, 0x0000, 0x0000, 0x0000, 0x0000, 0x0000, 0x0000, 0x0000, 0x0000, 0x0000, 0x0000, 0x0000, 0x0000, 0x0000, 0x0000, 0x0000,
  0x0000, 0x0000, 0x0000, 0x0000, 0x0008, 0x0000, 0x0000, 0x0000, 0x0010, 0x0000, 0x0000, 0x0000, 0x0000, 0x0000, 0x0000, 0x0000,
  0x0000, 0x0000, 0x0000, 0x0000, 0x0000, 0x0000, 0x0000, 0x0000, 0x0000, 0x0000, 0x0000, 0x0000, 0x0000, 0x0000, 0x0000, 0x0000,
  0x0000, 0x0000, 0x0000, 0x0000, 0x0000, 0x0000, 0x0000, 0x0000, 0x0000, 0x0000, 0x0000, 0x0000, 0x0000, 0x0000, 0x0000, 0x0000,
  0x0000, 0x0000, 0x0000, 0x0000, 0x0000, 0x0000, 0x0000, 0x0000, 0x0000, 0x0000, 0x0000, 0x0000, 0x0000, 0x0000, 0x0000, 0x0000,
  0x0000, 0x0000, 0x0000, 0x0000, 0x0000, 0x0000, 0x0000, 0x0000, 0x0000, 0x0000, 0x0000, 0x0000, 0x0000, 0x0000, 0x0000, 0x0000,
  0x0000, 0x0000, 0x0000, 0x0000, 0x0000, 0x0000, 0x0000, 0x0000, 0x0000, 0x0000, 0x0000, 0x0000, 0x0000, 0x0000, 0x0000, 0x0000,
  0x0000, 0x0000, 0x0000, 0x0000, 0x0000, 0x0000, 0x0000, 0x0000, 0x0000, 0x0000, 0x0000, 0x0000, 0x0000, 0x0000, 0x0000, 0x0000,
  0x0000, 0x0000, 0x0000, 0x0000, 0x0000, 0x0000, 0x0000, 0x0000, 0x0000, 0x0000, 0x0000, 0x0000, 0x0000, 0x0000, 0x0000, 0x0000,
  0x0000, 0x0000, 0x0000, 0x0000, 0x0000, 0x0000, 0x0000, 0x0000, 0x0000, 0x0000, 0x0000, 0x0000, 0x0000, 0x0000, 0x0000, 0x0000,
  0x0000, 0x0000, 0x0000, 0x0000, 0x0000, 0x0000, 0x0000, 0x0000, 0x0000, 0x0000, 0x0000, 0x0000, 0x0000, 0x0000, 0x0000, 0x0000,
  0x0000, 0x0000, 0x0000, 0x0000, 0x0000, 0x0000, 0x0000, 0x0000, 0x0000, 0x0000, 0x0000, 0x0000, 0x0000, 0x0000, 0x0000, 0x0000,
  0x0000, 0x0000, 0x0000, 0x0000, 0x0000, 0x0000, 0x0000, 0x0000, 0x0000, 0x0000, 0x0000, 0x0000, 0x0000, 0x0000, 0x0000, 0x0000,
  0x0000, 0x0000, 0x0000, 0x0000, 0x0000, 0x0000, 0x0000, 0x0000, 0x0000, 0x0000, 0x0000, 0x0000, 0x0000, 0x0000, 0x0000, 0x0000,
  0x0000, 0x0000, 0x0000, 0x0000, 0x0000, 0x0000, 0x0000, 0x0000, 0x0000, 0x0000, 0x0000, 0x0000, 0x0000, 0x0000, 0x0000, 0x0000,
  0x0000, 0x0000, 0x0000, 0x0000, 0x0000, 0x0000, 0x2000, 0x2000, 0x2000, 0x2000, 0x2000, 0x2000, 0x2000, 0x2000, 0x2000, 0x2000,
  0x2000, 0x2000, 0x2000, 0x2000, 0x2000, 0x2000, 0x2000, 0x2000, 0x2000, 0x2000, 0x2000, 0x2000, 0x2000, 0x2000, 0x2000, 0x2000,
  0x2000, 0x2000, 0x2000, 0x2000, 0x2000, 0x2000, 0x2000, 0x2000, 0x2000, 0x0000, 0x0000, 0x0000, 0x0000, 0x0000, 0x0000, 0x0000,
  0x0000, 0x0000, 0x0000, 0x0000, 0x0000, 0x0000, 0x0000, 0x0000, 0x0000, 0x0008, 0x0008, 0x2000, 0x2000, 0x0018, 0x0018, 0x0000,
  0x0000, 0x0000, 0x0010, 0x0028, 0x0028, 0x0000, 0x0000, 0x0000, 0x0000, 0x0000, 0x0000, 0x0000, 0x0000, 0x0000, 0x0000, 0x0000,
  0x0000, 0x0000, 0x0000, 0x0000, 0x0000, 0x0000, 0x0000, 0x0000, 0x0000, 0x0000, 0x0000, 0x0000, 0x0000, 0x0000, 0x0000, 0x0000,
  0x0000, 0x0000, 0x0000, 0x0008, 0x0000, 0x0000, 0x0008, 0x0010, 0x0000, 0x0000, 0x0000, 0x0000, 0x0000, 0x0000, 0x0000, 0x0000,
  0x0000, 0x0000, 0x0000, 0x0000, 0x0000, 0x0000, 0x0000, 0x0000, 0x0000, 0x0000, 0x0000, 0x0000, 0x0000, 0x0000, 0x0000, 0x0000,
  0x0000, 0x0000, 0x0000, 0x0000, 0x0000, 0x0000, 0x0000, 0x0000, 0x0000, 0x0000, 0x0000, 0x0000, 0x0000, 0x0000, 0x0000, 0x0000,
  0x0000, 0x0000, 0x0000, 0x0000, 0x0000, 0x0000, 0x0000, 0x0000, 0x2000, 0x0000, 0x0000, 0x0000, 0x0000, 0x0000, 0x0000, 0x0000,
  0x0000, 0x0000, 0x0000, 0x0000, 0x0000, 0x0000, 0x0000, 0x0000, 0x0000, 0x0000, 0x0000, 0x0000, 0x0000, 0x0000, 0x0000, 0x0000,
  0x0000, 0x0000, 0x0000, 0x0000, 0x0000, 0x0000, 0x0000, 0x0000, 0x0000, 0x0000, 0x0000, 0x0000, 0x0000, 0x0000, 0x0000, 0x0000,
  0x0000, 0x0000, 0x0000, 0x0000, 0x0000, 0x0000, 0x0000, 0x0000, 0x0000, 0x0000, 0x0000, 0x0000, 0x0000, 0x0000, 0x0000, 0x0000,
  0x0000, 0x0000, 0x0000, 0x0000, 0x0000, 0x0000, 0x0000, 0x0000, 0x0000, 0x0000, 0x0000, 0x0000, 0x0000, 0x0000, 0x0000, 0x0000,
  0x0000, 0x0000, 0x0000, 0x0000, 0x0000, 0x0000, 0x0000, 0x0000, 0x0000, 0x0000, 0x0000, 0x0000, 0x0000, 0x0000, 0x0000, 0x0000,
  0x0000, 0x0000, 0x0000, 0x0000, 0x0000, 0x0000, 0x0000, 0x0000, 0x0000, 0x0000, 0x0000, 0x0000, 0x0000, 0x0000, 0x0000, 0x0000,
  0x0000, 0x0000, 0x0000, 0x0000, 0x0000, 0x0000, 0x0000, 0x0000, 0x0000, 0x0000, 0x0000, 0x0000, 0x0000, 0x0000, 0x0000, 0x0000,
  0x0000, 0x0000, 0x0000, 0x0000, 0x0000, 0x0000, 0x0000, 0x0000, 0x0000, 0x0000, 0x0000, 0x0000, 0x0000, 0x0000, 0x0000, 0x0000,
  0x0000, 0x0000, 0x0000, 0x0000, 0x0000, 0x0000, 0x0000, 0x0000, 0x0000, 0x0000, 0x0000, 0x0000, 0x0000, 0x0000, 0x0000, 0x0000,
  0x0000, 0x0000, 0x0000, 0x0000, 0x0000, 0x0000, 0x0000, 0x0000, 0x0000, 0x0000, 0x0000, 0x0000, 0x0000, 0x0000, 0x2000, 0x2000,
  0x2000, 0x2000, 0x2000, 0x2000, 0x2000, 0x2000, 0x2000, 0x2000, 0x2000, 0x2000, 0x2000, 0x2000, 0x2000, 0x2000, 0x2000, 0x2000,
  0x2000, 0x2000, 0x2000, 0x2000, 0x2000, 0x2000, 0x2000, 0x2000, 0x2000, 0x2000, 0x2000, 0x2000, 0x2000, 0x2000, 0x2000, 0x2000,
  0x2000, 0x2000, 0x2000, 0x2000, 0x2000, 0x2000, 0x2000, 0x2000, 0x0000, 0x0000, 0x0000, 0x0000, 0x0000, 0x0000, 0x0000, 0x0000,
  0x0000, 0x0000, 0x0000, 0x0000, 0x0000, 0x0000, 0x0000, 0x0000, 0x0008, 0x0008, 0x2000, 0x0010, 0x0020, 0x0010, 0x0000, 0x0000,
  0x0008, 0x0018, 0x0038, 0x0020, 0x0000, 0x0000, 0x0000, 0x0000, 0x0000, 0x0000, 0x0000, 0x0000, 0x0000, 0x0000, 0x0000, 0x0000,
  0x0000, 0x0000, 0x0000, 0x0000, 0x0000, 0x0000, 0x0000, 0x0000, 0x0000, 0x0000, 0x0000, 0x0000, 0x0000, 0x0000, 0x0000, 0x0000,
  0x0000, 0x0008, 0x0008, 0x0000, 0x0000, 0x0010, 0x0010, 0x0000, 0x0000, 0x0000, 0x0008, 0x0000, 0x0000, 0x0000, 0x0000, 0x0000,
  0x0000, 0x0000, 0x0000, 0x0000, 0x0000, 0x0000, 0x0000, 0x0000, 0x0000, 0x0000, 0x0000, 0x0000, 0x0000, 0x0000, 0x0000, 0x0000,
  0x0000, 0x0000, 0x0000, 0x0000, 0x0000, 0x0000, 0x0000, 0x0000, 0x0000, 0x0000, 0x0000, 0x0000, 0x0000, 0x0000, 0x0000, 0x0000,
  0x0000, 0x0000, 0x0000, 0x0000, 0x0000, 0x0000, 0x0000, 0x0000, 0x0000, 0x0000, 0x0000, 0x0000, 0x0000, 0x0000, 0x0000, 0x0000,
  0x0000, 0x0000, 0x0000, 0x0000, 0x0000, 0x0000, 0x0000, 0x0000, 0x0000, 0x0000, 0x0000, 0x0000, 0x0000, 0x0000, 0x0000, 0x0000,
  0x0000, 0x0000, 0x0000, 0x0000, 0x2000, 0x0000, 0x0000, 0x0000, 0x0000, 0x0000, 0x0000, 0x0000, 0x0000, 0x0000, 0x0000, 0x0000,
  0x0000, 0x0000, 0x0000, 0x0000, 0x0000, 0x0000, 0x0000, 0x0000, 0x0000, 0x0000, 0x0000, 0x0000, 0x0000, 0x0000, 0x0000, 0x0000,
  0x0000, 0x0000, 0x0000, 0x0000, 0x0000, 0x0000, 0x0000, 0x0000, 0x0000, 0x0000, 0x0000, 0x0000, 0x0000, 0x0000, 0x0000, 0x0000,
  0x0000, 0x0000, 0x0000, 0x0000, 0x0000, 0x0000, 0x0000, 0x0000, 0x0000, 0x0000, 0x0000, 0x0000, 0x0000, 0x0000, 0x0000, 0x0000,
  0x0000, 0x0000, 0x0000, 0x0000, 0x0000, 0x0000, 0x0000, 0x0000, 0x0000, 0x0000, 0x0000, 0x0000, 0x0000, 0x0000, 0x0000, 0x0000,
  0x0000, 0x0000, 0x0000, 0x0000, 0x0000, 0x0000, 0x0000, 0x0000, 0x0000, 0x0000, 0x0000, 0x0000, 0x0000, 0x0000, 0x0000, 0x0000,
  0x0000, 0x0000, 0x0000, 0x0000, 0x0000, 0x0000, 0x0000, 0x0000, 0x0000, 0x0000, 0x0000, 0x0000, 0x0000, 0x0000, 0x0000, 0x0000,
  0x0000, 0x0000, 0x0000, 0x0000, 0x0000, 0x0000, 0x0000, 0x0000, 0x0000, 0x0000, 0x0000, 0x0000, 0x0000, 0x0000, 0x0000, 0x0000,
  0x0000, 0x0000, 0x0000, 0x0000, 0x0000, 0x0000, 0x0000, 0x0000, 0x2000, 0x2000, 0x2000, 0x2000, 0x2000, 0x2000, 0x2000, 0x2000,
  0x2000, 0x2000, 0x2000, 0x2000, 0x2000, 0x2000, 0x2000, 0x2000, 0x2000, 0x2000, 0x2000, 0x2000, 0x2000, 0x2000, 0x2000, 0x2000,
  0x2000, 0x2000, 0x2000, 0x2000, 0x2000, 0x2000, 0x2000, 0x2000, 0x2000, 0x2000, 0x2000, 0x2000, 0x2000, 0x2000, 0x2000, 0x2000,
  0x2000, 0x2000, 0x2000, 0x2000, 0x2000, 0x2000, 0x0000, 0x0000, 0x0000, 0x0000, 0x0000, 0x0000, 0x0000, 0x0000, 0x0000, 0x2000,
  0x2000, 0x2000, 0x0000, 0x0000, 0x0000, 0x0000, 0x0008, 0x0008, 0x0000, 0x2000, 0x0018, 0x0020, 0x0008, 0x0000, 0x0000, 0x0010,
  0x0028, 0x0040, 0x0010, 0x0000, 0x0000, 0x0000, 0x0000, 0x0000, 0x0000, 0x0000, 0x0000, 0x0000, 0x0000, 0x0000, 0x0000, 0x0000,
  0x0000, 0x0000, 0x0000, 0x0000, 0x0000, 0x0000, 0x0000, 0x0000, 0x0000, 0x0000, 0x0000, 0x0000, 0x0000, 0x0000, 0x0000, 0x0000,
  0x0008, 0x0008, 0x0000, 0x0000, 0x0010, 0x0008, 0x0000, 0x0000, 0x0000, 0x0008, 0x0000, 0x0000, 0x0000, 0x0000, 0x0000, 0x0000,
  0x0000, 0x0000, 0x0000, 0x0000, 0x0000, 0x0000, 0x0000, 0x0000, 0x0000, 0x0000, 0x0000, 0x0000, 0x0000, 0x0000, 0x0000, 0x0000,
  0x0000, 0x0000, 0x0000, 0x0000, 0x0000, 0x0000, 0x0000, 0x0000, 0x0000, 0x0000, 0x0000, 0x0000, 0x0000, 0x0000, 0x0000, 0x0000,
  0x0000, 0x0000, 0x2000, 0x0000, 0x0000, 0x0000, 0x0000, 0x0000, 0x0000, 0x0000, 0x0000, 0x0000, 0x0000, 0x0000, 0x0000, 0x0000,
  0x2000, 0x0000, 0x0000, 0x0000, 0x0000, 0x0000, 0x0000, 0x0000, 0x0000, 0x0000, 0x0000, 0x0000, 0x0000, 0x0000, 0x0000, 0x0000,
  0x0000, 0x0000, 0x0000, 0x0000, 0x0000, 0x0000, 0x0000, 0x0000, 0x0000, 0x0000, 0x0000, 0x0000, 0x0000, 0x0000, 0x0000, 0x0000,
  0x0000, 0x0000, 0x0000, 0x0000, 0x0000, 0x0000, 0x0000, 0x0000, 0x0000, 0x0000, 0x0000, 0x0000, 0x0000, 0x0000, 0x0000, 0x0000,
  0x0000, 0x0000, 0x0000, 0x0000, 0x0000, 0x0000, 0x0000, 0x0000, 0x0000, 0x0000, 0x0000, 0x0000, 0x0000, 0x0000, 0x0000, 0x0000,
  0x0000, 0x0000, 0x0000, 0x0000, 0x0000, 0x0000, 0x0000, 0x0000, 0x0000, 0x0000, 0x0000, 0x0000, 0x0000, 0x0000, 0x0000, 0x0000,
  0x0000, 0x0000, 0x0000, 0x0000, 0x0000, 0x0000, 0x0000, 0x0000, 0x0000, 0x0000, 0x0000, 0x0000, 0x0000, 0x0000, 0x0000, 0x0000,
  0x0000, 0x0000, 0x0000, 0x0000, 0x0000, 0x0000, 0x0000, 0x0000, 0x0000, 0x0000, 0x0000, 0x0000, 0x0000, 0x0000, 0x0000, 0x0000,
  0x0000, 0x0000, 0x0000, 0x0000, 0x0000, 0x0000, 0x0000, 0x0000, 0x0000, 0x0000, 0x0000, 0x0000, 0x0000, 0x0000, 0x0000, 0x0000,
  0x0000, 0x0000, 0x0000, 0x0000, 0x0000, 0x0000, 0x0000, 0x0000, 0x0000, 0x0000, 0x0000, 0x0000, 0x0000, 0x0000, 0x0000, 0x0000,
  0x0000, 0x0000, 0x0000, 0x0000, 0x2000, 0x2000, 0x2000, 0x2000, 0x2000, 0x2000, 0x2000, 0x2000, 0x2000, 0x2000, 0x2008, 0x4008,
  0x2000, 0x2000, 0x2000, 0x2000, 0x2000, 0x2000, 0x2000, 0x2000, 0x2000, 0x2000, 0x2000, 0x2000, 0x2000, 0x2000, 0x2008, 0x2000,
  0x2000, 0x2000, 0x2000, 0x2000, 0x2000, 0x2000, 0x2000, 0x2000, 0x2000, 0x2000, 0x2000, 0x2000, 0x2000, 0x2000, 0x2000, 0x2000,
  0x2000, 0x2000, 0x2000, 0x2000, 0x2008, 0x0000, 0x0000, 0x0000, 0x0000, 0x0000, 0x0000, 0x0000, 0x0000, 0x2000, 0x2000, 0x2000,
  0x2000, 0x2000, 0x2000, 0x0000, 0x0000, 0x0008, 0x0008, 0x2000, 0x2008, 0x0018, 0x0010, 0x0000, 0x0000, 0x0008, 0x0018, 0x0040,
  0x0038, 0x0008, 0x0000, 0x0000, 0x0000, 0x0000, 0x0000, 0x0000, 0x0000, 0x0000, 0x0000, 0x0000, 0x0000, 0x0000, 0x0000, 0x0000,
  0x0000, 0x0000, 0x0000, 0x0000, 0x0000, 0x0000, 0x0000, 0x0000, 0x0000, 0x0000, 0x0000, 0x0000, 0x0000, 0x0000, 0x0008, 0x0010,
  0x0000, 0x0000, 0x0008, 0x0010, 0x0000, 0x0000, 0x0000, 0x0008, 0x0000, 0x0000, 0x0000, 0x0000, 0x0000, 0x0000, 0x0000, 0x0000,
  0x0000, 0x0000, 0x0000, 0x0000, 0x0000, 0x0000, 0x0000, 0x0000, 0x0000, 0x0000, 0x0000, 0x0000, 0x0000, 0x0000, 0x0000, 0x0000,
  0x0000, 0x0000, 0x0000, 0x0000, 0x0000, 0x0000, 0x0000, 0x0000, 0x0000, 0x0000, 0x0000, 0x0000, 0x0000, 0x0000, 0x0000, 0x0000,
  0x0000, 0x0000, 0x2000, 0x0000, 0x0000, 0x0000, 0x0000, 0x0000, 0x0000, 0x0000, 0x0000, 0x0000, 0x0000, 0x0000, 0x0000, 0x0000,
  0x2000, 0x0000, 0x0000, 0x0000, 0x0000, 0x2000, 0x0000, 0x0000, 0x0000, 0x0000, 0x0000, 0x0000, 0x0000, 0x0000, 0x0000, 0x0000,
  0x0000, 0x0000, 0x0000, 0x0000, 0x0000, 0x0000, 0x0000, 0x0000, 0x0000, 0x0000, 0x0000, 0x0000, 0x0000, 0x0000, 0x0000, 0x0000,
  0x0000, 0x0000, 0x0000, 0x0000, 0x0000, 0x0000, 0x0000, 0x0000, 0x0000, 0x0000, 0x0000, 0x0000, 0x0000, 0x0000, 0x0000, 0x0000,
  0x0000, 0x0000, 0x0000, 0x0000, 0x0000, 0x0000, 0x0000, 0x0000, 0x0000, 0x0000, 0x0000, 0x0000, 0x0000, 0x0000, 0x0000, 0x0000,
  0x0000, 0x0000, 0x0000, 0x0000, 0x0000, 0x0000, 0x0000, 0x0000, 0x0000, 0x0000, 0x0000, 0x0000, 0x0000, 0x0000, 0x0000, 0x0000,
  0x0000, 0x0000, 0x0000, 0x0000, 0x0000, 0x0000, 0x0000, 0x0000, 0x0000, 0x0000, 0x0000, 0x0000, 0x0000, 0x0000, 0x0000, 0x0000,
  0x0000, 0x0000, 0x0000, 0x0000, 0x0000, 0x0000, 0x0000, 0x0000, 0x0000, 0x0000, 0x0000, 0x0000, 0x0000, 0x0000, 0x0000, 0x0000,
  0x0000, 0x0000, 0x0000, 0x0000, 0x0000, 0x0000, 0x0000, 0x0000, 0x0000, 0x0000, 0x0000, 0x0000, 0x0000, 0x0000, 0x0000, 0x0000,
  0x0000, 0x0000, 0x0000, 0x0000, 0x0000, 0x0000, 0x0000, 0x0000, 0x0000, 0x0000, 0x0000, 0x0000, 0x0000, 0x0000, 0x0000, 0x0000,
  0x0000, 0x2000, 0x2000, 0x2000, 0x2000, 0x2000, 0x2000, 0x2000, 0x2000, 0x2000, 0x2000, 0x2000, 0x2000, 0x4008, 0x2008, 0x2000,
  0x2008, 0x2000, 0x4008, 0x2000, 0x2000, 0x2000, 0x2000, 0x2000, 0x2000, 0x2000, 0x2000, 0x2000, 0x2000, 0x2000, 0x2000, 0x2000,
  0x2000, 0x2000, 0x2000, 0x2000, 0x2000, 0x2000, 0x2000, 0x2000, 0x2000, 0x2000, 0x2000, 0x2000, 0x2000, 0x2000, 0x2000, 0x2000,
  0x2000, 0x2000, 0x2000, 0x2008, 0x0000, 0x0000, 0x0000, 0x0000, 0x0000, 0x0000, 0x2000, 0x2000, 0x2000, 0x2000, 0x2000, 0x2000,
  0x2000, 0x2000, 0x2000, 0x0000, 0x0008, 0x2000, 0x2000, 0x2010, 0x0020, 0x0008, 0x0000, 0x0000, 0x0008, 0x0020, 0x0048, 0x0028,
  0x0000, 0x0000, 0x0000, 0x0000, 0x0000, 0x0000, 0x0000, 0x0000, 0x0000, 0x0000, 0x0000, 0x0000, 0x0000, 0x0000, 0x0000, 0x0000,
  0x0000, 0x0000, 0x0000, 0x0000, 0x0000, 0x0000, 0x0000, 0x0000, 0x0000, 0x0000, 0x0000, 0x0000, 0x0000, 0x0008, 0x0010, 0x0000,
  0x0000, 0x0018, 0x0010, 0x0000, 0x0000, 0x0000, 0x0008, 0x0000, 0x0000, 0x0000, 0x0000, 0x0008, 0x0000, 0x0000, 0x0000, 0x0000,
  0x0000, 0x0000, 0x0000, 0x0000, 0x0000, 0x0000, 0x0000, 0x0000, 0x0000, 0x0000, 0x0000, 0x0000, 0x0000, 0x0000, 0x0000, 0x0000,
  0x0000, 0x0000, 0x0000, 0x2000, 0x0000, 0x0000, 0x0000, 0x0000, 0x0000, 0x0000, 0x0000, 0x0000, 0x0000, 0x0000, 0x0000, 0x0000,
  0x0000, 0x2000, 0x0000, 0x0000, 0x0000, 0x0000, 0x0000, 0x0000, 0x0000, 0x0000, 0x0000, 0x0000, 0x0000, 0x0000, 0x0000, 0x2000,
  0x0000, 0x0000, 0x0000, 0x0000, 0x0000, 0x0000, 0x0000, 0x0000, 0x0000, 0x0000, 0x0000, 0x0000, 0x0000, 0x0000, 0x2000, 0x0000,
  0x0000, 0x0000, 0x0000, 0x0000, 0x0000, 0x0000, 0x0000, 0x0000, 0x0000, 0x0000, 0x0000, 0x0000, 0x2000, 0x0000, 0x0000, 0x0000,
  0x0000, 0x0000, 0x0000, 0x0000, 0x0000, 0x0000, 0x0000, 0x0000, 0x0000, 0x0000, 0x0000, 0x0000, 0x0000, 0x0000, 0x0000, 0x0000,
  0x0000, 0x0000, 0x0000, 0x0000, 0x0000, 0x0000, 0x0000, 0x0000, 0x0000, 0x0000, 0x0000, 0x0000, 0x0000, 0x0000, 0x0000, 0x0000,
  0x0000, 0x0000, 0x0000, 0x0000, 0x0000, 0x0000, 0x0000, 0x0000, 0x0000, 0x0000, 0x0000, 0x0000, 0x0000, 0x0000, 0x0000, 0x0000,
  0x0000, 0x0000, 0x0000, 0x0000, 0x0000, 0x0000, 0x0000, 0x0000, 0x0000, 0x0000, 0x0000, 0x0000, 0x0000, 0x0000, 0x0000, 0x0000,
  0x0000, 0x0000, 0x0000, 0x0000, 0x0000, 0x0000, 0x0000, 0x0000, 0x0000, 0x0000, 0x0000, 0x0000, 0x0000, 0x0000, 0x0000, 0x0000,
  0x0000, 0x0000, 0x0000, 0x0000, 0x0000, 0x0000, 0x0000, 0x0000, 0x0000, 0x0000, 0x0000, 0x0000, 0x0000, 0x0000, 0x0000, 0x0000,
  0x0000, 0x0000, 0x0000, 0x0000, 0x0000, 0x0000, 0x0000, 0x0000, 0x0000, 0x0000, 0x0000, 0x0000, 0x2000, 0x2000, 0x2000, 0x2000,
  0x2000, 0x2000, 0x2000, 0x2000, 0x2000, 0x2000, 0x2000, 0x2008, 0x2000, 0x2000, 0x2008, 0x2000, 0x4000, 0x4008, 0x2008, 0x2000,
  0x2008, 0x2000, 0x2000, 0x2000, 0x2000, 0x2000, 0x2000, 0x2000, 0x2000, 0x2000, 0x2000, 0x2000, 0x2000, 0x2000, 0x2000, 0x2000,
  0x2000, 0x2000, 0x2000, 0x2000, 0x2000, 0x2000, 0x2000, 0x2000, 0x2000, 0x2000, 0x2000, 0x2000, 0x2000, 0x2000, 0x2000, 0x2000,
  0x2000, 0x2008, 0x0000, 0x0000, 0x0000, 0x0000, 0x0000, 0x0000, 0x0000, 0x2000, 0x2000, 0x2000, 0x2000, 0x2000, 0x2000, 0x2000,
  0x2000, 0x2000, 0x2008, 0x2008, 0x2000, 0x2000, 0x0018, 0x2018, 0x2000, 0x0000, 0x0000, 0x0018, 0x0038, 0x0048, 0x0018, 0x0000,
  0x0000, 0x0000, 0x0000, 0x0000, 0x0000, 0x0000, 0x0000, 0x0000, 0x0000, 0x0000, 0x0000, 0x0000, 0x0000, 0x0000, 0x0000, 0x0000,
  0x0000, 0x0000, 0x0000, 0x0000, 0x0000, 0x0000, 0x0000, 0x0000, 0x0000, 0x0000, 0x0000, 0x0000, 0x0008, 0x0008, 0x0000, 0x0008,
  0x0020, 0x0008, 0x0000, 0x0000, 0x0008, 0x0008, 0x0000, 0x0000, 0x0000, 0x0000, 0x0000, 0x0000, 0x0000, 0x0000, 0x0000, 0x0000,
  0x0000, 0x0000, 0x0000, 0x0000, 0x0000, 0x0000, 0x0000, 0x0000, 0x0000, 0x0000, 0x0000, 0x2000, 0x0000, 0x0000, 0x0000, 0x0000,
  0x0000, 0x0000, 0x2000, 0x2000, 0x0000, 0x0000, 0x0000, 0x0000, 0x0000, 0x0000, 0x2000, 0x0000, 0x0000, 0x0000, 0x0000, 0x0000,
  0x0000, 0x2000, 0x0000, 0x0000, 0x0000, 0x0000, 0x0000, 0x0000, 0x2000, 0x0000, 0x0000, 0x0000, 0x0000, 0x0000, 0x0000, 0x2000,
  0x0000, 0x0000, 0x0000, 0x0000, 0x0000, 0x0000, 0x0000, 0x0000, 0x0000, 0x0000, 0x0000, 0x0000, 0x0000, 0x2000, 0x0000, 0x0000,
  0x0000, 0x0000, 0x0000, 0x0000, 0x0000, 0x0000, 0x0000, 0x0000, 0x0000, 0x0000, 0x0000, 0x2000, 0x0000, 0x0000, 0x0000, 0x0000,
  0x0000, 0x0000, 0x0000, 0x2000, 0x0000, 0x0000, 0x0000, 0x0000, 0x0000, 0x0000, 0x2000, 0x0000, 0x0000, 0x0000, 0x0000, 0x0000,
  0x0000, 0x2000, 0x0000, 0x0000, 0x0000, 0x0000, 0x0000, 0x0000, 0x0000, 0x0000, 0x0000, 0x0000, 0x0000, 0x0000, 0x0000, 0x0000,
  0x0000, 0x0000, 0x0000, 0x0000, 0x0000, 0x0000, 0x0000, 0x0000, 0x0000, 0x0000, 0x0000, 0x0000, 0x0000, 0x0000, 0x0000, 0x0000,
  0x0000, 0x0000, 0x0000, 0x0000, 0x0000, 0x0000, 0x0000, 0x0000, 0x0000, 0x0000, 0x0000, 0x0000, 0x0000, 0x0000, 0x0000, 0x0000,
  0x0000, 0x0000, 0x0000, 0x0000, 0x0000, 0x0000, 0x0000, 0x0000, 0x0000, 0x0000, 0x0000, 0x0000, 0x0000, 0x0000, 0x0000, 0x0000,
  0x0000, 0x0000, 0x0000, 0x0000, 0x0000, 0x0000, 0x0000, 0x0000, 0x0000, 0x0000, 0x0000, 0x0000, 0x0000, 0x0000, 0x0000, 0x0000,
  0x0000, 0x0000, 0x0000, 0x0000, 0x0000, 0x0000, 0x0000, 0x0000, 0x2000, 0x0000, 0x2000, 0x2000, 0x2000, 0x2000, 0x2000, 0x2000,
  0x2000, 0x2000, 0x2000, 0x2000, 0x2000, 0x2000, 0x2000, 0x2000, 0x2008, 0x2008, 0x2000, 0x2008, 0x2008, 0x2008, 0x2000, 0x2000,
  0x2000, 0x2008, 0x2000, 0x2000, 0x2000, 0x2000, 0x2000, 0x2000, 0x2000, 0x2000, 0x2000, 0x2000, 0x2000, 0x2000, 0x2000, 0x2000,
  0x2000, 0x2000, 0x2000, 0x2000, 0x2000, 0x2000, 0x2000, 0x2000, 0x2000, 0x2000, 0x2000, 0x2000, 0x2000, 0x2000, 0x2000, 0x4008,
  0x2008, 0x0000, 0x0000, 0x0000, 0x0000, 0x0000, 0x0000, 0x2000, 0x2000, 0x2000, 0x2000, 0x2000, 0x2000, 0x2000, 0x2000, 0x2000,
  0x2000, 0x2008, 0x2008, 0x2000, 0x2008, 0x2020, 0x2010, 0x0000, 0x0000, 0x0008, 0x0020, 0x0040, 0x0040, 0x0008, 0x0000, 0x0000,
  0x0000, 0x0000, 0x0000, 0x0000, 0x0000, 0x0000, 0x0000, 0x0000, 0x0000, 0x0000, 0x0000, 0x0000, 0x0000, 0x0000, 0x0000, 0x0000,
  0x0000, 0x0000, 0x0000, 0x0000, 0x0000, 0x0000, 0x0000, 0x0000, 0x0000, 0x0000, 0x0000, 0x0010, 0x0000, 0x0000, 0x0010, 0x0020,
  0x0000, 0x0000, 0x0000, 0x0008, 0x0008, 0x0000, 0x0000, 0x0000, 0x0008, 0x0000, 0x0000, 0x0000, 0x0000, 0x0000, 0x0000, 0x0000,
  0x0000, 0x0000, 0x0000, 0x0000, 0x0000, 0x0000, 0x0000, 0x0000, 0x0000, 0x0000, 0x0000, 0x0000, 0x2000, 0x0000, 0x0000, 0x0000,
  0x0000, 0x0000, 0x2000, 0x0000, 0x0000, 0x0000, 0x0000, 0x0000, 0x0000, 0x0000, 0x2000, 0x0000, 0x0000, 0x0000, 0x0000, 0x0000,
  0x2000, 0x0000, 0x0000, 0x0000, 0x0000, 0x0000, 0x0000, 0x0000, 0x2000, 0x2000, 0x0000, 0x0000, 0x0000, 0x0000, 0x2000, 0x2000,
  0x0000, 0x0000, 0x0000, 0x0000, 0x0000, 0x0000, 0x0000, 0x2000, 0x0000, 0x0000, 0x0000, 0x0000, 0x2000, 0x2000, 0x0000, 0x0000,
  0x0000, 0x0000, 0x0000, 0x0000, 0x0000, 0x2000, 0x0000, 0x0000, 0x0000, 0x0000, 0x0000, 0x2000, 0x0000, 0x0000, 0x0000, 0x0000,
  0x0000, 0x0000, 0x0000, 0x2000, 0x0000, 0x0000, 0x0000, 0x0000, 0x0000, 0x2000, 0x0000, 0x0000, 0x0000, 0x0000, 0x0000, 0x0000,
  0x0000, 0x0000, 0x0000, 0x0000, 0x0000, 0x0000, 0x0000, 0x0000, 0x0000, 0x0000, 0x0000, 0x0000, 0x0000, 0x0000, 0x0000, 0x0000,
  0x0000, 0x0000, 0x0000, 0x0000, 0x0000, 0x0000, 0x0000, 0x0000, 0x0000, 0x0000, 0x0000, 0x0000, 0x0000, 0x0000, 0x0000, 0x0000,
  0x0000, 0x0000, 0x0000, 0x0000, 0x0000, 0x0000, 0x0000, 0x0000, 0x0000, 0x0000, 0x0000, 0x0000, 0x0000, 0x0000, 0x0000, 0x0000,
  0x0000, 0x0000, 0x0000, 0x0000, 0x0000, 0x0000, 0x0000, 0x0000, 0x0000, 0x0000, 0x0000, 0x0000, 0x0000, 0x0000, 0x0000, 0x0000,
  0x0000, 0x0000, 0x0000, 0x0000, 0x0000, 0x0000, 0x0000, 0x0000, 0x0000, 0x0000, 0x0000, 0x0000, 0x0000, 0x0000, 0x0000, 0x0000,
  0x0000, 0x0000, 0x0000, 0x0000, 0x0000, 0x0000, 0x0000, 0x2000, 0x2000, 0x2000, 0x2000, 0x2000, 0x2000, 0x2000, 0x2000, 0x2000,
  0x2000, 0x2000, 0x2000, 0x2000, 0x2000, 0x2000, 0x2000, 0x2000, 0x2000, 0x4000, 0x2008, 0x2000, 0x2008, 0x2008, 0x2000, 0x4008,
  0x2000, 0x2008, 0x2000, 0x2008, 0x2000, 0x2000, 0x2000, 0x2000, 0x2008, 0x2000, 0x2000, 0x2000, 0x2000, 0x2000, 0x2000, 0x2000,
  0x2000, 0x2000, 0x2000, 0x2000, 0x2000, 0x2000, 0x2000, 0x2000, 0x2000, 0x2000, 0x2000, 0x2000, 0x2000, 0x2000, 0x2008, 0x2008,
  0x0000, 0x0000, 0x0000, 0x0000, 0x0000, 0x0000, 0x2000, 0x2000, 0x2000, 0x2000, 0x2000, 0x2000, 0x2000, 0x2000, 0x2000, 0x2008,
  0x0008, 0x2000, 0x2000, 0x2010, 0x0018, 0x2008, 0x0000, 0x0000, 0x0018, 0x0028, 0x0048, 0x0030, 0x0000, 0x0000, 0x0000, 0x0000,
  0x0000, 0x0000, 0x0000, 0x0000, 0x0000, 0x0000, 0x0000, 0x0000, 0x0000, 0x0000, 0x0000, 0x0000, 0x0000, 0x0000, 0x0000, 0x0000,
  0x0000, 0x0000, 0x0000, 0x0000, 0x0000, 0x0000, 0x0000, 0x0000, 0x0000, 0x0008, 0x0010, 0x0000, 0x0000, 0x0018, 0x0018, 0x0000,
  0x0000, 0x0000, 0x0008, 0x0000, 0x0000, 0x0000, 0x0000, 0x0008, 0x0000, 0x0000, 0x0000, 0x0000, 0x0000, 0x0000, 0x0000, 0x0000,
  0x0000, 0x0000, 0x0000, 0x2000, 0x0000, 0x0000, 0x0000, 0x0000, 0x0000, 0x0000, 0x0000, 0x0000, 0x2000, 0x4008, 0x2000, 0x2000,
  0x2000, 0x4108, 0x2000, 0x0000, 0x0000, 0x0000, 0x0000, 0x0000, 0x0000, 0x0000, 0x2000, 0x4108, 0x2000, 0x2000, 0x2000, 0x4108,
  0x2000, 0x0000, 0x0000, 0x0000, 0x0000, 0x0000, 0x0000, 0x0000, 0x0000, 0x4008, 0x2000, 0x2000, 0x2000, 0x2000, 0x2000, 0x0000,
  0x0000, 0x0000, 0x0000, 0x0000, 0x0000, 0x0000, 0x0000, 0x2000, 0x2000, 0x2000, 0x2000, 0x2000, 0x2000, 0x0000, 0x0000, 0x0000,
  0x0000, 0x0000, 0x0000, 0x0000, 0x0000, 0x2000, 0x2000, 0x2000, 0x2000, 0x2000, 0x2000, 0x0000, 0x0000, 0x0000, 0x0000, 0x0000,
  0x0000, 0x0000, 0x0000, 0x0000, 0x2000, 0x2000, 0x2000, 0x2000, 0x2000, 0x0000, 0x0000, 0x0000, 0x0000, 0x0000, 0x0000, 0x0000,
  0x0000, 0x0000, 0x2000, 0x0000, 0x0000, 0x0000, 0x0000, 0x0000, 0x0000, 0x2000, 0x2000, 0x2000, 0x2000, 0x2000, 0x0000, 0x0000,
  0x0000, 0x0000, 0x0000, 0x0000, 0x0000, 0x0000, 0x0000, 0x0000, 0x2000, 0x2000, 0x0000, 0x0000, 0x0000, 0x0000, 0x0000, 0x0000,
  0x0000, 0x0000, 0x0000, 0x0000, 0x0000, 0x0000, 0x0000, 0x0000, 0x0000, 0x0000, 0x0000, 0x0000, 0x0000, 0x0000, 0x0000, 0x0000,
  0x0000, 0x0000, 0x0000, 0x0000, 0x0000, 0x0000, 0x0000, 0x0000, 0x0000, 0x0000, 0x0000, 0x0000, 0x0000, 0x0000, 0x0000, 0x0000,
  0x0000, 0x0000, 0x0000, 0x0000, 0x0000, 0x0000, 0x0000, 0x0000, 0x0000, 0x0000, 0x0000, 0x0000, 0x0000, 0x0000, 0x0000, 0x0000,
  0x0000, 0x0000, 0x2000, 0x0000, 0x0000, 0x2000, 0x2000, 0x2000, 0x2000, 0x2000, 0x2000, 0x2000, 0x2000, 0x2000, 0x2000, 0x2000,
  0x2000, 0x2000, 0x2000, 0x2000, 0x2000, 0x2000, 0x2000, 0x4000, 0x4000, 0x4000, 0x2008, 0x2000, 0x4108, 0x2000, 0x2000, 0x2000,
  0x2000, 0x2008, 0x2000, 0x2000, 0x2000, 0x2000, 0x2000, 0x2000, 0x2000, 0x2000, 0x2000, 0x2000, 0x2000, 0x2000, 0x2000, 0x2000,
  0x2000, 0x2000, 0x2000, 0x2000, 0x2000, 0x2000, 0x2000, 0x2000, 0x2000, 0x2000, 0x2000, 0x2000, 0x2000, 0x2008, 0x0008, 0x0000,
  0x0000, 0x0000, 0x0000, 0x0000, 0x0000, 0x2000, 0x2000, 0x2000, 0x2000, 0x2000, 0x2000, 0x2000, 0x2000, 0x2000, 0x2008, 0x2008,
  0x2000, 0x2000, 0x2018, 0x2018, 0x0000, 0x0000, 0x0008, 0x0020, 0x0040, 0x0050, 0x0018, 0x0000, 0x0000, 0x0000, 0x0000, 0x0000,
  0x0000, 0x0000, 0x0000, 0x0000, 0x0000, 0x0000, 0x0000, 0x0000, 0x0000, 0x0000, 0x0000, 0x0000, 0x0000, 0x0000, 0x0000, 0x0000,
  0x0000, 0x0000, 0x0000, 0x0000, 0x0000, 0x0000, 0x0000, 0x0000, 0x0008, 0x0008, 0x0000, 0x0008, 0x0020, 0x0010, 0x0000, 0x0000,
  0x0008, 0x0010, 0x0000, 0x0000, 0x0000, 0x0008, 0x0008, 0x0000, 0x0000, 0x0000, 0x0000, 0x0000, 0x0000, 0x0000, 0x0000, 0x0000,
  0x0000, 0x0000, 0x0000, 0x2000, 0x2000, 0x0000, 0x0000, 0x0000, 0x0000, 0x0000, 0x0000, 0x0000, 0x4008, 0x0000, 0x2000, 0x0000,
  0x2000, 0x2000, 0x4008, 0x0000, 0x0000, 0x0000, 0x0000, 0x0000, 0x0000, 0x0000, 0x2000, 0x2000, 0x0000, 0x0000, 0x0000, 0x0000,
  0x2000, 0x0000, 0x0000, 0x0000, 0x0000, 0x0000, 0x0000, 0x0000, 0x2000, 0x2000, 0x0000, 0x2000, 0x0000, 0x0000, 0x2000, 0x2000,
  0x0000, 0x0000, 0x0000, 0x0000, 0x0000, 0x0000, 0x0000, 0x2000, 0x0000, 0x2000, 0x0000, 0x0000, 0x2000, 0x2000, 0x0000, 0x0000,
  0x0000, 0x0000, 0x0000, 0x0000, 0x0000, 0x2000, 0x0000, 0x0000, 0x0000, 0x0000, 0x0000, 0x2000, 0x0000, 0x0000, 0x0000, 0x0000,
  0x0000, 0x0000, 0x0000, 0x2000, 0x0000, 0x0000, 0x0000, 0x0000, 0x0000, 0x0000, 0x2000, 0x0000, 0x0000, 0x0000, 0x0000, 0x0000,
  0x0000, 0x0000, 0x0000, 0x0000, 0x0000, 0x0000, 0x0000, 0x0000, 0x0000, 0x0000, 0x0000, 0x0000, 0x0000, 0x0000, 0x0000, 0x0000,
  0x0000, 0x0000, 0x0000, 0x0000, 0x0000, 0x0000, 0x0000, 0x0000, 0x0000, 0x0000, 0x0000, 0x0000, 0x0000, 0x0000, 0x0000, 0x0000,
  0x0000, 0x0000, 0x0000, 0x0000, 0x0000, 0x0000, 0x0000, 0x0000, 0x0000, 0x0000, 0x0000, 0x0000, 0x0000, 0x0000, 0x0000, 0x0000,
  0x0000, 0x0000, 0x0000, 0x0000, 0x0000, 0x0000, 0x0000, 0x0000, 0x0000, 0x0000, 0x0000, 0x0000, 0x0000, 0x0000, 0x0000, 0x0000,
  0x0000, 0x0000, 0x0000, 0x0000, 0x0000, 0x0000, 0x0000, 0x0000, 0x0000, 0x0000, 0x0000, 0x0000, 0x0000, 0x0000, 0x0000, 0x0000,
  0x2000, 0x2000, 0x2000, 0x2000, 0x2000, 0x2000, 0x2000, 0x2000, 0x2000, 0x2000, 0x2000, 0x2000, 0x2000, 0x2000, 0x2000, 0x2000,
  0x2000, 0x2000, 0x2000, 0x2000, 0x2000, 0x2000, 0x2008, 0x2008, 0x2008, 0x4008, 0x4000, 0x2008, 0x2000, 0x2000, 0x2000, 0x2008,
  0x2008, 0x4008, 0x2000, 0x2000, 0x2000, 0x2000, 0x2000, 0x2000, 0x2000, 0x2000, 0x2000, 0x2000, 0x2000, 0x2000, 0x2000, 0x2000,
  0x2000, 0x2000, 0x2108, 0x2108, 0x2008, 0x4108, 0x4108, 0x4108, 0x4108, 0x4108, 0x4100, 0x4108, 0x2008, 0x0000, 0x0000, 0x0000,
  0x0000, 0x0000, 0x0000, 0x2000, 0x2000, 0x2000, 0x2000, 0x2000, 0x2000, 0x2000, 0x2000, 0x2000, 0x2000, 0x2008, 0x2008, 0x2000,
  0x2008, 0x2020, 0x2010, 0x0000, 0x0000, 0x0018, 0x0030, 0x0050, 0x0048, 0x0008, 0x0000, 0x0000, 0x0000, 0x0000, 0x0000, 0x0000,
  0x0000, 0x0000, 0x0000, 0x0000, 0x0000, 0x0000, 0x0000, 0x0000, 0x0000, 0x0000, 0x0000, 0x0000, 0x0000, 0x0000, 0x0000, 0x0000,
  0x0000, 0x0000, 0x0000, 0x0000, 0x0000, 0x0000, 0x0000, 0x0010, 0x0008, 0x0000, 0x0010, 0x0020, 0x0000, 0x0000, 0x0000, 0x0010,
  0x0008, 0x0000, 0x0000, 0x0000, 0x0010, 0x0008, 0x0000, 0x0000, 0x0000, 0x0000, 0x0000, 0x0000, 0x0000, 0x0000, 0x0000, 0x0000,
  0x0000, 0x0000, 0x0000, 0x0000, 0x2000, 0x0000, 0x0000, 0x0000, 0x0000, 0x0000, 0x0000, 0x2000, 0x2000, 0x0000, 0x2000, 0x2000,
  0x2000, 0x0000, 0x2000, 0x2000, 0x0000, 0x0000, 0x0000, 0x2000, 0x0000, 0x0000, 0x4108, 0x0000, 0x2000, 0x2000, 0x2000, 0x0000,
  0x2000, 0x2000, 0x0000, 0x0000, 0x0000, 0x0000, 0x0000, 0x0000, 0x4000, 0x0000, 0x0000, 0x0000, 0x0000, 0x0000, 0x0000, 0x2000,
  0x0000, 0x0000, 0x0000, 0x0000, 0x0000, 0x0000, 0x2000, 0x2000, 0x0000, 0x0000, 0x0000, 0x0000, 0x0000, 0x2000, 0x0000, 0x0000,
  0x0000, 0x0000, 0x0000, 0x0000, 0x2000, 0x2000, 0x0000, 0x0000, 0x0000, 0x0000, 0x0000, 0x2000, 0x0000, 0x0000, 0x0000, 0x0000,
  0x0000, 0x0000, 0x2000, 0x2000, 0x0000, 0x0000, 0x0000, 0x0000, 0x0000, 0x2000, 0x2000, 0x0000, 0x0000, 0x0000, 0x0000, 0x0000,
  0x0000, 0x2000, 0x0000, 0x0000, 0x0000, 0x0000, 0x0000, 0x0000, 0x2000, 0x0000, 0x0000, 0x0000, 0x0000, 0x0000, 0x0000, 0x0000,
  0x0000, 0x0000, 0x0000, 0x0000, 0x0000, 0x0000, 0x0000, 0x0000, 0x0000, 0x0000, 0x0000, 0x0000, 0x0000, 0x0000, 0x0000, 0x0000,
  0x0000, 0x0000, 0x0000, 0x0000, 0x0000, 0x0000, 0x0000, 0x0000, 0x0000, 0x0000, 0x0000, 0x0000, 0x0000, 0x0000, 0x0000, 0x0000,
  0x0000, 0x0000, 0x0000, 0x0000, 0x0000, 0x0000, 0x0000, 0x0000, 0x0000, 0x0000, 0x0000, 0x0000, 0x0000, 0x0000, 0x0000, 0x0000,
  0x0000, 0x0000, 0x0000, 0x0000, 0x0000, 0x0000, 0x0000, 0x0000, 0x0000, 0x0000, 0x0000, 0x0000, 0x0000, 0x0000, 0x0000, 0x0000,
  0x2000, 0x2000, 0x2000, 0x2000, 0x2000, 0x2000, 0x2000, 0x2000, 0x2000, 0x2000, 0x2000, 0x2000, 0x2000, 0x2000, 0x2000, 0x2000,
  0x2000, 0x2000, 0x2000, 0x2000, 0x2000, 0x2000, 0x2000, 0x2000, 0x2000, 0x2000, 0x4108, 0x2008, 0x2000, 0x2000, 0x2000, 0x2000,
  0x2000, 0x2000, 0x2000, 0x2000, 0x2000, 0x2000, 0x2000, 0x2000, 0x2000, 0x2000, 0x2000, 0x2108, 0x2008, 0x4108, 0x4108, 0x4108,
  0x4108, 0x4108, 0x4108, 0x4108, 0x4108, 0x4108, 0x4108, 0x4108, 0x4108, 0x4108, 0x4108, 0x2008, 0x0000, 0x0000, 0x0000, 0x0000,
  0x0000, 0x2000, 0x2000, 0x2000, 0x2000, 0x2008, 0x2000, 0x2000, 0x2000, 0x2000, 0x4000, 0x4008, 0x2008, 0x2000, 0x4000, 0x2010,
  0x2018, 0x2000, 0x0000, 0x0008, 0x0028, 0x0040, 0x2060, 0x0038, 0x0000, 0x0000, 0x0000, 0x0000, 0x0000, 0x0000, 0x0000, 0x0000,
  0x0000, 0x0000, 0x0000, 0x0000, 0x0000, 0x0000, 0x0000, 0x0000, 0x0000, 0x0000, 0x0000, 0x0000, 0x0000, 0x0000, 0x0000, 0x0000,
  0x0000, 0x0000, 0x0000, 0x0000, 0x0000, 0x0000, 0x0010, 0x0000, 0x0000, 0x0020, 0x0018, 0x0000, 0x0000, 0x0008, 0x0010, 0x0008,
  0x0000, 0x0000, 0x0000, 0x0010, 0x0008, 0x0000, 0x0000, 0x0000, 0x0000, 0x0000, 0x0000, 0x0000, 0x0000, 0x0000, 0x0000, 0x0000,
  0x0000, 0x0000, 0x0000, 0x0000, 0x2000, 0x2000, 0x0000, 0x0000, 0x0000, 0x0000, 0x0000, 0x4108, 0x0000, 0x0000, 0x0000, 0x0000,
  0x0000, 0x0000, 0x2000, 0x4108, 0x0000, 0x0000, 0x0000, 0x0000, 0x0000, 0x4008, 0x2000, 0x0000, 0x0000, 0x0000, 0x0000, 0x0000,
  0x0000, 0x4108, 0x0000, 0x0000, 0x0000, 0x0000, 0x0000, 0x2000, 0x2000, 0x0000, 0x2000, 0x2000, 0x2000, 0x0000, 0x0000, 0x2000,
  0x2000, 0x0000, 0x0000, 0x0000, 0x0000, 0x0000, 0x2008, 0x0000, 0x0000, 0x2000, 0x0000, 0x0000, 0x0000, 0x2000, 0x2000, 0x0000,
  0x0000, 0x0000, 0x0000, 0x0000, 0x2000, 0x0000, 0x0000, 0x0000, 0x0000, 0x0000, 0x0000, 0x2000, 0x2000, 0x0000, 0x0000, 0x0000,
  0x0000, 0x0000, 0x2000, 0x0000, 0x0000, 0x0000, 0x0000, 0x0000, 0x0000, 0x0000, 0x2000, 0x0000, 0x0000, 0x0000, 0x0000, 0x0000,
  0x2000, 0x2000, 0x0000, 0x0000, 0x0000, 0x0000, 0x0000, 0x0000, 0x0000, 0x0000, 0x0000, 0x0000, 0x0000, 0x0000, 0x0000, 0x0000,
  0x0000, 0x0000, 0x0000, 0x0000, 0x0000, 0x2000, 0x0000, 0x0000, 0x0000, 0x0000, 0x0000, 0x0000, 0x0000, 0x0000, 0x0000, 0x0000,
  0x0000, 0x0000, 0x0000, 0x0000, 0x0000, 0x0000, 0x0000, 0x0000, 0x0000, 0x0000, 0x0000, 0x0000, 0x0000, 0x0000, 0x0000, 0x0000,
  0x0000, 0x0000, 0x0000, 0x0000, 0x0000, 0x0000, 0x0000, 0x0000, 0x0000, 0x0000, 0x0000, 0x0000, 0x0000, 0x0000, 0x0000, 0x0000,
  0x0000, 0x0000, 0x0000, 0x0000, 0x0000, 0x0000, 0x0000, 0x0000, 0x0000, 0x0000, 0x0000, 0x0000, 0x0000, 0x0000, 0x0000, 0x0000,
  0x2000, 0x2000, 0x2000, 0x2000, 0x2000, 0x2000, 0x2000, 0x2000, 0x2000, 0x2000, 0x2000, 0x2000, 0x2000, 0x2008, 0x2000, 0x2000,
  0x2000, 0x2000, 0x4000, 0x2000, 0x2000, 0x2000, 0x2000, 0x2000, 0x2000, 0x2008, 0x4008, 0x2000, 0x2008, 0x2000, 0x2000, 0x4000,
  0x2000, 0x2000, 0x2000, 0x2000, 0x4008, 0x4108, 0x4108, 0x4108, 0x4108, 0x4108, 0x4108, 0x4108, 0x4108, 0x4108, 0x4108, 0x4108,
  0x4108, 0x4108, 0x4108, 0x4108, 0x4108, 0x4108, 0x4108, 0x4108, 0x6108, 0x4108, 0x0008, 0x0000, 0x0000, 0x0000, 0x0000, 0x2000,
  0x2000, 0x2000, 0x2000, 0x2000, 0x2000, 0x2000, 0x2008, 0x2000, 0x2000, 0x4100, 0x4008, 0x4008, 0x4100, 0x2008, 0x2018, 0x4010,
  0x2000, 0x0000, 0x0020, 0x0038, 0x0050, 0x0068, 0x0028, 0x0000, 0x0000, 0x0000, 0x0000, 0x0000, 0x0000, 0x0000, 0x0000, 0x0000,
  0x0000, 0x0000, 0x0000, 0x0000, 0x0000, 0x0000, 0x0000, 0x0000, 0x2000, 0x2000, 0x0000, 0x0000, 0x0000, 0x0000, 0x0000, 0x0000,
  0x0000, 0x0000, 0x0000, 0x0000, 0x0008, 0x0008, 0x0000, 0x0008, 0x0020, 0x0010, 0x0000, 0x0000, 0x0008, 0x0010, 0x0000, 0x0000,
  0x0000, 0x0010, 0x0010, 0x0000, 0x0000, 0x0000, 0x0000, 0x0000, 0x0000, 0x0000, 0x0000, 0x0000, 0x0000, 0x0000, 0x0000, 0x0000,
  0x0000, 0x0000, 0x0000, 0x0000, 0x0000, 0x4008, 0x2000, 0x2000, 0x2000, 0x2000, 0x4108, 0x2000, 0x0000, 0x0000, 0x0000, 0x0000,
  0x2000, 0x2000, 0x0000, 0x4008, 0x4108, 0x2000, 0x2000, 0x2000, 0x4108, 0x4108, 0x0000, 0x2000, 0x0000, 0x0000, 0x0000, 0x2000,
  0x0000, 0x2000, 0x4108, 0x2000, 0x2000, 0x2000, 0x2000, 0x4108, 0x0000, 0x2000, 0x2000, 0x0000, 0x2000, 0x0000, 0x2000, 0x2000,
  0x4008, 0x2000, 0x2000, 0x2000, 0x2000, 0x2000, 0x0000, 0x0000, 0x0000, 0x0000, 0x2000, 0x2000, 0x0000, 0x0000, 0x2000, 0x2000,
  0x2000, 0x2000, 0x2000, 0x2000, 0x2000, 0x0000, 0x0000, 0x0000, 0x0000, 0x0000, 0x0000, 0x0000, 0x2000, 0x2000, 0x2000, 0x2000,
  0x2000, 0x2000, 0x2000, 0x0000, 0x0000, 0x0000, 0x0000, 0x0000, 0x0000, 0x0000, 0x2000, 0x2000, 0x0000, 0x0000, 0x0000, 0x0000,
  0x2000, 0x0000, 0x0000, 0x0000, 0x0000, 0x0000, 0x0000, 0x0000, 0x0000, 0x0000, 0x0000, 0x0000, 0x0000, 0x0000, 0x0000, 0x0000,
  0x0000, 0x0000, 0x0000, 0x0000, 0x2000, 0x0000, 0x0000, 0x0000, 0x0000, 0x0000, 0x0000, 0x0000, 0x0000, 0x0000, 0x0000, 0x2000,
  0x0000, 0x0000, 0x0000, 0x0000, 0x0000, 0x0000, 0x0000, 0x0000, 0x0000, 0x0000, 0x0000, 0x0000, 0x0000, 0x0000, 0x0000, 0x0000,
  0x0000, 0x0000, 0x0000, 0x0000, 0x0000, 0x0000, 0x0000, 0x0000, 0x0000, 0x0000, 0x0000, 0x0000, 0x0000, 0x0000, 0x0000, 0x0000,
  0x0000, 0x0000, 0x0000, 0x0000, 0x0000, 0x0000, 0x0000, 0x0000, 0x0000, 0x0000, 0x0000, 0x0000, 0x0000, 0x0000, 0x0000, 0x0000,
  0x2000, 0x2000, 0x2000, 0x2000, 0x2000, 0x2000, 0x2000, 0x2000, 0x2000, 0x2000, 0x2000, 0x2000, 0x2008, 0x4008, 0x2008, 0x2000,
  0x2000, 0x4008, 0x2000, 0x2000, 0x2000, 0x2000, 0x2000, 0x2000, 0x2000, 0x2008, 0x2008, 0x2000, 0x2000, 0x2000, 0x2000, 0x4000,
  0x4108, 0x4108, 0x4108, 0x4108, 0x4108, 0x4108, 0x4108, 0x4108, 0x4108, 0x4108, 0x4108, 0x4108, 0x4108, 0x4108, 0x4108, 0x4108,
  0x4108, 0x4108, 0x4108, 0x4108, 0x4108, 0x4108, 0x4108, 0x4108, 0x2010, 0x0000, 0x0000, 0x0000, 0x0000, 0x0000, 0x2000, 0x2000,
  0x4108, 0x4008, 0x2000, 0x4008, 0x2000, 0x2008, 0x2008, 0x2000, 0x4008, 0x2008, 0x2008, 0x4100, 0x2010, 0x2018, 0x2008, 0x0000,
  0x0008, 0x0038, 0x0048, 0x0058, 0x2058, 0x0010, 0x0000, 0x0000, 0x0000, 0x0000, 0x0000, 0x0000, 0x0000, 0x0000, 0x2000, 0x0000,
  0x0000, 0x0000, 0x0000, 0x0000, 0x0000, 0x0000, 0x0000, 0x0000, 0x0000, 0x0000, 0x0000, 0x0000, 0x0000, 0x0000, 0x0000, 0x2000,
  0x2000, 0x2000, 0x0000, 0x0010, 0x0008, 0x0000, 0x0010, 0x0020, 0x0000, 0x0000, 0x0000, 0x0010, 0x0010, 0x0000, 0x0000, 0x0000,
  0x0010, 0x0010, 0x0000, 0x0000, 0x0000, 0x0000, 0x0000, 0x0000, 0x0000, 0x0000, 0x0000, 0x0000, 0x2000, 0x0000, 0x0000, 0x0000,
  0x0000, 0x0000, 0x0000, 0x0000, 0x0000, 0x4108, 0x2000, 0x2000, 0x2000, 0x2000, 0x4108, 0x2000, 0x0000, 0x2000, 0x0000, 0x0000,
  0x0000, 0x2000, 0x0000, 0x4108, 0x2000, 0x2000, 0x2000, 0x2000, 0x2000, 0x4108, 0x0000, 0x2000, 0x0000, 0x0000, 0x0000, 0x2000,
  0x0000, 0x2000, 0x4108, 0x2000, 0x2000, 0x2000, 0x2000, 0x4108, 0x2000, 0x2000, 0x2000, 0x2000, 0x0000, 0x2000, 0x0000, 0x2000,
  0x4108, 0x2000, 0x2000, 0x2000, 0x2000, 0x2000, 0x2000, 0x0000, 0x0000, 0x0000, 0x0000, 0x0000, 0x0000, 0x0000, 0x4108, 0x2000,
  0x2000, 0x2000, 0x2000, 0x2000, 0x2000, 0x0000, 0x0000, 0x0000, 0x0000, 0x0000, 0x2000, 0x0000, 0x2000, 0x2000, 0x2000, 0x2000,
  0x2000, 0x2000, 0x2000, 0x0000, 0x0000, 0x0000, 0x0000, 0x0000, 0x0000, 0x0000, 0x2000, 0x2000, 0x2000, 0x2000, 0x2000, 0x2000,
  0x2000, 0x2000, 0x0000, 0x0000, 0x0000, 0x0000, 0x0000, 0x0000, 0x0000, 0x0000, 0x0000, 0x0000, 0x0000, 0x0000, 0x0000, 0x2000,
  0x0000, 0x2000, 0x2000, 0x2000, 0x2000, 0x0000, 0x0000, 0x0000, 0x0000, 0x0000, 0x0000, 0x0000, 0x0000, 0x0000, 0x0000, 0x0000,
  0x0000, 0x0000, 0x0000, 0x0000, 0x0000, 0x0000, 0x0000, 0x0000, 0x0000, 0x0000, 0x0000, 0x0000, 0x0000, 0x0000, 0x0000, 0x0000,
  0x0000, 0x0000, 0x0000, 0x0000, 0x0000, 0x0000, 0x0000, 0x0000, 0x0000, 0x0000, 0x0000, 0x0000, 0x0000, 0x0000, 0x0000, 0x0000,
  0x0000, 0x0000, 0x0000, 0x0000, 0x0000, 0x0000, 0x0000, 0x0000, 0x0000, 0x0000, 0x0000, 0x0000, 0x0000, 0x0000, 0x0000, 0x0000,
  0x2000, 0x2000, 0x2000, 0x2000, 0x2000, 0x2000, 0x2000, 0x2000, 0x2000, 0x2000, 0x2000, 0x2000, 0x2000, 0x2000, 0x2000, 0x2000,
  0x2008, 0x2000, 0x2000, 0x2008, 0x2000, 0x2008, 0x2008, 0x2000, 0x4008, 0x4108, 0x2008, 0x4108, 0x4108, 0x4108, 0x4108, 0x4108,
  0x4108, 0x4108, 0x4108, 0x4108, 0x4108, 0x4108, 0x4108, 0x4108, 0x4108, 0x4108, 0x4108, 0x4108, 0x4108, 0x4108, 0x4108, 0x4108,
  0x4108, 0x4108, 0x4108, 0x4108, 0x4108, 0x4108, 0x4108, 0x0008, 0x0000, 0x0000, 0x0000, 0x0000, 0x2000, 0x2000, 0x4108, 0x4008,
  0x4108, 0x4008, 0x4108, 0x4000, 0x4008, 0x2108, 0x4108, 0x4108, 0x2008, 0x2000, 0x4000, 0x2018, 0x2018, 0x2000, 0x0000, 0x0018,
  0x0048, 0x0058, 0x2068, 0x0048, 0x0000, 0x0000, 0x0000, 0x0000, 0x0000, 0x0000, 0x0000, 0x0000, 0x0000, 0x0000, 0x2000, 0x0000,
  0x0000, 0x0000, 0x0000, 0x0000, 0x0000, 0x0000, 0x0000, 0x0000, 0x0000, 0x0000, 0x0000, 0x0000, 0x0000, 0x0000, 0x0000, 0x2000,
  0x2000, 0x2008, 0x0010, 0x0000, 0x0000, 0x0018, 0x0018, 0x0000, 0x0000, 0x0008, 0x0018, 0x0008, 0x0000, 0x0000, 0x0008, 0x0018,
  0x0008, 0x0000, 0x0000, 0x0000, 0x0000, 0x0000, 0x0000, 0x0000, 0x0000, 0x0000, 0x0000, 0x0000, 0x0000, 0x2000, 0x0000, 0x0000,
  0x0000, 0x0000, 0x0000, 0x0000, 0x2000, 0x4108, 0x0000, 0x0000, 0x0000, 0x0000, 0x0000, 0x4108, 0x0000, 0x0000, 0x0000, 0x0000,
  0x2000, 0x2000, 0x2000, 0x4108, 0x0000, 0x0000, 0x0000, 0x0000, 0x0000, 0x4108, 0x2000, 0x0000, 0x0000, 0x0000, 0x0000, 0x2000,
  0x0000, 0x6108, 0x0000, 0x0000, 0x0000, 0x0000, 0x0000, 0x2000, 0x4000, 0x0000, 0x2000, 0x2000, 0x0000, 0x2000, 0x0000, 0x4108,
  0x2000, 0x0000, 0x0000, 0x0000, 0x0000, 0x2000, 0x4000, 0x0000, 0x2000, 0x2000, 0x0000, 0x2000, 0x0000, 0x2000, 0x4008, 0x0000,
  0x2000, 0x0000, 0x2000, 0x2000, 0x2000, 0x0000, 0x0000, 0x0000, 0x0000, 0x0000, 0x0000, 0x2000, 0x2008, 0x0000, 0x2000, 0x0000,
  0x0000, 0x0000, 0x2000, 0x0000, 0x0000, 0x0000, 0x0000, 0x0000, 0x0000, 0x0000, 0x2000, 0x0000, 0x0000, 0x0000, 0x0000, 0x0000,
  0x2000, 0x2000, 0x0000, 0x0000, 0x0000, 0x0000, 0x0000, 0x0000, 0x0000, 0x0000, 0x0000, 0x0000, 0x0000, 0x0000, 0x0000, 0x2000,
  0x0000, 0x0000, 0x0000, 0x0000, 0x0000, 0x0000, 0x0000, 0x0000, 0x0000, 0x0000, 0x0000, 0x0000, 0x0000, 0x2000, 0x0000, 0x0000,
  0x0000, 0x0000, 0x0000, 0x0000, 0x0000, 0x0000, 0x0000, 0x0000, 0x0000, 0x0000, 0x0000, 0x0000, 0x0000, 0x0000, 0x0000, 0x0000,
  0x0000, 0x0000, 0x0000, 0x0000, 0x0000, 0x0000, 0x0000, 0x0000, 0x0000, 0x0000, 0x0000, 0x0000, 0x0000, 0x0000, 0x0000, 0x0000,
  0x0000, 0x0000, 0x0000, 0x0000, 0x0000, 0x0000, 0x0000, 0x0000, 0x0000, 0x0000, 0x0000, 0x0000, 0x0000, 0x0000, 0x0000, 0x0000,
  0x2000, 0x2000, 0x2000, 0x2000, 0x2000, 0x2000, 0x2000, 0x2000, 0x2000, 0x2000, 0x2000, 0x2000, 0x2000, 0x2000, 0x2000, 0x2000,
  0x2000, 0x2000, 0x2000, 0x2008, 0x2008, 0x4008, 0x4008, 0x4108, 0x4108, 0x4108, 0x4108, 0x4108, 0x4108, 0x4108, 0x4108, 0x4108,
  0x4108, 0x4108, 0x4108, 0x4108, 0x4108, 0x4108, 0x4108, 0x4108, 0x4108, 0x4108, 0x4108, 0x4108, 0x4108, 0x4108, 0x4108, 0x4108,
  0x4108, 0x4108, 0x4108, 0x6108, 0x6108, 0x2010, 0x0008, 0x0000, 0x0000, 0x0000, 0x0000, 0x2000, 0x2008, 0x4108, 0x4108, 0x4108,
  0x4108, 0x2008, 0x4108, 0x4008, 0x2000, 0x4008, 0x4008, 0x4108, 0x4100, 0x2008, 0x2018, 0x4110, 0x2000, 0x0000, 0x0030, 0x0050,
  0x0060, 0x2070, 0x0028, 0x0000, 0x0000, 0x0000, 0x0000, 0x0000, 0x0000, 0x0000, 0x0000, 0x0000, 0x0000, 0x0000, 0x0000, 0x0000,
  0x0000, 0x0000, 0x0000, 0x0000, 0x0000, 0x0000, 0x0000, 0x0000, 0x0000, 0x0000, 0x0000, 0x0000, 0x0000, 0x0000, 0x2000, 0x0000,
  0x2010, 0x0010, 0x0000, 0x0008, 0x0020, 0x0010, 0x0000, 0x0000, 0x0010, 0x0018, 0x2000, 0x2000, 0x0000, 0x0010, 0x0018, 0x0000,
  0x0000, 0x0000, 0x0000, 0x0000, 0x0000, 0x0000, 0x0000, 0x0000, 0x0000, 0x0000, 0x0000, 0x0000, 0x0000, 0x2000, 0x0000, 0x0000,
  0x0000, 0x0000, 0x0000, 0x0000, 0x6108, 0x0000, 0x0000, 0x2000, 0x2000, 0x0000, 0x0000, 0x2008, 0x2000, 0x0000, 0x2000, 0x2000,
  0x2000, 0x0000, 0x6108, 0x2000, 0x0000, 0x0000, 0x0000, 0x0000, 0x0000, 0x2000, 0x4108, 0x0000, 0x2000, 0x2000, 0x2000, 0x0000,
  0x4108, 0x4108, 0x0000, 0x2000, 0x0000, 0x2000, 0x0000, 0x0000, 0x4108, 0x2000, 0x2000, 0x2000, 0x2000, 0x2000, 0x2000, 0x4108,
  0x0000, 0x2000, 0x0000, 0x0000, 0x0000, 0x0000, 0x4108, 0x2000, 0x2000, 0x0000, 0x0000, 0x0000, 0x0000, 0x4108, 0x2000, 0x2000,
  0x2000, 0x2000, 0x2000, 0x2000, 0x2000, 0x2000, 0x0000, 0x0000, 0x2000, 0x2000, 0x0000, 0x4108, 0x2000, 0x2000, 0x2000, 0x2000,
  0x2000, 0x0000, 0x2000, 0x2000, 0x0000, 0x2000, 0x0000, 0x0000, 0x0000, 0x2000, 0x2000, 0x0000, 0x0000, 0x0000, 0x0000, 0x0000,
  0x0000, 0x2000, 0x0000, 0x0000, 0x0000, 0x0000, 0x0000, 0x0000, 0x2000, 0x0000, 0x0000, 0x0000, 0x0000, 0x0000, 0x2000, 0x0000,
  0x0000, 0x0000, 0x0000, 0x0000, 0x0000, 0x0000, 0x0000, 0x0000, 0x0000, 0x0000, 0x0000, 0x0000, 0x2000, 0x0000, 0x0000, 0x0000,
  0x0000, 0x0000, 0x0000, 0x0000, 0x0000, 0x0000, 0x0000, 0x0000, 0x0000, 0x0000, 0x0000, 0x0000, 0x0000, 0x0000, 0x0000, 0x0000,
  0x0000, 0x0000, 0x0000, 0x0000, 0x0000, 0x0000, 0x0000, 0x0000, 0x0000, 0x0000, 0x0000, 0x0000, 0x0000, 0x0000, 0x0000, 0x0000,
  0x0000, 0x0000, 0x0000, 0x0000, 0x0000, 0x0000, 0x0000, 0x0000, 0x0000, 0x0000, 0x0000, 0x0000, 0x0000, 0x0000, 0x0000, 0x0000,
  0x2000, 0x2000, 0x2000, 0x2000, 0x2000, 0x2000, 0x2000, 0x2000, 0x2000, 0x2000, 0x2000, 0x2000, 0x2000, 0x2000, 0x2000, 0x2008,
  0x2008, 0x2008, 0x4108, 0x4108, 0x4108, 0x4108, 0x4108, 0x4108, 0x4108, 0x4108, 0x4108, 0x4108, 0x4108, 0x4108, 0x4108, 0x4108,
  0x4108, 0x4108, 0x4108, 0x4108, 0x4108, 0x4108, 0x4108, 0x4108, 0x4108, 0x4108, 0x4108, 0x4108, 0x4108, 0x4108, 0x4108, 0x4108,
  0x4108, 0x4108, 0x6108, 0x6110, 0x2010, 0x0000, 0x0000, 0x0000, 0x0000, 0x0000, 0x2000, 0x2000, 0x4108, 0x4108, 0x4008, 0x4108,
  0x4108, 0x4108, 0x4108, 0x4100, 0x2008, 0x2008, 0x2008, 0x4100, 0x2110, 0x2118, 0x4108, 0x0000, 0x0010, 0x0048, 0x0058, 0x2068,
  0x2168, 0x0010, 0x0000, 0x0000, 0x0000, 0x0000, 0x2000, 0x0000, 0x0000, 0x0000, 0x0000, 0x0000, 0x0000, 0x0000, 0x0000, 0x0000,
  0x0000, 0x0000, 0x0000, 0x0000, 0x0000, 0x0000, 0x0000, 0x0000, 0x0000, 0x0000, 0x0000, 0x0000, 0x0000, 0x0000, 0x0000, 0x0010,
  0x0010, 0x0000, 0x0018, 0x0028, 0x0008, 0x0000, 0x0000, 0x0018, 0x0010, 0x2000, 0x2000, 0x0000, 0x0018, 0x0010, 0x0000, 0x0000,
  0x0000, 0x0000, 0x0000, 0x0000, 0x0000, 0x0000, 0x0000, 0x0000, 0x0000, 0x0000, 0x0000, 0x0000, 0x2000, 0x2000, 0x2000, 0x0000,
  0x2000, 0x2000, 0x0000, 0x4108, 0x4108, 0x0000, 0x2000, 0x2000, 0x0000, 0x2000, 0x0000, 0x2000, 0x4108, 0x2000, 0x2000, 0x2000,
  0x2000, 0x4108, 0x6108, 0x0000, 0x0000, 0x0000, 0x0000, 0x0000, 0x0000, 0x0000, 0x4108, 0x2000, 0x2000, 0x2000, 0x2000, 0x2000,
  0x6108, 0x2000, 0x0000, 0x0000, 0x0000, 0x2000, 0x2000, 0x0000, 0x2008, 0x4108, 0x2000, 0x2000, 0x2000, 0x2000, 0x4108, 0x2000,
  0x0000, 0x0000, 0x0000, 0x2000, 0x2000, 0x0000, 0x2000, 0x4108, 0x0000, 0x2000, 0x2000, 0x0000, 0x4108, 0x2108, 0x2000, 0x2000,
  0x2000, 0x2000, 0x2000, 0x2000, 0x2000, 0x4008, 0x0000, 0x2000, 0x2000, 0x2000, 0x2000, 0x2000, 0x0000, 0x2000, 0x2000, 0x0000,
  0x2000, 0x2000, 0x2000, 0x2000, 0x0000, 0x2000, 0x2000, 0x2000, 0x2000, 0x2008, 0x0000, 0x0000, 0x0000, 0x0000, 0x0000, 0x0000,
  0x0000, 0x2000, 0x0000, 0x0000, 0x0000, 0x0000, 0x0000, 0x0000, 0x0000, 0x2000, 0x0000, 0x0000, 0x0000, 0x0000, 0x2000, 0x0000,
  0x0000, 0x0000, 0x0000, 0x0000, 0x0000, 0x0000, 0x2000, 0x0000, 0x0000, 0x0000, 0x0000, 0x0000, 0x2000, 0x0000, 0x0000, 0x0000,
  0x0000, 0x0000, 0x0000, 0x0000, 0x0000, 0x0000, 0x0000, 0x0000, 0x0000, 0x0000, 0x0000, 0x0000, 0x0000, 0x0000, 0x0000, 0x0000,
  0x0000, 0x0000, 0x0000, 0x0000, 0x0000, 0x0000, 0x0000, 0x0000, 0x0000, 0x0000, 0x0000, 0x0000, 0x0000, 0x0000, 0x0000, 0x0000,
  0x0000, 0x0000, 0x0000, 0x0000, 0x0000, 0x0000, 0x0000, 0x0000, 0x0000, 0x0000, 0x0000, 0x0000, 0x0000, 0x0000, 0x0000, 0x0000,
  0x2000, 0x2000, 0x2000, 0x2000, 0x2000, 0x2000, 0x2000, 0x2000, 0x2000, 0x2000, 0x2000, 0x2000, 0x2000, 0x2000, 0x4108, 0x4108,
  0x4108, 0x4108, 0x4108, 0x4108, 0x4108, 0x4108, 0x4108, 0x4108, 0x4108, 0x4108, 0x4108, 0x4108, 0x4108, 0x4108, 0x4108, 0x4108,
  0x6108, 0x4108, 0x4108, 0x6108, 0x4108, 0x4108, 0x4108, 0x4108, 0x4108, 0x4108, 0x4108, 0x4108, 0x6108, 0x6108, 0x6108, 0x6108,
  0x6108, 0x6108, 0x4118, 0x0008, 0x0000, 0x0000, 0x0000, 0x0000, 0x2000, 0x2008, 0x4108, 0x4108, 0x4108, 0x4108, 0x4008, 0x4008,
  0x4108, 0x4108, 0x2000, 0x4008, 0x2008, 0x4100, 0x4008, 0x2018, 0x4110, 0x2000, 0x0000, 0x0028, 0x0060, 0x0068, 0x4180, 0x4150,
  0x0000, 0x0000, 0x0000, 0x0000, 0x2000, 0x2000, 0x2000, 0x2000, 0x0000, 0x0000, 0x0000, 0x0000, 0x0000, 0x0000, 0x0000, 0x0000,
  0x0000, 0x0000, 0x0000, 0x0000, 0x0000, 0x0000, 0x0000, 0x0000, 0x0000, 0x0000, 0x0000, 0x2000, 0x0000, 0x0008, 0x0010, 0x0000,
  0x0000, 0x0020, 0x0020, 0x0000, 0x0000, 0x0008, 0x0020, 0x0008, 0x0000, 0x0000, 0x0008, 0x0020, 0x0008, 0x0000, 0x2008, 0x0000,
  0x0000, 0x0000, 0x0000, 0x0000, 0x0000, 0x2000, 0x0000, 0x0000, 0x0000, 0x0000, 0x0000, 0x0000, 0x2000, 0x0000, 0x4108, 0x4108,
  0x4108, 0x6108, 0x6108, 0x6108, 0x2000, 0x2000, 0x0000, 0x0000, 0x0000, 0x0000, 0x2000, 0x0000, 0x4108, 0x4108, 0x4108, 0x4108,
  0x4108, 0x6108, 0x2000, 0x0000, 0x2000, 0x0000, 0x0000, 0x0000, 0x0000, 0x0000, 0x2000, 0x6108, 0x4108, 0x6108, 0x4108, 0x4108,
  0x4108, 0x0000, 0x2000, 0x0000, 0x0000, 0x2000, 0x2000, 0x2000, 0x2000, 0x6108, 0x4108, 0x4108, 0x4108, 0x4108, 0x4108, 0x0000,
  0x2000, 0x0000, 0x2000, 0x2000, 0x0000, 0x0000, 0x0000, 0x4108, 0x4108, 0x4108, 0x4108, 0x4108, 0x4108, 0x2000, 0x2000, 0x2000,
  0x2000, 0x2000, 0x2000, 0x2000, 0x0000, 0x2008, 0x4108, 0x4108, 0x4108, 0x4108, 0x4108, 0x0000, 0x0000, 0x2000, 0x0000, 0x2000,
  0x2000, 0x2000, 0x0000, 0x2000, 0x2000, 0x2000, 0x2000, 0x2000, 0x2000, 0x2000, 0x0000, 0x0000, 0x0000, 0x0000, 0x0000, 0x0000,
  0x0000, 0x2000, 0x4008, 0x2000, 0x2000, 0x2000, 0x2000, 0x0000, 0x0000, 0x2000, 0x2000, 0x2000, 0x2000, 0x2000, 0x0000, 0x0000,
  0x0000, 0x0000, 0x0000, 0x0000, 0x0000, 0x0000, 0x2000, 0x2000, 0x2000, 0x2000, 0x2000, 0x2000, 0x0000, 0x0000, 0x0000, 0x0000,
  0x0000, 0x0000, 0x0000, 0x0000, 0x0000, 0x0000, 0x2000, 0x2000, 0x0000, 0x2000, 0x0000, 0x0000, 0x0000, 0x0000, 0x0000, 0x0000,
  0x0000, 0x0000, 0x0000, 0x0000, 0x0000, 0x0000, 0x0000, 0x0000, 0x0000, 0x0000, 0x0000, 0x0000, 0x0000, 0x0000, 0x0000, 0x0000,
  0x0000, 0x0000, 0x0000, 0x0000, 0x0000, 0x0000, 0x0000, 0x0000, 0x0000, 0x0000, 0x0000, 0x0000, 0x0000, 0x0000, 0x0000, 0x0000,
  0x2000, 0x2000, 0x2000, 0x2000, 0x2000, 0x2000, 0x2000, 0x2000, 0x2000, 0x2000, 0x2000, 0x2000, 0x2008, 0x4108, 0x4108, 0x4108,
  0x4108, 0x4108, 0x4108, 0x4108, 0x4108, 0x4108, 0x4108, 0x4108, 0x4108, 0x4108, 0x4108, 0x4108, 0x6108, 0x4108, 0x6108, 0x6108,
  0x4108, 0x6108, 0x6108, 0x4108, 0x4108, 0x4108, 0x4108, 0x4108, 0x4108, 0x4108, 0x6108, 0x6108, 0x6108, 0x6108, 0x6108, 0x6108,
  0x6110, 0x2010, 0x0000, 0x0000, 0x0000, 0x0000, 0x2000, 0x2000, 0x4108, 0x4108, 0x4108, 0x4108, 0x4108, 0x4008, 0x2008, 0x4108,
  0x4108, 0x4108, 0x4108, 0x4108, 0x4100, 0x4108, 0x4118, 0x4110, 0x2000, 0x0008, 0x0048, 0x0068, 0x0068, 0x4178, 0x2030, 0x0000,
  0x0000, 0x0000, 0x2000, 0x2000, 0x2000, 0x0000, 0x0000, 0x0000, 0x0000, 0x0000, 0x0000, 0x2000, 0x2000, 0x0000, 0x0000, 0x0000,
  0x0000, 0x0000, 0x0000, 0x0000, 0x0000, 0x0000, 0x0000, 0x0000, 0x0000, 0x0000, 0x2000, 0x2000, 0x0010, 0x0010, 0x0000, 0x0010,
  0x0028, 0x0010, 0x0000, 0x0000, 0x0010, 0x0020, 0x0000, 0x0000, 0x0000, 0x0010, 0x0018, 0x0000, 0x0000, 0x2000, 0x0000, 0x0000,
  0x0000, 0x0000, 0x0000, 0x0000, 0x0000, 0x0000, 0x2000, 0x0000, 0x2000, 0x0000, 0x0000, 0x2000, 0x0000, 0x2000, 0x4108, 0x0000,
  0x2000, 0x2000, 0x2000, 0x2000, 0x4108, 0x0000, 0x0000, 0x0000, 0x0000, 0x2000, 0x0000, 0x2000, 0x6108, 0x0000, 0x0000, 0x0000,
  0x0000, 0x0000, 0x6108, 0x0000, 0x2000, 0x2000, 0x0000, 0x0000, 0x0000, 0x0000, 0x6108, 0x2000, 0x2000, 0x2000, 0x2000, 0x0000,
  0x4108, 0x2000, 0x0000, 0x0000, 0x0000, 0x0000, 0x2000, 0x0000, 0x4108, 0x4108, 0x0000, 0x0000, 0x0000, 0x0000, 0x2000, 0x2000,
  0x0000, 0x2000, 0x2000, 0x2000, 0x2000, 0x0000, 0x2000, 0x4108, 0x0000, 0x2000, 0x2000, 0x2000, 0x2000, 0x4108, 0x2000, 0x2000,
  0x2000, 0x2000, 0x2000, 0x2000, 0x2000, 0x4108, 0x2000, 0x2000, 0x2000, 0x2000, 0x2000, 0x2000, 0x0000, 0x2000, 0x0000, 0x0000,
  0x0000, 0x2000, 0x0000, 0x4108, 0x0000, 0x2000, 0x0000, 0x2000, 0x0000, 0x2000, 0x0000, 0x2000, 0x0000, 0x0000, 0x0000, 0x0000,
  0x0000, 0x2000, 0x2000, 0x2000, 0x2000, 0x0000, 0x0000, 0x2000, 0x2000, 0x2000, 0x0000, 0x0000, 0x0000, 0x0000, 0x2000, 0x0000,
  0x0000, 0x0000, 0x0000, 0x0000, 0x0000, 0x0000, 0x2000, 0x0000, 0x0000, 0x0000, 0x0000, 0x0000, 0x2000, 0x0000, 0x0000, 0x0000,
  0x0000, 0x0000, 0x0000, 0x0000, 0x0000, 0x0000, 0x0000, 0x0000, 0x0000, 0x0000, 0x0000, 0x0000, 0x0000, 0x0000, 0x0000, 0x0000,
  0x0000, 0x0000, 0x0000, 0x0000, 0x0000, 0x0000, 0x0000, 0x0000, 0x0000, 0x0000, 0x0000, 0x0000, 0x0000, 0x0000, 0x0000, 0x0000,
  0x0000, 0x0000, 0x0000, 0x0000, 0x0000, 0x0000, 0x0000, 0x0000, 0x0000, 0x0000, 0x0000, 0x0000, 0x0000, 0x0000, 0x0000, 0x0000,
  0x2000, 0x2000, 0x2000, 0x2000, 0x2000, 0x2000, 0x2000, 0x2000, 0x4108, 0x4108, 0x4108, 0x2008, 0x4108, 0x4108, 0x4108, 0x4108,
  0x4108, 0x4108, 0x4108, 0x4108, 0x4108, 0x4108, 0x4108, 0x4108, 0x4108, 0x4108, 0x4108, 0x6108, 0x6108, 0x6108, 0x6108, 0x6108,
  0x6108, 0x6108, 0x6108, 0x4108, 0x4108, 0x6108, 0x6108, 0x6108, 0x6108, 0x6108, 0x6108, 0x6108, 0x6108, 0x6108, 0x8208, 0x4118,
  0x2010, 0x0000, 0x0000, 0x0000, 0x0000, 0x2000, 0x4108, 0x4108, 0x4108, 0x4108, 0x4108, 0x4108, 0x4108, 0x4108, 0x4108, 0x4108,
  0x4108, 0x4108, 0x4108, 0x4108, 0x4110, 0x4118, 0x4108, 0x0000, 0x0020, 0x0060, 0x0070, 0x2080, 0x6178, 0x2018, 0x0000, 0x0000,
  0x2000, 0x2000, 0x2000, 0x2000, 0x0000, 0x0000, 0x0000, 0x0000, 0x0000, 0x0000, 0x0000, 0x0000, 0x0000, 0x0000, 0x2000, 0x2000,
  0x2000, 0x2000, 0x2000, 0x2000, 0x0000, 0x0000, 0x0008, 0x0000, 0x0000, 0x2000, 0x2000, 0x0010, 0x2008, 0x2000, 0x0020, 0x0030,
  0x0008, 0x0000, 0x2000, 0x0020, 0x0018, 0x2000, 0x0000, 0x0000, 0x0020, 0x0018, 0x2000, 0x2008, 0x0000, 0x0000, 0x0000, 0x0000,
  0x0000, 0x0000, 0x0000, 0x0000, 0x0000, 0x0000, 0x2000, 0x2000, 0x2000, 0x0000, 0x2000, 0x2000, 0x0000, 0x6108, 0x2000, 0x2000,
  0x2000, 0x2000, 0x2000, 0x0000, 0x4108, 0x2000, 0x0000, 0x0000, 0x2000, 0x2000, 0x0000, 0x6108, 0x2000, 0x0000, 0x2000, 0x2000,
  0x2000, 0x0000, 0x4108, 0x4108, 0x0000, 0x2000, 0x0000, 0x0000, 0x0000, 0x2000, 0x4108, 0x0000, 0x2000, 0x2000, 0x2000, 0x2000,
  0x4108, 0x4108, 0x0000, 0x2000, 0x0000, 0x2000, 0x2000, 0x2000, 0x6108, 0x2000, 0x2000, 0x2000, 0x2000, 0x2000, 0x0000, 0x4108,
  0x2000, 0x2000, 0x2000, 0x2000, 0x2000, 0x0000, 0x4108, 0x2000, 0x2000, 0x2000, 0x2000, 0x2000, 0x0000, 0x4108, 0x2000, 0x2000,
  0x2000, 0x2000, 0x2000, 0x0000, 0x4108, 0x2000, 0x2000, 0x2000, 0x2000, 0x2000, 0x2000, 0x2008, 0x2000, 0x2000, 0x2000, 0x2000,
  0x2000, 0x0000, 0x2000, 0x2000, 0x2000, 0x2000, 0x2000, 0x2000, 0x0000, 0x2000, 0x2000, 0x0000, 0x2000, 0x2000, 0x2000, 0x0000,
  0x0000, 0x2008, 0x2000, 0x2000, 0x2000, 0x0000, 0x0000, 0x2000, 0x2000, 0x0000, 0x0000, 0x0000, 0x2000, 0x0000, 0x2000, 0x2000,
  0x2000, 0x2000, 0x2000, 0x2000, 0x0000, 0x2000, 0x2000, 0x0000, 0x0000, 0x0000, 0x0000, 0x0000, 0x0000, 0x0000, 0x0000, 0x0000,
  0x0000, 0x0000, 0x0000, 0x2000, 0x0000, 0x0000, 0x0000, 0x0000, 0x0000, 0x0000, 0x2000, 0x0000, 0x0000, 0x0000, 0x0000, 0x0000,
  0x0000, 0x0000, 0x0000, 0x0000, 0x0000, 0x0000, 0x0000, 0x0000, 0x0000, 0x0000, 0x0000, 0x0000, 0x0000, 0x0000, 0x0000, 0x0000,
  0x0000, 0x0000, 0x0000, 0x0000, 0x0000, 0x0000, 0x0000, 0x0000, 0x0000, 0x0000, 0x0000, 0x0000, 0x0000, 0x0000, 0x0000, 0x0000,
  0x2000, 0x2000, 0x2000, 0x2000, 0x2000, 0x2008, 0x4008, 0x4108, 0x4108, 0x4108, 0x4108, 0x4108, 0x4108, 0x4108, 0x4108, 0x4108,
  0x4108, 0x4108, 0x4108, 0x4108, 0x4108, 0x4108, 0x4108, 0x4108, 0x4108, 0x4108, 0x4108, 0x6108, 0x6108, 0x6108, 0x6108, 0x6108,
  0x6108, 0x6108, 0x6108, 0x6108, 0x6108, 0x6108, 0x6108, 0x6108, 0x6108, 0x6108, 0x6108, 0x6108, 0x6108, 0x6110, 0x2018, 0x0008,
  0x0000, 0x0000, 0x0000, 0x2000, 0x4108, 0x4108, 0x4108, 0x4108, 0x4108, 0x4108, 0x4108, 0x4108, 0x4108, 0x4108, 0x4108, 0x4108,
  0x4108, 0x4108, 0x4108, 0x4118, 0x4110, 0x2000, 0x0000, 0x0040, 0x0070, 0x0078, 0x4198, 0x6160, 0x0000, 0x0000, 0x2000, 0x2000,
  0x2000, 0x2000, 0x2000, 0x2000, 0x2000, 0x2000, 0x0000, 0x0000, 0x0000, 0x2000, 0x0000, 0x0000, 0x0000, 0x0000, 0x0000, 0x2000,
  0x2000, 0x2000, 0x2000, 0x2000, 0x2000, 0x2008, 0x2000, 0x2000, 0x2000, 0x0008, 0x0018, 0x2000, 0x0000, 0x0028, 0x0020, 0x0000,
  0x2000, 0x2010, 0x0028, 0x0010, 0x2000, 0x0000, 0x0008, 0x0020, 0x0010, 0x2000, 0x2000, 0x2000, 0x0000, 0x0000, 0x0000, 0x0000,
  0x0000, 0x0000, 0x0000, 0x0000, 0x0000, 0x0000, 0x2000, 0x4108, 0x0000, 0x2000, 0x2000, 0x0000, 0x2000, 0x4108, 0x2000, 0x2000,
  0x2000, 0x2000, 0x2000, 0x2000, 0x2000, 0x4108, 0x0000, 0x0000, 0x0000, 0x0000, 0x2000, 0x6108, 0x0000, 0x2000, 0x0000, 0x2000,
  0x2000, 0x2000, 0x2000, 0x6108, 0x0000, 0x0000, 0x0000, 0x0000, 0x0000, 0x6108, 0x2000, 0x2000, 0x2000, 0x2000, 0x2000, 0x2000,
  0x2000, 0x6108, 0x2000, 0x0000, 0x2000, 0x0000, 0x0000, 0x4108, 0x4108, 0x2000, 0x2000, 0x2000, 0x2000, 0x2000, 0x0000, 0x4108,
  0x4108, 0x0000, 0x2000, 0x0000, 0x0000, 0x4108, 0x4108, 0x2000, 0x2000, 0x2000, 0x2000, 0x2000, 0x2000, 0x2000, 0x4108, 0x2000,
  0x2000, 0x2000, 0x2000, 0x2000, 0x4108, 0x2000, 0x2000, 0x2000, 0x2000, 0x2000, 0x2000, 0x2000, 0x2008, 0x0000, 0x2000, 0x0000,
  0x2000, 0x0000, 0x4108, 0x2000, 0x0000, 0x2000, 0x2000, 0x0000, 0x0000, 0x0000, 0x2000, 0x0000, 0x0000, 0x0000, 0x2000, 0x0000,
  0x4108, 0x2000, 0x2000, 0x2000, 0x2000, 0x2000, 0x0000, 0x2000, 0x2000, 0x0000, 0x0000, 0x2000, 0x2000, 0x2000, 0x2000, 0x2000,
  0x0000, 0x2000, 0x2000, 0x2000, 0x2000, 0x2000, 0x0000, 0x0000, 0x0000, 0x0000, 0x0000, 0x0000, 0x0000, 0x2000, 0x0000, 0x0000,
  0x0000, 0x0000, 0x0000, 0x2000, 0x0000, 0x0000, 0x0000, 0x0000, 0x0000, 0x0000, 0x0000, 0x0000, 0x0000, 0x0000, 0x0000, 0x0000,
  0x0000, 0x2000, 0x0000, 0x0000, 0x0000, 0x0000, 0x0000, 0x0000, 0x0000, 0x0000, 0x0000, 0x0000, 0x0000, 0x0000, 0x0000, 0x0000,
  0x0000, 0x0000, 0x0000, 0x0000, 0x0000, 0x0000, 0x0000, 0x0000, 0x0000, 0x0000, 0x0000, 0x0000, 0x0000, 0x0000, 0x0000, 0x0000,
  0x2000, 0x2000, 0x2000, 0x2000, 0x2008, 0x4008, 0x4108, 0x4108, 0x4108, 0x4108, 0x4108, 0x4108, 0x4108, 0x4108, 0x4108, 0x4108,
  0x4108, 0x4108, 0x4108, 0x4108, 0x4108, 0x4108, 0x4108, 0x4108, 0x4108, 0x6108, 0x6108, 0x6108, 0x6108, 0x6108, 0x6108, 0x6108,
  0x6108, 0x6108, 0x6108, 0x6108, 0x6108, 0x6108, 0x6108, 0x6108, 0x6108, 0x6108, 0x6108, 0x8108, 0x6118, 0x0018, 0x0000, 0x0000,
  0x0000, 0x0000, 0x2000, 0x4108, 0x4108, 0x4108, 0x4108, 0x4108, 0x4108, 0x4108, 0x4108, 0x4108, 0x4108, 0x4108, 0x4108, 0x4108,
  0x6108, 0x4110, 0x4118, 0x4110, 0x2000, 0x0010, 0x0060, 0x0080, 0x0088, 0x6198, 0x4140, 0x0000, 0x0000, 0x2000, 0x2000, 0x2000,
  0x2000, 0x2000, 0x2000, 0x2000, 0x0000, 0x0000, 0x0000, 0x0000, 0x2000, 0x2000, 0x2000, 0x2000, 0x2000, 0x2000, 0x2000, 0x2000,
  0x0000, 0x0000, 0x2000, 0x2008, 0x0008, 0x2000, 0x2000, 0x2000, 0x0010, 0x0010, 0x0000, 0x2010, 0x0030, 0x0010, 0x2000, 0x2000,
  0x2018, 0x0020, 0x2008, 0x2000, 0x2000, 0x0018, 0x0028, 0x0008, 0x2000, 0x2008, 0x0000, 0x0000, 0x0000, 0x0000, 0x0000, 0x0000,
  0x0000, 0x0000, 0x0000, 0x0000, 0x2000, 0x2000, 0x2000, 0x6108, 0x4108, 0x4108, 0x4108, 0x4108, 0x6108, 0x2000, 0x2000, 0x2000,
  0x2000, 0x2000, 0x2000, 0x2000, 0x0000, 0x6108, 0x4108, 0x4108, 0x4108, 0x4108, 0x6108, 0x2000, 0x2000, 0x2000, 0x2000, 0x2000,
  0x2000, 0x2000, 0x0000, 0x4108, 0x6108, 0x4108, 0x4108, 0x4108, 0x6108, 0x6108, 0x2000, 0x2000, 0x2000, 0x2000, 0x2000, 0x2000,
  0x2000, 0x2000, 0x6108, 0x4108, 0x4108, 0x4108, 0x4108, 0x4108, 0x0000, 0x2000, 0x2000, 0x2000, 0x2000, 0x2000, 0x2000, 0x2000,
  0x6108, 0x4108, 0x4108, 0x4108, 0x4108, 0x6108, 0x2000, 0x2000, 0x2000, 0x2000, 0x2000, 0x2000, 0x2000, 0x2000, 0x4108, 0x4108,
  0x4108, 0x4108, 0x4108, 0x4108, 0x2000, 0x2000, 0x2000, 0x2000, 0x2000, 0x2000, 0x2000, 0x0000, 0x4108, 0x4108, 0x4108, 0x4108,
  0x2000, 0x4108, 0x2000, 0x2000, 0x2000, 0x2000, 0x2000, 0x0000, 0x2000, 0x0000, 0x2000, 0x4108, 0x2000, 0x2000, 0x2000, 0x2000,
  0x4108, 0x2000, 0x2000, 0x0000, 0x2000, 0x0000, 0x0000, 0x2000, 0x2000, 0x2000, 0x2000, 0x2000, 0x2000, 0x2000, 0x2000, 0x2000,
  0x2000, 0x2000, 0x2000, 0x2000, 0x2000, 0x2000, 0x0000, 0x0000, 0x0000, 0x0000, 0x0000, 0x0000, 0x0000, 0x2000, 0x2000, 0x2000,
  0x2000, 0x2000, 0x2000, 0x2000, 0x0000, 0x0000, 0x0000, 0x0000, 0x0000, 0x0000, 0x0000, 0x0000, 0x2000, 0x2000, 0x2000, 0x0000,
  0x2000, 0x2000, 0x0000, 0x0000, 0x0000, 0x0000, 0x0000, 0x0000, 0x0000, 0x0000, 0x0000, 0x0000, 0x0000, 0x0000, 0x0000, 0x0000,
  0x0000, 0x0000, 0x0000, 0x0000, 0x0000, 0x0000, 0x0000, 0x0000, 0x0000, 0x0000, 0x0000, 0x0000, 0x0000, 0x0000, 0x0000, 0x0000,
  0x2000, 0x2000, 0x2000, 0x4000, 0x2008, 0x4008, 0x2008, 0x4108, 0x4108, 0x4108, 0x4108, 0x4108, 0x4108, 0x4108, 0x4108, 0x4108,
  0x4108, 0x4108, 0x4108, 0x6108, 0x6108, 0x6108, 0x6108, 0x6108, 0x6108, 0x6108, 0x6108, 0x6108, 0x6108, 0x6108, 0x6108, 0x6108,
  0x6108, 0x6108, 0x6108, 0x6108, 0x6108, 0x6108, 0x6108, 0x6108, 0x6108, 0x6108, 0x6110, 0x4120, 0x0010, 0x0000, 0x0000, 0x0000,
  0x2000, 0x4008, 0x4108, 0x4108, 0x4108, 0x6108, 0x4108, 0x6108, 0x4108, 0x4108, 0x4108, 0x4108, 0x4108, 0x4108, 0x4108, 0x4100,
  0x4110, 0x4118, 0x4100, 0x0000, 0x0038, 0x0078, 0x0080, 0x0098, 0x6190, 0x2020, 0x0000, 0x0000, 0x2000, 0x2000, 0x2000, 0x2000,
  0x2000, 0x2000, 0x2000, 0x2000, 0x2000, 0x2000, 0x2000, 0x2000, 0x2000, 0x2000, 0x2000, 0x2000, 0x2000, 0x2000, 0x2000, 0x2000,
  0x2000, 0x0000, 0x0008, 0x0000, 0x2000, 0x2000, 0x2008, 0x2010, 0x0010, 0x0000, 0x0018, 0x0028, 0x2008, 0x2000, 0x2000, 0x0020,
  0x0018, 0x2000, 0x2000, 0x2000, 0x0020, 0x0020, 0x2000, 0x2008, 0x2000, 0x0000, 0x0000, 0x0000, 0x0000, 0x0000, 0x0000, 0x2000,
  0x0000, 0x0000, 0x2000, 0x2000, 0x2000, 0x2000, 0x2000, 0x6108, 0x2000, 0x2000, 0x2000, 0x2000, 0x4108, 0x4108, 0x2000, 0x2000,
  0x2000, 0x2000, 0x2000, 0x2000, 0x2000, 0x6108, 0x2000, 0x2000, 0x2000, 0x2000, 0x2008, 0x4108, 0x2000, 0x2000, 0x2000, 0x2000,
  0x2000, 0x2000, 0x0000, 0x4108, 0x2000, 0x2000, 0x2000, 0x2000, 0x2000, 0x6108, 0x2000, 0x2000, 0x2000, 0x2000, 0x0000, 0x2000,
  0x0000, 0x4108, 0x4108, 0x2000, 0x4108, 0x2008, 0x2000, 0x4108, 0x2000, 0x2000, 0x2000, 0x2000, 0x2000, 0x2000, 0x2000, 0x2000,
  0x6108, 0x2000, 0x2000, 0x2000, 0x2000, 0x4108, 0x2000, 0x2000, 0x2000, 0x2000, 0x2000, 0x2000, 0x2000, 0x2000, 0x4108, 0x2000,
  0x2000, 0x2000, 0x2000, 0x4108, 0x2008, 0x2000, 0x2000, 0x2000, 0x2000, 0x2000, 0x2000, 0x2000, 0x4108, 0x2000, 0x2000, 0x2000,
  0x2000, 0x2000, 0x2000, 0x0000, 0x2000, 0x0000, 0x2000, 0x0000, 0x2000, 0x0000, 0x2000, 0x2000, 0x2000, 0x2000, 0x2000, 0x2000,
  0x2000, 0x2000, 0x2000, 0x0000, 0x2000, 0x0000, 0x2000, 0x2000, 0x2000, 0x2000, 0x2000, 0x2000, 0x2000, 0x2000, 0x2000, 0x2000,
  0x2000, 0x2000, 0x2000, 0x2000, 0x2000, 0x2000, 0x0000, 0x2000, 0x0000, 0x2000, 0x2000, 0x0000, 0x0000, 0x2000, 0x0000, 0x0000,
  0x0000, 0x0000, 0x0000, 0x2000, 0x0000, 0x0000, 0x0000, 0x2000, 0x0000, 0x0000, 0x0000, 0x2000, 0x0000, 0x2000, 0x2000, 0x0000,
  0x0000, 0x0000, 0x0000, 0x0000, 0x0000, 0x0000, 0x0000, 0x0000, 0x0000, 0x0000, 0x0000, 0x0000, 0x0000, 0x0000, 0x0000, 0x0000,
  0x0000, 0x0000, 0x0000, 0x0000, 0x0000, 0x0000, 0x0000, 0x0000, 0x0000, 0x0000, 0x0000, 0x0000, 0x0000, 0x0000, 0x0000, 0x0000,
  0x2000, 0x2000, 0x2000, 0x4108, 0x4008, 0x4008, 0x4008, 0x4108, 0x2108, 0x4108, 0x4108, 0x4108, 0x4108, 0x4108, 0x4108, 0x4108,
  0x4108, 0x4108, 0x6108, 0x6108, 0x6108, 0x6108, 0x6108, 0x6108, 0x6108, 0x6108, 0x6108, 0x6108, 0x6108, 0x6108, 0x6108, 0x6108,
  0x6108, 0x6108, 0x6108, 0x6108, 0x6108, 0x6108, 0x6110, 0x8208, 0x8208, 0x6118, 0x2020, 0x0000, 0x0000, 0x0000, 0x0000, 0x2000,
  0x4108, 0x4108, 0x4108, 0x4108, 0x4108, 0x4108, 0x4108, 0x4108, 0x4108, 0x4108, 0x4108, 0x4108, 0x6108, 0x4108, 0x4108, 0x4110,
  0x4110, 0x2000, 0x0000, 0x0058, 0x0090, 0x0088, 0x20A8, 0x4178, 0x0008, 0x0000, 0x2000, 0x2000, 0x2000, 0x2000, 0x2000, 0x2000,
  0x2000, 0x2000, 0x2000, 0x2000, 0x2000, 0x2000, 0x2000, 0x2000, 0x2000, 0x2000, 0x2000, 0x2000, 0x2000, 0x2000, 0x2000, 0x2000,
  0x2000, 0x2008, 0x2000, 0x2000, 0x2000, 0x2008, 0x2018, 0x2008, 0x0000, 0x0028, 0x0020, 0x2000, 0x2000, 0x2010, 0x0028, 0x0010,
  0x2000, 0x2000, 0x2010, 0x0030, 0x0010, 0x2000, 0x2000, 0x2000, 0x0000, 0x0000, 0x0000, 0x0000, 0x0000, 0x0000, 0x0000, 0x2000,
  0x2000, 0x2000, 0x2000, 0x2000, 0x2000, 0x2000, 0x4108, 0x4108, 0x0000, 0x0000, 0x2000, 0x2000, 0x2000, 0x6108, 0x2000, 0x2000,
  0x2000, 0x2000, 0x2000, 0x0000, 0x4108, 0x4108, 0x2000, 0x2000, 0x2000, 0x2000, 0x0000, 0x4108, 0x2000, 0x2000, 0x2000, 0x2000,
  0x2000, 0x0000, 0x2000, 0x4108, 0x0000, 0x2000, 0x2000, 0x2000, 0x0000, 0x4108, 0x4108, 0x2000, 0x2000, 0x2000, 0x2000, 0x2000,
  0x0000, 0x6108, 0x2000, 0x2000, 0x2000, 0x2000, 0x0000, 0x2000, 0x4108, 0x0000, 0x2000, 0x2000, 0x2000, 0x2000, 0x0000, 0x6108,
  0x2008, 0x2000, 0x2000, 0x0000, 0x2000, 0x2000, 0x4108, 0x2000, 0x2000, 0x2000, 0x2000, 0x2000, 0x0000, 0x4108, 0x4108, 0x2000,
  0x2000, 0x2000, 0x2000, 0x2000, 0x4108, 0x2000, 0x2000, 0x2000, 0x2000, 0x2000, 0x0000, 0x4108, 0x4108, 0x2000, 0x2000, 0x2000,
  0x2000, 0x0000, 0x4108, 0x2000, 0x2000, 0x2000, 0x2000, 0x2000, 0x0000, 0x2000, 0x4108, 0x2000, 0x2000, 0x2000, 0x2000, 0x0000,
  0x2000, 0x2000, 0x2000, 0x2000, 0x2000, 0x2000, 0x0000, 0x2000, 0x2000, 0x2000, 0x2000, 0x2000, 0x2000, 0x2000, 0x2000, 0x4108,
  0x2000, 0x2000, 0x2000, 0x2000, 0x0000, 0x2000, 0x2000, 0x2000, 0x2000, 0x2000, 0x2000, 0x0000, 0x2000, 0x2000, 0x0000, 0x0000,
  0x0000, 0x0000, 0x0000, 0x2000, 0x2000, 0x0000, 0x0000, 0x0000, 0x0000, 0x0000, 0x0000, 0x2000, 0x0000, 0x0000, 0x0000, 0x0000,
  0x0000, 0x2000, 0x0000, 0x0000, 0x0000, 0x0000, 0x0000, 0x0000, 0x0000, 0x0000, 0x0000, 0x0000, 0x0000, 0x0000, 0x0000, 0x0000,
  0x0000, 0x0000, 0x0000, 0x0000, 0x0000, 0x0000, 0x0000, 0x0000, 0x0000, 0x0000, 0x0000, 0x0000, 0x0000, 0x0000, 0x0000, 0x0000,
  0x2000, 0x2000, 0x4008, 0x2100, 0x2008, 0x4008, 0x4108, 0x4108, 0x4108, 0x4108, 0x4108, 0x4108, 0x4108, 0x4108, 0x4108, 0x4108,
  0x6108, 0x4108, 0x6108, 0x6108, 0x6108, 0x6108, 0x6108, 0x6108, 0x6108, 0x6108, 0x6108, 0x6108, 0x6108, 0x6108, 0x6108, 0x6108,
  0x6108, 0x6108, 0x6108, 0x6108, 0x6110, 0x6110, 0x8108, 0x8210, 0x4120, 0x0010, 0x0000, 0x0000, 0x0000, 0x2000, 0x4108, 0x4108,
  0x4108, 0x4108, 0x6108, 0x6108, 0x6108, 0x6108, 0x6108, 0x6108, 0x6108, 0x4108, 0x6108, 0x6108, 0x6108, 0x4108, 0x4118, 0x4108,
  0x2000, 0x0020, 0x0070, 0x0090, 0x0098, 0x41A8, 0x2050, 0x0000, 0x0000, 0x2000, 0x2000, 0x2000, 0x2000, 0x2000, 0x2000, 0x2000,
  0x2000, 0x2000, 0x2000, 0x2000, 0x2000, 0x2000, 0x2000, 0x2000, 0x2000, 0x2000, 0x2000, 0x2000, 0x2000, 0x2000, 0x2000, 0x2008,
  0x2008, 0x2000, 0x2000, 0x2000, 0x2010, 0x2010, 0x2000, 0x0010, 0x0028, 0x2010, 0x2000, 0x2000, 0x0018, 0x0020, 0x2000, 0x2000,
  0x2000, 0x0018, 0x0030, 0x2008, 0x2000, 0x2008, 0x2000, 0x0000, 0x0000, 0x0000, 0x0000, 0x0000, 0x0000, 0x2000, 0x0000, 0x2000,
  0x4108, 0x0000, 0x2000, 0x2000, 0x2000, 0x2000, 0x6108, 0x2000, 0x2000, 0x2000, 0x2000, 0x2008, 0x2000, 0x4108, 0x4108, 0x2000,
  0x2000, 0x2000, 0x2000, 0x2000, 0x6110, 0x2000, 0x2000, 0x2000, 0x2000, 0x2000, 0x2000, 0x4108, 0x6108, 0x2000, 0x2000, 0x2000,
  0x2000, 0x0000, 0x6108, 0x2000, 0x2000, 0x2000, 0x2000, 0x2000, 0x2000, 0x2000, 0x6108, 0x2000, 0x2000, 0x2000, 0x2000, 0x0000,
  0x6108, 0x4108, 0x2000, 0x2000, 0x2000, 0x2000, 0x2000, 0x2000, 0x6108, 0x2000, 0x2000, 0x2000, 0x2000, 0x2000, 0x2000, 0x6108,
  0x2000, 0x2000, 0x2000, 0x2000, 0x2000, 0x2000, 0x4108, 0x4108, 0x2000, 0x2000, 0x2000, 0x2000, 0x2000, 0x6108, 0x2000, 0x2000,
  0x2000, 0x2000, 0x2000, 0x2000, 0x2008, 0x4008, 0x2000, 0x2000, 0x2000, 0x2000, 0x2000, 0x6108, 0x2000, 0x2000, 0x2000, 0x2000,
  0x2000, 0x2000, 0x2000, 0x4108, 0x2000, 0x2000, 0x2000, 0x2000, 0x0000, 0x4108, 0x2000, 0x2000, 0x2000, 0x2000, 0x2000, 0x2000,
  0x2000, 0x2000, 0x2000, 0x2000, 0x0000, 0x2000, 0x0000, 0x2000, 0x4108, 0x2000, 0x2000, 0x2000, 0x2000, 0x0000, 0x4108, 0x2000,
  0x2000, 0x2000, 0x2000, 0x2000, 0x2000, 0x2000, 0x2000, 0x2000, 0x2000, 0x2000, 0x2000, 0x0000, 0x2000, 0x0000, 0x2000, 0x2000,
  0x0000, 0x0000, 0x0000, 0x2000, 0x2000, 0x0000, 0x0000, 0x2000, 0x2000, 0x0000, 0x2000, 0x0000, 0x0000, 0x0000, 0x0000, 0x0000,
  0x0000, 0x0000, 0x0000, 0x0000, 0x0000, 0x0000, 0x0000, 0x0000, 0x0000, 0x0000, 0x0000, 0x0000, 0x0000, 0x0000, 0x0000, 0x0000,
  0x0000, 0x0000, 0x0000, 0x0000, 0x0000, 0x0000, 0x0000, 0x0000, 0x0000, 0x0000, 0x0000, 0x0000, 0x0000, 0x0000, 0x0000, 0x0000,
  0x4108, 0x4000, 0x4000, 0x2008, 0x2108, 0x4108, 0x4108, 0x4108, 0x4108, 0x4108, 0x4108, 0x4108, 0x4108, 0x4108, 0x4108, 0x6108,
  0x6108, 0x6108, 0x6108, 0x6108, 0x6108, 0x6108, 0x6108, 0x6108, 0x6108, 0x6108, 0x6108, 0x6108, 0x6108, 0x6108, 0x6108, 0x6108,
  0x6108, 0x6108, 0x6108, 0x6110, 0x8108, 0x8108, 0x6120, 0x4020, 0x0008, 0x0000, 0x2000, 0x2000, 0x2000, 0x4108, 0x6108, 0x6108,
  0x6108, 0x6108, 0x6108, 0x6108, 0x6108, 0x6108, 0x6108, 0x6108, 0x6108, 0x6108, 0x6108, 0x6108, 0x6110, 0x6118, 0x4100, 0x0000,
  0x0040, 0x0088, 0x0090, 0x00A0, 0x2198, 0x2028, 0x0000, 0x0000, 0x2000, 0x2000, 0x2000, 0x2000, 0x2000, 0x2000, 0x2000, 0x2000,
  0x2000, 0x2000, 0x2000, 0x2000, 0x2000, 0x2000, 0x2000, 0x2000, 0x2000, 0x2000, 0x2000, 0x2000, 0x2000, 0x2000, 0x2008, 0x2008,
  0x2000, 0x2000, 0x2008, 0x0010, 0x2008, 0x0000, 0x0018, 0x0028, 0x2008, 0x2000, 0x2008, 0x0020, 0x0018, 0x2000, 0x2000, 0x2000,
  0x0028, 0x0020, 0x2008, 0x2008, 0x2008, 0x0000, 0x0000, 0x0000, 0x0000, 0x0000, 0x0000, 0x0000, 0x2000, 0x2000, 0x2000, 0x2000,
  0x4108, 0x4108, 0x2008, 0x4108, 0x2000, 0x4108, 0x4108, 0x2000, 0x2000, 0x2000, 0x2000, 0x2000, 0x2000, 0x2000, 0x6108, 0x2000,
  0x4108, 0x4108, 0x4108, 0x6108, 0x4108, 0x2000, 0x2000, 0x2000, 0x2000, 0x2000, 0x2000, 0x2000, 0x8210, 0x4108, 0x4108, 0x2008,
  0x2000, 0x4108, 0x6108, 0x2000, 0x2000, 0x2000, 0x2000, 0x2000, 0x2000, 0x0000, 0x4108, 0x6108, 0x4108, 0x4108, 0x4108, 0x4108,
  0x6108, 0x2000, 0x2000, 0x2000, 0x2000, 0x2000, 0x2000, 0x2000, 0x4108, 0x6108, 0x2000, 0x4108, 0x4108, 0x2000, 0x6108, 0x2000,
  0x2000, 0x2000, 0x2000, 0x2000, 0x2000, 0x2000, 0x2000, 0x6108, 0x4108, 0x4108, 0x4108, 0x2000, 0x4108, 0x2108, 0x2000, 0x2000,
  0x2000, 0x2000, 0x2000, 0x2000, 0x2000, 0x4108, 0x4108, 0x4108, 0x4108, 0x2000, 0x4108, 0x4108, 0x2000, 0x2000, 0x2000, 0x2000,
  0x2000, 0x2000, 0x2000, 0x4108, 0x2000, 0x2000, 0x2000, 0x2000, 0x2000, 0x4108, 0x2000, 0x2000, 0x2000, 0x2000, 0x2000, 0x2000,
  0x2000, 0x2000, 0x2000, 0x2000, 0x2000, 0x2000, 0x2000, 0x2000, 0x2000, 0x2000, 0x2000, 0x2000, 0x2000, 0x2000, 0x2000, 0x2000,
  0x2000, 0x2000, 0x2000, 0x2000, 0x2000, 0x2000, 0x2000, 0x2000, 0x2000, 0x2000, 0x2000, 0x2000, 0x2000, 0x2000, 0x2000, 0x2000,
  0x2000, 0x2000, 0x2000, 0x0000, 0x2000, 0x2000, 0x2000, 0x2000, 0x2000, 0x2000, 0x2000, 0x0000, 0x0000, 0x0000, 0x0000, 0x0000,
  0x0000, 0x0000, 0x0000, 0x0000, 0x0000, 0x0000, 0x0000, 0x0000, 0x0000, 0x0000, 0x0000, 0x0000, 0x0000, 0x0000, 0x0000, 0x0000,
  0x0000, 0x0000, 0x0000, 0x0000, 0x0000, 0x0000, 0x0000, 0x0000, 0x0000, 0x0000, 0x0000, 0x0000, 0x0000, 0x0000, 0x0000, 0x0000,
  0x4108, 0x2008, 0x2008, 0x2108, 0x4108, 0x4108, 0x4108, 0x4108, 0x4108, 0x4108, 0x4108, 0x4108, 0x4108, 0x4108, 0x4108, 0x6108,
  0x6108, 0x6108, 0x6108, 0x6108, 0x6108, 0x6110, 0x6108, 0x6108, 0x6108, 0x6108, 0x6108, 0x6108, 0x6108, 0x6110, 0x6110, 0x8210,
  0x8210, 0x8210, 0x8210, 0x8208, 0x8210, 0x4128, 0x0018, 0x0000, 0x0000, 0x2000, 0x2000, 0x4108, 0x6108, 0x6108, 0x6108, 0x6108,
  0x6108, 0x6108, 0x6108, 0x6108, 0x6108, 0x6108, 0x6108, 0x6108, 0x6108, 0x6108, 0x6108, 0x6118, 0x6110, 0x2000, 0x0010, 0x0070,
  0x0098, 0x0090, 0x00A8, 0x2178, 0x0008, 0x0000, 0x0000, 0x2000, 0x2000, 0x2000, 0x2000, 0x2008, 0x2000, 0x2000, 0x2000, 0x2000,
  0x2000, 0x2000, 0x2000, 0x2000, 0x2000, 0x2000, 0x2000, 0x2000, 0x2000, 0x2000, 0x2000, 0x2000, 0x2008, 0x2008, 0x4108, 0x4008,
  0x4000, 0x2010, 0x2018, 0x2008, 0x0000, 0x0028, 0x0020, 0x0000, 0x2000, 0x2010, 0x0028, 0x2010, 0x2000, 0x2000, 0x2010, 0x0038,
  0x2010, 0x2000, 0x2008, 0x2000, 0x0000, 0x0000, 0x0000, 0x0000, 0x0000, 0x0000, 0x2000, 0x2000, 0x2000, 0x2000, 0x2000, 0x2000,
  0x6108, 0x6108, 0x4108, 0x4108, 0x4108, 0x6108, 0x2000, 0x2000, 0x2000, 0x2000, 0x2000, 0x2000, 0x2000, 0x0000, 0x6108, 0x4108,
  0x6108, 0x6108, 0x6108, 0x8210, 0x2000, 0x2000, 0x2000, 0x2000, 0x2000, 0x2000, 0x2000, 0x2000, 0x8210, 0x6108, 0x4108, 0x4108,
  0x4108, 0x6108, 0x4108, 0x2000, 0x2000, 0x2000, 0x2000, 0x2000, 0x2000, 0x0000, 0x4108, 0x8210, 0x4108, 0x4108, 0x4108, 0x6108,
  0x4108, 0x0000, 0x2000, 0x2000, 0x2000, 0x2000, 0x2000, 0x2000, 0x4108, 0x8210, 0x4108, 0x4108, 0x4108, 0x4108, 0x6108, 0x2000,
  0x2000, 0x2000, 0x2000, 0x2000, 0x2000, 0x2000, 0x2000, 0x6108, 0x4108, 0x6108, 0x6108, 0x4108, 0x4108, 0x2000, 0x2000, 0x2000,
  0x2000, 0x2000, 0x2000, 0x2000, 0x2000, 0x6108, 0x4108, 0x4108, 0x4108, 0x4108, 0x4108, 0x2000, 0x2000, 0x2000, 0x2000, 0x2000,
  0x2000, 0x2000, 0x0000, 0x4108, 0x4108, 0x4108, 0x4108, 0x2000, 0x4108, 0x4108, 0x2000, 0x2000, 0x2000, 0x2000, 0x2000, 0x2000,
  0x2000, 0x2000, 0x4108, 0x2000, 0x4108, 0x4108, 0x2000, 0x2000, 0x2000, 0x4108, 0x2000, 0x4008, 0x2000, 0x2000, 0x2000, 0x2000,
  0x2000, 0x2000, 0x2000, 0x2000, 0x2000, 0x2000, 0x2000, 0x2000, 0x2000, 0x2000, 0x2000, 0x2000, 0x2000, 0x2000, 0x2000, 0x2000,
  0x2000, 0x2000, 0x2000, 0x0000, 0x2000, 0x2000, 0x2000, 0x2000, 0x2000, 0x2000, 0x0000, 0x0000, 0x0000, 0x0000, 0x0000, 0x0000,
  0x0000, 0x0000, 0x0000, 0x2000, 0x2000, 0x2000, 0x0000, 0x0000, 0x0000, 0x0000, 0x0000, 0x0000, 0x0000, 0x0000, 0x0000, 0x0000,
  0x0000, 0x0000, 0x0000, 0x0000, 0x0000, 0x0000, 0x0000, 0x0000, 0x0000, 0x0000, 0x0000, 0x0000, 0x0000, 0x0000, 0x0000, 0x0000,
  0x2000, 0x4008, 0x4108, 0x4108, 0x4108, 0x4108, 0x4108, 0x4108, 0x4108, 0x4108, 0x4108, 0x4108, 0x4108, 0x4108, 0x4108, 0x6108,
  0x6108, 0x6108, 0x6108, 0x6108, 0x6108, 0x6108, 0x6108, 0x6108, 0x6108, 0x6108, 0x6108, 0x6108, 0x6108, 0x6110, 0x8210, 0x8210,
  0x8210, 0x8210, 0x8208, 0x6120, 0x2028, 0x0008, 0x0000, 0x0000, 0x2000, 0x2000, 0x4108, 0x6108, 0x6108, 0x6108, 0x6108, 0x6108,
  0x6108, 0x6108, 0x6108, 0x6108, 0x6108, 0x6110, 0x6110, 0x6108, 0x6108, 0x6110, 0x6118, 0x4100, 0x0000, 0x0040, 0x2198, 0x00A8,
  0x00A0, 0x21B0, 0x2158, 0x0000, 0x0000, 0x2000, 0x2000, 0x2000, 0x2000, 0x2000, 0x2000, 0x2000, 0x2000, 0x2000, 0x2000, 0x2000,
  0x2000, 0x2000, 0x2000, 0x2000, 0x2000, 0x2000, 0x2000, 0x2000, 0x2000, 0x2000, 0x2000, 0x2008, 0x2008, 0x4108, 0x4108, 0x4108,
  0x2010, 0x2018, 0x2000, 0x2010, 0x0030, 0x2010, 0x2000, 0x2000, 0x0018, 0x0020, 0x2008, 0x2000, 0x2000, 0x0020, 0x0030, 0x2008,
  0x4000, 0x2008, 0x0000, 0x0000, 0x0000, 0x0000, 0x0000, 0x0000, 0x2000, 0x2000, 0x2000, 0x2000, 0x2000, 0x2000, 0x2000, 0x2000,
  0x6108, 0x2000, 0x2000, 0x2000, 0x2000, 0x2000, 0x6108, 0x2000, 0x2000, 0x2000, 0x2000, 0x2000, 0x0000, 0x4108, 0x4108, 0x2000,
  0x2000, 0x2000, 0x2000, 0x4108, 0x6108, 0x2000, 0x2000, 0x2000, 0x2000, 0x4008, 0x2000, 0x4108, 0x6108, 0x0000, 0x2000, 0x0000,
  0x0000, 0x2000, 0x6108, 0x2000, 0x2000, 0x2000, 0x2000, 0x2000, 0x2000, 0x2000, 0x6210, 0x2000, 0x2000, 0x2000, 0x2000, 0x0000,
  0x6108, 0x2000, 0x2000, 0x2000, 0x2000, 0x2000, 0x2000, 0x2000, 0x6108, 0x4108, 0x0000, 0x2000, 0x2000, 0x0000, 0x4108, 0x4108,
  0x2000, 0x2000, 0x2000, 0x2000, 0x2000, 0x2000, 0x4108, 0x4108, 0x2000, 0x2000, 0x2000, 0x2000, 0x2000, 0x6108, 0x2000, 0x2000,
  0x2000, 0x2000, 0x2000, 0x2000, 0x4108, 0x4108, 0x0000, 0x2000, 0x2000, 0x0000, 0x2000, 0x4108, 0x2000, 0x2000, 0x2000, 0x2000,
  0x2000, 0x2000, 0x2000, 0x4108, 0x0000, 0x0000, 0x0000, 0x0000, 0x0000, 0x4108, 0x2000, 0x2000, 0x2000, 0x2000, 0x2000, 0x2000,
  0x2000, 0x4108, 0x2000, 0x2000, 0x2000, 0x2000, 0x2000, 0x2000, 0x4108, 0x2000, 0x2000, 0x2000, 0x2000, 0x0000, 0x4108, 0x2000,
  0x2000, 0x2000, 0x2000, 0x2000, 0x2000, 0x2000, 0x2000, 0x0000, 0x2000, 0x2000, 0x0000, 0x0000, 0x2000, 0x2000, 0x2000, 0x2000,
  0x2000, 0x2000, 0x2000, 0x2000, 0x2000, 0x0000, 0x0000, 0x0000, 0x0000, 0x0000, 0x2000, 0x0000, 0x0000, 0x0000, 0x0000, 0x0000,
  0x0000, 0x0000, 0x2000, 0x0000, 0x0000, 0x0000, 0x0000, 0x0000, 0x2000, 0x0000, 0x0000, 0x0000, 0x0000, 0x2000, 0x0000, 0x0000,
  0x0000, 0x0000, 0x0000, 0x0000, 0x0000, 0x0000, 0x0000, 0x0000, 0x0000, 0x0000, 0x0000, 0x0000, 0x0000, 0x0000, 0x0000, 0x0000,
  0x4100, 0x4008, 0x4108, 0x4108, 0x4108, 0x4108, 0x4108, 0x4108, 0x4108, 0x4108, 0x4108, 0x4108, 0x4108, 0x6108, 0x6108, 0x6108,
  0x6108, 0x6108, 0x6108, 0x6108, 0x6108, 0x6108, 0x6110, 0x6110, 0x6108, 0x6110, 0x6110, 0x6110, 0x8110, 0x8210, 0x8210, 0x8210,
  0x8208, 0x8210, 0x4128, 0x0020, 0x0000, 0x0000, 0x2000, 0x2000, 0x4108, 0x6108, 0x6108, 0x6108, 0x6108, 0x6108, 0x6108, 0x6108,
  0x6108, 0x6108, 0x6108, 0x6108, 0x6110, 0x8210, 0x8208, 0x6108, 0x6118, 0x6118, 0x2000, 0x0010, 0x0170, 0x21B0, 0x00A8, 0x20B8,
  0x61B8, 0x2138, 0x0000, 0x0000, 0x2000, 0x2000, 0x2000, 0x2008, 0x2008, 0x2000, 0x2000, 0x2000, 0x2000, 0x2000, 0x2000, 0x2000,
  0x2000, 0x2000, 0x2000, 0x2000, 0x2000, 0x2000, 0x2000, 0x2000, 0x2000, 0x2008, 0x2008, 0x2008, 0x4108, 0x4108, 0x4108, 0x2018,
  0x2010, 0x2000, 0x0018, 0x2030, 0x2008, 0x2000, 0x2008, 0x0028, 0x0018, 0x2000, 0x2000, 0x2008, 0x0030, 0x2020, 0x2000, 0x2000,
  0x2008, 0x0000, 0x0000, 0x0000, 0x0000, 0x0000, 0x0000, 0x0000, 0x2000, 0x4108, 0x2000, 0x2000, 0x2000, 0x2000, 0x0000, 0x4108,
  0x4108, 0x2000, 0x2000, 0x2000, 0x2000, 0x2000, 0x6108, 0x4108, 0x2000, 0x2000, 0x2000, 0x2000, 0x0000, 0x6210, 0x2000, 0x2000,
  0x2000, 0x2000, 0x2000, 0x2000, 0x6108, 0x4108, 0x2000, 0x2008, 0x4008, 0x4108, 0x0000, 0x8210, 0x2000, 0x2000, 0x2000, 0x2000,
  0x2000, 0x2000, 0x4108, 0x4108, 0x2000, 0x2000, 0x2000, 0x2000, 0x0000, 0x6108, 0x4108, 0x0000, 0x2000, 0x2000, 0x2000, 0x2000,
  0x4108, 0x6108, 0x2000, 0x2000, 0x2000, 0x2000, 0x2000, 0x2000, 0x8210, 0x2000, 0x2000, 0x2000, 0x2000, 0x2000, 0x2000, 0x6108,
  0x2000, 0x2000, 0x2000, 0x2000, 0x2000, 0x2000, 0x6108, 0x2000, 0x2000, 0x2000, 0x2000, 0x2000, 0x2000, 0x6108, 0x2000, 0x2000,
  0x2000, 0x2000, 0x2008, 0x2000, 0x6108, 0x2000, 0x2000, 0x2000, 0x2000, 0x2000, 0x2000, 0x4108, 0x2000, 0x2000, 0x2000, 0x2000,
  0x2000, 0x0000, 0x4108, 0x2000, 0x2000, 0x2000, 0x2000, 0x2000, 0x2000, 0x2000, 0x4108, 0x2000, 0x2000, 0x2000, 0x2000, 0x2000,
  0x4108, 0x4108, 0x2000, 0x2000, 0x2000, 0x2000, 0x2000, 0x4008, 0x4108, 0x2000, 0x2000, 0x2000, 0x2000, 0x2000, 0x2000, 0x2000,
  0x2000, 0x2000, 0x2000, 0x2000, 0x2000, 0x2000, 0x2000, 0x2000, 0x2000, 0x2000, 0x2000, 0x0000, 0x2000, 0x2000, 0x2000, 0x2000,
  0x2000, 0x2000, 0x0000, 0x2000, 0x2000, 0x2000, 0x2000, 0x0000, 0x2000, 0x0000, 0x2000, 0x2000, 0x0000, 0x0000, 0x0000, 0x2000,
  0x0000, 0x2000, 0x0000, 0x0000, 0x0000, 0x0000, 0x0000, 0x0000, 0x0000, 0x0000, 0x0000, 0x0000, 0x0000, 0x0000, 0x0000, 0x0000,
  0x0000, 0x0000, 0x0000, 0x0000, 0x0000, 0x0000, 0x0000, 0x0000, 0x0000, 0x0000, 0x0000, 0x0000, 0x0000, 0x0000, 0x0000, 0x0000,
  0x2100, 0x4008, 0x4108, 0x4108, 0x4108, 0x4108, 0x4108, 0x4108, 0x4108, 0x4108, 0x4108, 0x4108, 0x4108, 0x6108, 0x6108, 0x6108,
  0x6108, 0x6108, 0x6108, 0x6108, 0x6108, 0x6108, 0x6108, 0x6110, 0x8210, 0x8110, 0x8110, 0x6108, 0x8110, 0x8210, 0x8210, 0x8208,
  0x6120, 0x2030, 0x0010, 0x0000, 0x0000, 0x2000, 0x2000, 0x4108, 0x6108, 0x6108, 0x6108, 0x6108, 0x6108, 0x6108, 0x6108, 0x6108,
  0x6108, 0x6108, 0x8110, 0x8110, 0x8210, 0x8208, 0x8210, 0x8120, 0x6108, 0x2000, 0x0038, 0x21A8, 0x01C0, 0x00B0, 0x01C8, 0x2198,
  0x2018, 0x0000, 0x2008, 0x2000, 0x2000, 0x2008, 0x2108, 0x2008, 0x2008, 0x2000, 0x2000, 0x2000, 0x2000, 0x2000, 0x2000, 0x2000,
  0x2000, 0x2000, 0x2000, 0x2008, 0x2000, 0x2000, 0x2000, 0x2000, 0x2008, 0x2008, 0x2000, 0x2000, 0x4108, 0x4110, 0x4118, 0x4008,
  0x2008, 0x2028, 0x2018, 0x2000, 0x2000, 0x2010, 0x0028, 0x2008, 0x2000, 0x2000, 0x2010, 0x0030, 0x2010, 0x4000, 0x4008, 0x2000,
  0x0000, 0x0000, 0x0000, 0x0000, 0x0000, 0x2000, 0x2000, 0x2000, 0x2000, 0x4108, 0x2000, 0x2000, 0x2000, 0x2000, 0x2000, 0x6108,
  0x2000, 0x2000, 0x2000, 0x2000, 0x2000, 0x2000, 0x4108, 0x6108, 0x2000, 0x2000, 0x2000, 0x2000, 0x4108, 0x4108, 0x2000, 0x2000,
  0x2000, 0x2000, 0x2000, 0x2000, 0x2000, 0x6108, 0x2000, 0x2000, 0x2000, 0x2000, 0x4008, 0x6108, 0x0000, 0x2008, 0x2008, 0x2000,
  0x2008, 0x2000, 0x2000, 0x6108, 0x2000, 0x2000, 0x2000, 0x2000, 0x2000, 0x6108, 0x2000, 0x2000, 0x2000, 0x2000, 0x2000, 0x2000,
  0x2000, 0x6108, 0x4108, 0x2000, 0x2000, 0x2008, 0x0000, 0x6108, 0x2008, 0x2000, 0x2000, 0x2000, 0x2000, 0x2000, 0x2000, 0x4108,
  0x4108, 0x2000, 0x2000, 0x2000, 0x0000, 0x4108, 0x4108, 0x2000, 0x2000, 0x2000, 0x2000, 0x2000, 0x2000, 0x4108, 0x4108, 0x2000,
  0x2000, 0x4108, 0x2000, 0x4108, 0x4108, 0x0000, 0x2000, 0x2000, 0x2000, 0x2000, 0x2000, 0x2000, 0x4108, 0x2000, 0x2000, 0x2000,
  0x2000, 0x2000, 0x4108, 0x2000, 0x2000, 0x2000, 0x2000, 0x2000, 0x2000, 0x2000, 0x4108, 0x2000, 0x2000, 0x2000, 0x2000, 0x0000,
  0x4108, 0x2000, 0x2000, 0x2000, 0x2000, 0x2000, 0x2000, 0x2000, 0x2000, 0x2000, 0x2000, 0x2000, 0x2000, 0x2000, 0x2000, 0x2000,
  0x2000, 0x2000, 0x2000, 0x2000, 0x2000, 0x2008, 0x0000, 0x0000, 0x2000, 0x2000, 0x2000, 0x2000, 0x2000, 0x2000, 0x2000, 0x2000,
  0x2000, 0x2000, 0x2000, 0x2000, 0x2000, 0x2000, 0x2000, 0x2000, 0x2000, 0x2000, 0x0000, 0x2000, 0x0000, 0x2000, 0x2000, 0x2000,
  0x0000, 0x2000, 0x0000, 0x0000, 0x0000, 0x0000, 0x0000, 0x0000, 0x0000, 0x0000, 0x0000, 0x0000, 0x0000, 0x0000, 0x0000, 0x0000,
  0x0000, 0x0000, 0x0000, 0x0000, 0x0000, 0x0000, 0x0000, 0x0000, 0x0000, 0x0000, 0x0000, 0x0000, 0x0000, 0x0000, 0x0000, 0x0000,
  0x2008, 0x4108, 0x4108, 0x4108, 0x4108, 0x4108, 0x4108, 0x4108, 0x4108, 0x4108, 0x4108, 0x6108, 0x6108, 0x6108, 0x6108, 0x6108,
  0x6108, 0x6108, 0x6110, 0x6110, 0x6110, 0x6110, 0x8210, 0x8210, 0x8210, 0x8210, 0x8210, 0x8210, 0x8210, 0x8208, 0x8210, 0x6130,
  0x0020, 0x0000, 0x2000, 0x2000, 0x2000, 0x4108, 0x6108, 0x6108, 0x6108, 0x8110, 0x8110, 0x6110, 0x6108, 0x8110, 0x6210, 0x6108,
  0x8210, 0x8210, 0x8210, 0x8210, 0x8208, 0x8218, 0x8118, 0x4100, 0x2008, 0x2178, 0x21C8, 0x01C8, 0x01C0, 0x21D0, 0x2170, 0x0000,
  0x0000, 0x2008, 0x2000, 0x4008, 0x4008, 0x4108, 0x4108, 0x4108, 0x4108, 0x4108, 0x2008, 0x2000, 0x2000, 0x2000, 0x2000, 0x2000,
  0x2000, 0x2008, 0x2008, 0x2000, 0x2000, 0x2000, 0x2000, 0x2008, 0x2008, 0x2000, 0x2000, 0x2008, 0x2110, 0x4118, 0x4100, 0x2010,
  0x2030, 0x2010, 0x4100, 0x4100, 0x2020, 0x0020, 0x2000, 0x4000, 0x2000, 0x2020, 0x0028, 0x2008, 0x2000, 0x2008, 0x2000, 0x0000,
  0x0000, 0x0000, 0x0000, 0x0000, 0x2000, 0x2000, 0x2000, 0x2000, 0x2000, 0x2000, 0x6108, 0x6108, 0x8110, 0x6108, 0x6108, 0x4108,
  0x2000, 0x2000, 0x2000, 0x2000, 0x2000, 0x2000, 0x0000, 0x6108, 0x6108, 0x8210, 0x8210, 0x8210, 0x8210, 0x2000, 0x2000, 0x2000,
  0x2000, 0x2000, 0x2000, 0x2000, 0x0000, 0x8210, 0x8210, 0x8210, 0x6110, 0x8210, 0x8210, 0x2000, 0x2000, 0x4108, 0x4108, 0x4108,
  0x4108, 0x2008, 0x0000, 0x4108, 0x8210, 0x8210, 0x6108, 0x8210, 0x8210, 0x4108, 0x0000, 0x2000, 0x2000, 0x2000, 0x2000, 0x2000,
  0x2000, 0x2008, 0x8210, 0x8210, 0x8210, 0x8210, 0x6108, 0x6108, 0x0000, 0x2000, 0x2000, 0x2000, 0x2000, 0x2000, 0x2000, 0x2000,
  0x6108, 0x6108, 0x8110, 0x6110, 0x6108, 0x6108, 0x2000, 0x2000, 0x2000, 0x2000, 0x2000, 0x2000, 0x2000, 0x0000, 0x6108, 0x6108,
  0x8110, 0x8110, 0x6108, 0x6108, 0x2000, 0x2000, 0x2000, 0x2000, 0x2000, 0x2000, 0x2000, 0x2000, 0x4108, 0x4108, 0x6108, 0x6108,
  0x4108, 0x6108, 0x2000, 0x2000, 0x2000, 0x2000, 0x2000, 0x2000, 0x2000, 0x0000, 0x2008, 0x4108, 0x4108, 0x4108, 0x4108, 0x4108,
  0x4108, 0x2000, 0x2000, 0x2000, 0x2000, 0x2000, 0x2000, 0x2000, 0x2000, 0x2000, 0x2000, 0x2000, 0x2000, 0x2000, 0x2000, 0x2000,
  0x4108, 0x4108, 0x4108, 0x4108, 0x4108, 0x2000, 0x0000, 0x0000, 0x2000, 0x2000, 0x2000, 0x2000, 0x0000, 0x2000, 0x2000, 0x2000,
  0x4008, 0x2000, 0x4000, 0x2000, 0x2000, 0x2000, 0x2000, 0x2000, 0x2000, 0x2000, 0x0000, 0x2000, 0x2000, 0x2000, 0x2000, 0x2000,
  0x2000, 0x0000, 0x0000, 0x0000, 0x0000, 0x0000, 0x0000, 0x0000, 0x0000, 0x0000, 0x0000, 0x2000, 0x2000, 0x2000, 0x0000, 0x0000,
  0x0000, 0x0000, 0x0000, 0x0000, 0x0000, 0x0000, 0x0000, 0x0000, 0x0000, 0x0000, 0x0000, 0x0000, 0x0000, 0x0000, 0x0000, 0x0000,
  0x4108, 0x4108, 0x4108, 0x4108, 0x4108, 0x4108, 0x4108, 0x4108, 0x4108, 0x6108, 0x6108, 0x6108, 0x6108, 0x6108, 0x6108, 0x6108,
  0x6108, 0x6108, 0x8210, 0x8210, 0x8210, 0x8210, 0x8210, 0x8210, 0x8210, 0x8210, 0x8210, 0x8210, 0x8208, 0x6220, 0x2130, 0x0010,
  0x0000, 0x2000, 0x2000, 0x4108, 0x6108, 0x8210, 0x8210, 0x8210, 0x6110, 0x8110, 0x8210, 0x8110, 0x6110, 0x8110, 0x8210, 0x8210,
  0x8210, 0x8210, 0x8210, 0x8210, 0x8218, 0x6110, 0x2000, 0x2030, 0x21A8, 0x22D0, 0x21C0, 0x21D8, 0x41D0, 0x2048, 0x0000, 0x2000,
  0x2008, 0x4108, 0x4108, 0x4108, 0x4108, 0x4108, 0x4108, 0x4108, 0x4108, 0x4108, 0x4108, 0x4108, 0x4008, 0x4000, 0x2000, 0x2008,
  0x2008, 0x4108, 0x4108, 0x4108, 0x4000, 0x2008, 0x2008, 0x4008, 0x4108, 0x2008, 0x2008, 0x2010, 0x2010, 0x4100, 0x2028, 0x2030,
  0x2008, 0x4000, 0x4108, 0x2030, 0x2018, 0x2000, 0x2000, 0x2008, 0x2030, 0x2020, 0x2000, 0x2008, 0x2000, 0x0000, 0x0000, 0x0000,
  0x0000, 0x2000, 0x2000, 0x2000, 0x2000, 0x2000, 0x2000, 0x2000, 0x2000, 0x4108, 0x2008, 0x2000, 0x4108, 0x2108, 0x2000, 0x6108,
  0x2000, 0x2000, 0x2000, 0x2000, 0x2000, 0x2000, 0x2000, 0x6108, 0x2000, 0x4108, 0x4108, 0x4008, 0x6108, 0x4108, 0x2000, 0x2000,
  0x2000, 0x2000, 0x2000, 0x2000, 0x2000, 0x6108, 0x2000, 0x4108, 0x4108, 0x2000, 0x4108, 0x6108, 0x2000, 0x4000, 0x2008, 0x4108,
  0x2008, 0x2008, 0x0000, 0x6108, 0x2000, 0x2000, 0x2000, 0x2000, 0x2000, 0x6108, 0x2000, 0x2000, 0x2000, 0x2000, 0x2000, 0x2000,
  0x2000, 0x6108, 0x4108, 0x2008, 0x4108, 0x4108, 0x2000, 0x6108, 0x2008, 0x2000, 0x2000, 0x2000, 0x2000, 0x2000, 0x2000, 0x4108,
  0x6108, 0x2000, 0x2000, 0x2000, 0x2000, 0x4108, 0x4108, 0x2000, 0x2000, 0x2000, 0x2000, 0x2000, 0x2000, 0x2000, 0x6108, 0x2000,
  0x2000, 0x2000, 0x2000, 0x4108, 0x4108, 0x2000, 0x2000, 0x2000, 0x2000, 0x2000, 0x2000, 0x2000, 0x4108, 0x2000, 0x2000, 0x2000,
  0x2000, 0x2000, 0x4108, 0x2000, 0x2000, 0x2000, 0x2000, 0x2000, 0x2000, 0x0000, 0x4108, 0x2000, 0x2000, 0x2000, 0x2000, 0x2000,
  0x4108, 0x2000, 0x2000, 0x2000, 0x2000, 0x2000, 0x2000, 0x2000, 0x2000, 0x2000, 0x2000, 0x2000, 0x2000, 0x2000, 0x2000, 0x4108,
  0x2000, 0x2000, 0x2008, 0x2000, 0x2000, 0x2000, 0x2000, 0x2000, 0x2000, 0x2000, 0x2000, 0x2000, 0x2000, 0x4108, 0x0000, 0x2000,
  0x2000, 0x2000, 0x2000, 0x2000, 0x2000, 0x2000, 0x2000, 0x2000, 0x2000, 0x2000, 0x0000, 0x2000, 0x0000, 0x2000, 0x2000, 0x0000,
  0x0000, 0x2000, 0x0000, 0x0000, 0x0000, 0x0000, 0x0000, 0x2000, 0x0000, 0x2000, 0x0000, 0x0000, 0x2000, 0x2000, 0x0000, 0x0000,
  0x2000, 0x0000, 0x0000, 0x0000, 0x0000, 0x0000, 0x0000, 0x0000, 0x0000, 0x0000, 0x0000, 0x0000, 0x0000, 0x0000, 0x0000, 0x0000,
  0x4108, 0x4008, 0x4108, 0x4108, 0x4108, 0x4108, 0x4108, 0x4108, 0x4108, 0x6108, 0x6108, 0x6108, 0x6108, 0x6108, 0x6108, 0x6108,
  0x6108, 0x6110, 0x8210, 0x8210, 0x8210, 0x8210, 0x8210, 0x8210, 0x8210, 0x8210, 0x8210, 0x8210, 0x6130, 0x0028, 0x0000, 0x2000,
  0x2000, 0x2000, 0x4108, 0x6108, 0x8210, 0x8210, 0x8210, 0x8210, 0x8110, 0x8210, 0x8210, 0x6110, 0x8110, 0x8210, 0x8210, 0x8210,
  0x8210, 0x8208, 0x8218, 0x8220, 0x4100, 0x0000, 0x0068, 0x22D0, 0x22D0, 0x21C8, 0x22E0, 0x21B0, 0x0020, 0x0000, 0x2008, 0x4008,
  0x4108, 0x4108, 0x4108, 0x4108, 0x4108, 0x4108, 0x4108, 0x4108, 0x4108, 0x4008, 0x4108, 0x2008, 0x4108, 0x4108, 0x4108, 0x4108,
  0x2108, 0x4000, 0x4108, 0x4008, 0x4008, 0x2008, 0x4100, 0x4108, 0x4110, 0x4008, 0x2018, 0x2008, 0x2008, 0x2028, 0x2020, 0x4000,
  0x4000, 0x2018, 0x2030, 0x2110, 0x4100, 0x4100, 0x2010, 0x2038, 0x2010, 0x2000, 0x2010, 0x2000, 0x0000, 0x0000, 0x0000, 0x0000,
  0x0000, 0x2000, 0x4108, 0x2000, 0x2000, 0x2000, 0x2008, 0x2000, 0x2008, 0x6108, 0x2000, 0x4108, 0x4108, 0x4108, 0x2000, 0x6108,
  0x4108, 0x2000, 0x2000, 0x2000, 0x4108, 0x2000, 0x6108, 0x4108, 0x4008, 0x4108, 0x4108, 0x2008, 0x2000, 0x6110, 0x2000, 0x2000,
  0x2000, 0x2000, 0x2000, 0x0000, 0x6108, 0x4108, 0x2000, 0x4108, 0x4108, 0x2008, 0x2000, 0x8210, 0x4108, 0x2000, 0x2000, 0x2000,
  0x4108, 0x2000, 0x4108, 0x6108, 0x2000, 0x2000, 0x2000, 0x2000, 0x2000, 0x6108, 0x4108, 0x2000, 0x2000, 0x2000, 0x2000, 0x2000,
  0x2000, 0x8210, 0x2000, 0x2008, 0x2000, 0x4108, 0x2008, 0x4108, 0x6108, 0x2000, 0x2000, 0x2000, 0x2000, 0x2008, 0x2000, 0x6108,
  0x4108, 0x2000, 0x2000, 0x2000, 0x2000, 0x4008, 0x6108, 0x4108, 0x4108, 0x2000, 0x2000, 0x2000, 0x2000, 0x6108, 0x4108, 0x2000,
  0x2000, 0x2000, 0x2000, 0x2000, 0x6108, 0x2000, 0x2000, 0x2000, 0x2000, 0x2000, 0x2000, 0x4108, 0x4108, 0x2000, 0x2000, 0x2000,
  0x2000, 0x2000, 0x6108, 0x2000, 0x2000, 0x2000, 0x2000, 0x2000, 0x2000, 0x4008, 0x4108, 0x2000, 0x2000, 0x2000, 0x2000, 0x2000,
  0x4000, 0x2000, 0x2000, 0x2000, 0x2000, 0x2000, 0x2000, 0x2000, 0x4108, 0x2000, 0x2000, 0x2000, 0x2000, 0x2000, 0x4008, 0x4108,
  0x2000, 0x2000, 0x2000, 0x2000, 0x2000, 0x4108, 0x2000, 0x2000, 0x2000, 0x2000, 0x2000, 0x0000, 0x2000, 0x4008, 0x2000, 0x2000,
  0x2000, 0x2000, 0x0000, 0x2000, 0x2000, 0x2000, 0x2000, 0x2000, 0x2000, 0x0000, 0x2000, 0x2000, 0x2000, 0x2000, 0x2000, 0x2000,
  0x0000, 0x2000, 0x2000, 0x2000, 0x0000, 0x0000, 0x0000, 0x0000, 0x0000, 0x2000, 0x0000, 0x2000, 0x2000, 0x2000, 0x0000, 0x0000,
  0x2000, 0x0000, 0x0000, 0x0000, 0x0000, 0x0000, 0x0000, 0x0000, 0x0000, 0x0000, 0x2000, 0x0000, 0x0000, 0x0000, 0x0000, 0x0000,
  0x4108, 0x4108, 0x4108, 0x4108, 0x4108, 0x4108, 0x4108, 0x4108, 0x6108, 0x6108, 0x6108, 0x6108, 0x6108, 0x6108, 0x6108, 0x6110,
  0x8110, 0x8210, 0x8210, 0x8210, 0x8210, 0x8210, 0x8210, 0x8210, 0x8210, 0x8208, 0x8220, 0x4140, 0x0018, 0x0000, 0x2000, 0x2000,
  0x2008, 0x6108, 0x6108, 0x8210, 0x8210, 0x8210, 0x8210, 0x8210, 0x8210, 0x8210, 0x8210, 0x8210, 0x8210, 0x8210, 0x8210, 0x8210,
  0x8210, 0x8220, 0x8218, 0x2000, 0x0028, 0x2198, 0x22D8, 0x22C8, 0x21D0, 0x42E8, 0x4188, 0x0000, 0x0000, 0x2008, 0x4108, 0x4108,
  0x4108, 0x4108, 0x4108, 0x4108, 0x4108, 0x4108, 0x4108, 0x4108, 0x4108, 0x4108, 0x4108, 0x4108, 0x4108, 0x4108, 0x4108, 0x4008,
  0x4108, 0x4000, 0x4108, 0x4108, 0x4108, 0x4100, 0x4108, 0x4108, 0x4108, 0x2018, 0x2008, 0x2010, 0x2038, 0x2010, 0x4000, 0x4000,
  0x2028, 0x2128, 0x4108, 0x4100, 0x4000, 0x2028, 0x2030, 0x4008, 0x2008, 0x2008, 0x0000, 0x0000, 0x0000, 0x0000, 0x0000, 0x0000,
  0x2000, 0x2000, 0x6108, 0x2000, 0x2000, 0x2000, 0x2000, 0x2000, 0x6108, 0x4108, 0x2000, 0x4008, 0x4008, 0x4108, 0x2000, 0x4108,
  0x6108, 0x2000, 0x2000, 0x2000, 0x2000, 0x2000, 0x8210, 0x2000, 0x4108, 0x4108, 0x2008, 0x2008, 0x2000, 0x6108, 0x4108, 0x2000,
  0x2000, 0x2000, 0x0000, 0x2000, 0x8210, 0x2000, 0x4108, 0x4108, 0x4008, 0x4108, 0x4108, 0x6108, 0x6110, 0x0000, 0x0000, 0x0000,
  0x2000, 0x0000, 0x8210, 0x4108, 0x4008, 0x2008, 0x2000, 0x2000, 0x2000, 0x4008, 0x8210, 0x2000, 0x2000, 0x2000, 0x2000, 0x0000,
  0x6108, 0x4108, 0x2000, 0x2008, 0x2000, 0x2000, 0x4108, 0x2000, 0x6108, 0x2000, 0x2000, 0x2000, 0x2000, 0x0000, 0x4108, 0x6108,
  0x2000, 0x2000, 0x2000, 0x2000, 0x2008, 0x2000, 0x6108, 0x6108, 0x2000, 0x2000, 0x2000, 0x2000, 0x4108, 0x6110, 0x2000, 0x4108,
  0x2000, 0x2000, 0x2000, 0x2000, 0x4108, 0x4108, 0x2000, 0x2000, 0x2000, 0x2000, 0x2000, 0x6108, 0x2000, 0x2000, 0x2000, 0x2000,
  0x2000, 0x2000, 0x4108, 0x4108, 0x0000, 0x2000, 0x2000, 0x0000, 0x0000, 0x6108, 0x2000, 0x2000, 0x2000, 0x2000, 0x2000, 0x2000,
  0x2000, 0x4108, 0x2000, 0x2000, 0x2000, 0x2000, 0x0000, 0x4108, 0x4108, 0x2000, 0x2000, 0x2000, 0x2000, 0x2000, 0x4108, 0x2000,
  0x2008, 0x2000, 0x2000, 0x2000, 0x2000, 0x2000, 0x4008, 0x2000, 0x2000, 0x2000, 0x2000, 0x0000, 0x4108, 0x2000, 0x2000, 0x2000,
  0x2000, 0x2000, 0x2000, 0x2000, 0x2000, 0x2000, 0x2000, 0x2000, 0x2000, 0x0000, 0x2000, 0x2000, 0x2000, 0x2000, 0x2000, 0x2000,
  0x0000, 0x0000, 0x2000, 0x0000, 0x0000, 0x0000, 0x2000, 0x0000, 0x2000, 0x2000, 0x2000, 0x0000, 0x2000, 0x2000, 0x2000, 0x0000,
  0x0000, 0x0000, 0x0000, 0x0000, 0x0000, 0x2000, 0x0000, 0x2000, 0x0000, 0x0000, 0x0000, 0x0000, 0x0000, 0x0000, 0x0000, 0x0000,
  0x4108, 0x4108, 0x4108, 0x4108, 0x4108, 0x4108, 0x4108, 0x6108, 0x6108, 0x6108, 0x6108, 0x6108, 0x6108, 0x6108, 0x6110, 0x8110,
  0x8210, 0x8210, 0x8210, 0x8210, 0x8210, 0x8210, 0x8210, 0x8210, 0xA210, 0x6138, 0x2038, 0x0008, 0x0000, 0x2000, 0x2000, 0x4108,
  0x6108, 0x8210, 0x8210, 0x8210, 0x8210, 0x8210, 0x8210, 0x8210, 0x8210, 0x8210, 0x8210, 0x8210, 0x8210, 0x8210, 0x8208, 0x8210,
  0x8220, 0x6108, 0x2000, 0x2160, 0x22D0, 0x22D8, 0x22C8, 0x22D8, 0x42D8, 0x2158, 0x0000, 0x2000, 0x4108, 0x4108, 0x4108, 0x4108,
  0x4108, 0x4108, 0x4108, 0x4108, 0x4108, 0x4108, 0x4108, 0x4108, 0x4108, 0x4108, 0x4108, 0x4108, 0x4108, 0x4108, 0x4108, 0x4108,
  0x4000, 0x4008, 0x4108, 0x4108, 0x4108, 0x4110, 0x4108, 0x4118, 0x4118, 0x4000, 0x2020, 0x2030, 0x4008, 0x4000, 0x2008, 0x0030,
  0x2118, 0x4100, 0x4100, 0x2008, 0x0030, 0x2028, 0x4108, 0x4110, 0x2008, 0x0000, 0x0000, 0x0000, 0x0000, 0x0000, 0x2000, 0x2000,
  0x2000, 0x2000, 0x4008, 0x6108, 0x4108, 0x6108, 0x6108, 0x4108, 0x6108, 0x2000, 0x4108, 0x4008, 0x4008, 0x4008, 0x4108, 0x4108,
  0x6108, 0x6108, 0x4108, 0x4108, 0x4108, 0x8210, 0x4108, 0x4108, 0x4108, 0x4008, 0x2108, 0x4008, 0x2108, 0x2000, 0x6108, 0x6108,
  0x6108, 0x6108, 0x6108, 0x8210, 0x4108, 0x2008, 0x4108, 0x4108, 0x4108, 0x4108, 0x4108, 0x2000, 0x6108, 0x4108, 0x4108, 0x4108,
  0x4108, 0x6110, 0x6108, 0x2000, 0x4108, 0x2008, 0x2000, 0x2000, 0x2000, 0x2000, 0x4108, 0x6210, 0x6108, 0x6108, 0x6108, 0x6108,
  0x6108, 0x2000, 0x4108, 0x2108, 0x4100, 0x2008, 0x2000, 0x2000, 0x4108, 0x6208, 0x4108, 0x6108, 0x6108, 0x4108, 0x8210, 0x2000,
  0x2000, 0x2000, 0x2000, 0x2000, 0x2000, 0x2000, 0x2000, 0x6108, 0x4108, 0x6108, 0x6108, 0x4108, 0x6108, 0x4108, 0x2000, 0x4008,
  0x2108, 0x4008, 0x2008, 0x2000, 0x2000, 0x6108, 0x4108, 0x4108, 0x4108, 0x4108, 0x6108, 0x4108, 0x2000, 0x2000, 0x2000, 0x2000,
  0x2000, 0x2000, 0x2000, 0x4108, 0x4108, 0x4108, 0x4108, 0x4108, 0x4108, 0x4108, 0x2000, 0x2000, 0x2000, 0x2000, 0x2000, 0x2000,
  0x2000, 0x4108, 0x4108, 0x4108, 0x4108, 0x4108, 0x2008, 0x4108, 0x4108, 0x4108, 0x4108, 0x4108, 0x2000, 0x4108, 0x4108, 0x2000,
  0x2000, 0x2000, 0x2000, 0x2000, 0x2000, 0x2000, 0x4008, 0x2000, 0x2000, 0x2000, 0x2000, 0x2000, 0x2000, 0x2000, 0x2000, 0x2000,
  0x2000, 0x2000, 0x2000, 0x2000, 0x2000, 0x2000, 0x2000, 0x2000, 0x2000, 0x2000, 0x2000, 0x2000, 0x2000, 0x2000, 0x2000, 0x2000,
  0x2000, 0x0000, 0x2000, 0x0000, 0x2000, 0x2000, 0x2000, 0x0000, 0x2000, 0x0000, 0x2000, 0x0000, 0x2000, 0x2000, 0x2000, 0x0000,
  0x0000, 0x0000, 0x0000, 0x0000, 0x0000, 0x0000, 0x0000, 0x0000, 0x0000, 0x0000, 0x0000, 0x0000, 0x0000, 0x0000, 0x0000, 0x0000,
  0x4108, 0x4108, 0x4108, 0x4108, 0x4108, 0x4108, 0x6108, 0x6108, 0x6108, 0x6108, 0x6108, 0x6108, 0x6110, 0x6110, 0x8210, 0x8110,
  0x8110, 0x8210, 0x8210, 0x8210, 0x8210, 0x8210, 0x8208, 0x8220, 0x4148, 0x0028, 0x0000, 0x2000, 0x2000, 0x2000, 0x4108, 0x6108,
  0x8210, 0x8210, 0x8210, 0x8210, 0x8210, 0x8210, 0x8210, 0x8210, 0x8210, 0x8210, 0x8210, 0x8210, 0x8210, 0x8210, 0x8218, 0x6120,
  0x2000, 0x0018, 0x2198, 0x22E8, 0x22D8, 0x22D0, 0x42E8, 0x22C0, 0x2028, 0x0000, 0x2008, 0x4108, 0x4108, 0x4108, 0x4108, 0x4108,
  0x4108, 0x4108, 0x4108, 0x4108, 0x4108, 0x4108, 0x4108, 0x4108, 0x4108, 0x4108, 0x4108, 0x4108, 0x4108, 0x4108, 0x4108, 0x4108,
  0x2008, 0x2108, 0x4100, 0x4108, 0x4110, 0x6108, 0x4118, 0x4118, 0x4108, 0x2030, 0x2120, 0x4100, 0x4100, 0x2018, 0x0030, 0x2010,
  0x4100, 0x4100, 0x2018, 0x0038, 0x2010, 0x4110, 0x4110, 0x2000, 0x0000, 0x0000, 0x0000, 0x0000, 0x0000, 0x2000, 0x2000, 0x2000,
  0x2000, 0x2000, 0x4108, 0x6108, 0x4108, 0x6108, 0x6108, 0x4108, 0x6108, 0x2008, 0x4108, 0x4108, 0x4108, 0x4108, 0x4108, 0x2000,
  0x6108, 0x6108, 0x4108, 0x4108, 0x4108, 0x6108, 0x4108, 0x4108, 0x4108, 0x2100, 0x4108, 0x4108, 0x4108, 0x2000, 0x8210, 0x6108,
  0x6108, 0x6108, 0x6108, 0x8110, 0x4108, 0x4108, 0x4108, 0x4108, 0x4108, 0x4108, 0x4108, 0x0000, 0x6108, 0x6108, 0x6108, 0x6108,
  0x6108, 0x6108, 0x6108, 0x2000, 0x2000, 0x2000, 0x4108, 0x2008, 0x4008, 0x2000, 0x6108, 0x8210, 0x6108, 0x6108, 0x6108, 0x6108,
  0x6108, 0x2000, 0x4108, 0x2008, 0x4108, 0x2000, 0x2008, 0x4008, 0x4108, 0x8210, 0x6108, 0x6108, 0x6108, 0x4108, 0x6108, 0x2000,
  0x2000, 0x2000, 0x2008, 0x2000, 0x2000, 0x2000, 0x2000, 0x6110, 0x6108, 0x6210, 0x8210, 0x6108, 0x6108, 0x2000, 0x2000, 0x4008,
  0x4108, 0x4108, 0x4108, 0x2008, 0x2000, 0x6108, 0x4108, 0x6108, 0x4108, 0x4108, 0x6108, 0x2000, 0x2000, 0x2000, 0x2000, 0x2000,
  0x2000, 0x2000, 0x2000, 0x4108, 0x4108, 0x4108, 0x4108, 0x4108, 0x4108, 0x4108, 0x2000, 0x2000, 0x2000, 0x2000, 0x2000, 0x2008,
  0x2000, 0x4108, 0x4108, 0x4108, 0x4108, 0x4108, 0x4108, 0x4108, 0x4108, 0x4108, 0x4108, 0x4108, 0x4008, 0x4108, 0x4108, 0x2000,
  0x2000, 0x2008, 0x2000, 0x2008, 0x2000, 0x2000, 0x2000, 0x2000, 0x2108, 0x4008, 0x2000, 0x2000, 0x2000, 0x2000, 0x2000, 0x2000,
  0x2000, 0x2000, 0x2000, 0x0000, 0x2000, 0x2000, 0x2000, 0x2000, 0x2000, 0x2000, 0x2000, 0x2000, 0x2000, 0x2000, 0x2000, 0x2000,
  0x2000, 0x0000, 0x2000, 0x2000, 0x2000, 0x2000, 0x2000, 0x2000, 0x2000, 0x0000, 0x2000, 0x2000, 0x2000, 0x0000, 0x0000, 0x2000,
  0x0000, 0x2000, 0x0000, 0x2000, 0x0000, 0x0000, 0x0000, 0x0000, 0x0000, 0x0000, 0x0000, 0x0000, 0x0000, 0x0000, 0x0000, 0x0000,
  0x4108, 0x4108, 0x4108, 0x4108, 0x4108, 0x6108, 0x6108, 0x6108, 0x6108, 0x6108, 0x6108, 0x6110, 0x6110, 0x8110, 0x8110, 0x8210,
  0x8110, 0x8210, 0x8210, 0x8210, 0x8210, 0x8208, 0x6130, 0x2038, 0x0008, 0x0000, 0x2000, 0x2008, 0x4108, 0x6108, 0x8210, 0x8210,
  0x8210, 0x8210, 0x8210, 0x8210, 0x8210, 0x8210, 0x8210, 0x8210, 0x8210, 0x8210, 0x8210, 0x8210, 0x8210, 0x8220, 0x4110, 0x2000,
  0x0048, 0x42C8, 0x42E0, 0x22D0, 0x22D8, 0x42E8, 0x2198, 0x0008, 0x2000, 0x4108, 0x4108, 0x4108, 0x4108, 0x4108, 0x4108, 0x4108,
  0x4108, 0x4108, 0x4108, 0x4108, 0x4108, 0x4108, 0x4108, 0x4108, 0x4108, 0x4108, 0x4108, 0x4108, 0x4108, 0x4108, 0x4108, 0x4110,
  0x4108, 0x6108, 0x4110, 0x4110, 0x6110, 0x4120, 0x4108, 0x4010, 0x2030, 0x4118, 0x4100, 0x4100, 0x2028, 0x2028, 0x4100, 0x4100,
  0x4100, 0x2030, 0x2030, 0x4108, 0x4110, 0x4110, 0x0000, 0x0000, 0x0000, 0x0000, 0x0000, 0x2000, 0x0000, 0x2000, 0x2000, 0x2000,
  0x4108, 0x2000, 0x8210, 0x4108, 0x2000, 0x2000, 0x2000, 0x2000, 0x6108, 0x4108, 0x4108, 0x4108, 0x4108, 0x4108, 0x4008, 0x4108,
  0x8210, 0x2000, 0x4108, 0x4008, 0x2000, 0x2000, 0x6108, 0x2000, 0x4008, 0x2000, 0x2008, 0x4108, 0x2000, 0x6110, 0x6110, 0x2000,
  0x2000, 0x2000, 0x2000, 0x4108, 0x8210, 0x4108, 0x4108, 0x4108, 0x4008, 0x4108, 0x2000, 0x4108, 0x8110, 0x2000, 0x2000, 0x2108,
  0x2000, 0x2000, 0x8210, 0x2000, 0x2000, 0x2000, 0x2008, 0x4108, 0x4108, 0x2000, 0xA210, 0x2008, 0x2000, 0x2000, 0x2000, 0x2000,
  0x6108, 0x4108, 0x2000, 0x2000, 0x2008, 0x4108, 0x4108, 0x2000, 0x8210, 0x4108, 0x2000, 0x2000, 0x2008, 0x2000, 0x4108, 0x4108,
  0x2000, 0x2000, 0x2000, 0x2000, 0x4108, 0x2000, 0x6108, 0x6108, 0x2000, 0x4008, 0x2100, 0x2000, 0x4108, 0x6108, 0x2000, 0x4108,
  0x4108, 0x4108, 0x4108, 0x2000, 0x4108, 0x4108, 0x2000, 0x2000, 0x2000, 0x2000, 0x2000, 0x6108, 0x2000, 0x2000, 0x2000, 0x2000,
  0x2000, 0x2000, 0x2000, 0x6108, 0x2000, 0x2000, 0x2000, 0x2000, 0x2000, 0x6108, 0x2000, 0x2000, 0x2000, 0x2000, 0x2000, 0x2008,
  0x2000, 0x6108, 0x2000, 0x2000, 0x2000, 0x2000, 0x0000, 0x4108, 0x4108, 0x2000, 0x2000, 0x2000, 0x2000, 0x2000, 0x4108, 0x4008,
  0x4108, 0x4108, 0x2008, 0x2008, 0x2000, 0x2000, 0x4108, 0x2000, 0x2000, 0x2000, 0x2000, 0x0000, 0x4108, 0x2000, 0x2000, 0x2000,
  0x2000, 0x2000, 0x2000, 0x2000, 0x4108, 0x2000, 0x2000, 0x2000, 0x2000, 0x0000, 0x2000, 0x2000, 0x2000, 0x2000, 0x2000, 0x2000,
  0x0000, 0x0000, 0x2000, 0x2000, 0x2000, 0x2000, 0x2000, 0x0000, 0x2000, 0x2000, 0x0000, 0x2000, 0x2000, 0x2000, 0x2000, 0x0000,
  0x0000, 0x2000, 0x0000, 0x2000, 0x0000, 0x0000, 0x0000, 0x2000, 0x0000, 0x0000, 0x0000, 0x0000, 0x0000, 0x0000, 0x0000, 0x0000,
  0x4108, 0x4108, 0x4108, 0x4108, 0x4108, 0x6108, 0x6108, 0x6108, 0x6108, 0x6108, 0x6108, 0x6210, 0x8110, 0x8108, 0x8110, 0x8108,
  0x8210, 0x8210, 0x8210, 0x8208, 0x8218, 0x4140, 0x0028, 0x0000, 0x2000, 0x2008, 0x4108, 0x6108, 0x8110, 0x8210, 0x8210, 0x8210,
  0x8210, 0x8210, 0x8210, 0x8210, 0x8210, 0x8210, 0x8210, 0x8210, 0x8210, 0x8210, 0xA210, 0xA218, 0x8118, 0x2000, 0x0008, 0x2180,
  0x42E0, 0x42D8, 0x42D0, 0x22D8, 0x22E0, 0x2168, 0x0000, 0x2000, 0x4108, 0x4108, 0x4108, 0x4108, 0x4108, 0x4108, 0x4108, 0x4108,
  0x4108, 0x4108, 0x4108, 0x4108, 0x4108, 0x4108, 0x4108, 0x4108, 0x6108, 0x4108, 0x4108, 0x4108, 0x4100, 0x4108, 0x4110, 0x6108,
  0x6108, 0x4118, 0x6108, 0x4118, 0x4128, 0x6108, 0x2120, 0x2138, 0x4108, 0x6100, 0x4110, 0x2030, 0x2120, 0x4100, 0x4100, 0x4110,
  0x2048, 0x2128, 0x4108, 0x4110, 0x2008, 0x0000, 0x0000, 0x0000, 0x0000, 0x0000, 0x0000, 0x4108, 0x2000, 0x2000, 0x2000, 0x2000,
  0x2000, 0x6108, 0x6108, 0x4108, 0x4108, 0x2008, 0x4108, 0x2000, 0x4108, 0x8210, 0x2000, 0x4108, 0x4108, 0x4108, 0x2000, 0x6108,
  0x4108, 0x4108, 0x4108, 0x4108, 0x4108, 0x2000, 0x6108, 0x4108, 0x2000, 0x4108, 0x4108, 0x4108, 0x2000, 0xA210, 0x4108, 0x4108,
  0x4108, 0x4108, 0x4108, 0x4108, 0x8210, 0x6108, 0x2008, 0x4108, 0x2000, 0x2000, 0x0000, 0x8210, 0x4108, 0x4108, 0x4108, 0x4108,
  0x2008, 0x2000, 0x4108, 0x6108, 0x2000, 0x2000, 0x2000, 0x4108, 0x2000, 0x6108, 0x6108, 0x2000, 0x4108, 0x4108, 0x2000, 0x2000,
  0x4108, 0x6108, 0x2000, 0x4108, 0x4108, 0x4108, 0x4108, 0x4108, 0x8210, 0x2000, 0x4008, 0x2000, 0x2008, 0x4108, 0x2000, 0x6108,
  0x2000, 0x2000, 0x2000, 0x2000, 0x2000, 0x2000, 0x8210, 0x2008, 0x4108, 0x4108, 0x2000, 0x4108, 0x2000, 0x6110, 0x4108, 0x4108,
  0x2000, 0x2000, 0x2000, 0x2000, 0x6108, 0x4108, 0x4108, 0x2000, 0x2000, 0x4108, 0x2000, 0x6108, 0x4108, 0x2000, 0x2000, 0x2000,
  0x2000, 0x2000, 0x6108, 0x4108, 0x2000, 0x2000, 0x2000, 0x2000, 0x2000, 0x4108, 0x4108, 0x2000, 0x2000, 0x2000, 0x4108, 0x2000,
  0x4108, 0x4108, 0x2000, 0x2000, 0x2000, 0x2000, 0x2000, 0x2000, 0x4108, 0x2008, 0x2000, 0x2000, 0x2008, 0x2000, 0x4108, 0x4108,
  0x4108, 0x4108, 0x4008, 0x4008, 0x0000, 0x4108, 0x2008, 0x2000, 0x2000, 0x2000, 0x2000, 0x2000, 0x2000, 0x2000, 0x2000, 0x2000,
  0x2000, 0x2000, 0x0000, 0x4108, 0x2000, 0x2000, 0x2000, 0x2000, 0x2000, 0x2000, 0x2000, 0x2000, 0x2000, 0x2000, 0x2000, 0x2000,
  0x0000, 0x2000, 0x2000, 0x2000, 0x2000, 0x2000, 0x2000, 0x2000, 0x0000, 0x2000, 0x0000, 0x0000, 0x2000, 0x2000, 0x2000, 0x0000,
  0x2000, 0x0000, 0x0000, 0x2000, 0x0000, 0x2000, 0x0000, 0x0000, 0x0000, 0x0000, 0x2000, 0x0000, 0x0000, 0x0000, 0x0000, 0x0000,
  0x4108, 0x4108, 0x4108, 0x4108, 0x4108, 0x6108, 0x4108, 0x6108, 0x6108, 0x6108, 0x6108, 0x6110, 0x8210, 0x8210, 0x8210, 0x8210,
  0x8210, 0x8210, 0x8210, 0x6238, 0x4148, 0x2010, 0x2000, 0x2000, 0x2000, 0x4108, 0x6108, 0x8210, 0x8210, 0x8210, 0x8210, 0x8210,
  0x8210, 0x8210, 0x8210, 0x8210, 0x8210, 0x8210, 0x8210, 0x8210, 0x8210, 0xA210, 0x8218, 0x6110, 0x2000, 0x2148, 0x42C0, 0x42E8,
  0x42D8, 0x42D0, 0x42E8, 0x42D0, 0x0038, 0x0000, 0x2008, 0x4108, 0x4108, 0x6108, 0x4108, 0x4108, 0x4108, 0x4108, 0x4108, 0x4108,
  0x4108, 0x4108, 0x4108, 0x4108, 0x4108, 0x4108, 0x4108, 0x4108, 0x4108, 0x4108, 0x4108, 0x4108, 0x4108, 0x2108, 0x6100, 0x4108,
  0x4118, 0x4108, 0x4120, 0x4120, 0x4108, 0x2130, 0x2128, 0x4100, 0x6100, 0x4120, 0x2038, 0x4110, 0x4100, 0x4100, 0x2020, 0x2048,
  0x4118, 0x4108, 0x4110, 0x2000, 0x0000, 0x0000, 0x0000, 0x0000, 0x0000, 0x2000, 0x2000, 0x2000, 0x4108, 0x2000, 0x4108, 0x4108,
  0x2000, 0x6108, 0x4108, 0x4108, 0x4108, 0x4108, 0x4108, 0x4108, 0x2000, 0x6108, 0x4108, 0x4108, 0x4108, 0x4108, 0x4108, 0x8210,
  0x2008, 0x4108, 0x4108, 0x4108, 0x4108, 0x4108, 0x4108, 0x8210, 0x4108, 0x4108, 0x4108, 0x2000, 0x6108, 0x6108, 0x2000, 0x4108,
  0x4108, 0x4108, 0x4108, 0x4108, 0x4108, 0x8210, 0x4000, 0x4108, 0x4008, 0x2000, 0x4108, 0x6108, 0x2000, 0x4108, 0x4108, 0x4108,
  0x4108, 0x2000, 0x2000, 0x8210, 0x4108, 0x4108, 0x4108, 0x4000, 0x2000, 0x8210, 0x2000, 0x4108, 0x4108, 0x4108, 0x2008, 0x2000,
  0x2000, 0x6108, 0x6108, 0x4108, 0x4108, 0x4108, 0x2000, 0x8210, 0x4108, 0x2000, 0x2000, 0x2000, 0x2000, 0x4108, 0x2000, 0x6108,
  0x6108, 0x2000, 0x2000, 0x2008, 0x2000, 0x6108, 0x6108, 0x4008, 0x4108, 0x4008, 0x4108, 0x4108, 0x2000, 0x4108, 0x6108, 0x2000,
  0x4108, 0x2008, 0x2000, 0x4108, 0x6108, 0x2000, 0x4108, 0x4000, 0x2000, 0x2000, 0x2000, 0x4108, 0x6108, 0x2000, 0x2000, 0x2000,
  0x2000, 0x2008, 0x6108, 0x2000, 0x2000, 0x2000, 0x2000, 0x2000, 0x2000, 0x2000, 0x4108, 0x4108, 0x2000, 0x4108, 0x4108, 0x2000,
  0x6108, 0x2000, 0x2000, 0x2000, 0x2000, 0x2000, 0x2000, 0x2000, 0x4108, 0x4108, 0x2000, 0x2000, 0x4000, 0x2000, 0x2000, 0x4108,
  0x4108, 0x2008, 0x2000, 0x2000, 0x2000, 0x4108, 0x2000, 0x2000, 0x2000, 0x2000, 0x2000, 0x2000, 0x2000, 0x2008, 0x2000, 0x2000,
  0x2000, 0x2000, 0x2000, 0x4108, 0x2000, 0x2000, 0x2000, 0x2000, 0x2000, 0x2000, 0x2000, 0x2000, 0x2000, 0x2000, 0x2000, 0x2000,
  0x2000, 0x2000, 0x2000, 0x2000, 0x2000, 0x2000, 0x2000, 0x2000, 0x0000, 0x0000, 0x2000, 0x0000, 0x0000, 0x2000, 0x2000, 0x0000,
  0x2000, 0x0000, 0x2000, 0x2000, 0x2000, 0x2000, 0x0000, 0x0000, 0x2000, 0x2000, 0x2000, 0x0000, 0x0000, 0x0000, 0x0000, 0x0000,
  0x4108, 0x4108, 0x4108, 0x4108, 0x4108, 0x6108, 0x6108, 0x6108, 0x6108, 0x6108, 0x8110, 0x8210, 0x6210, 0x6108, 0x8210, 0x8210,
  0x8208, 0x8210, 0x4148, 0x2038, 0x2000, 0x2000, 0x2008, 0x4108, 0x4108, 0x6108, 0x8210, 0x8210, 0x8210, 0x8210, 0x8210, 0x8210,
  0x8210, 0x8210, 0x8210, 0x8210, 0x8210, 0x8210, 0x8210, 0x8210, 0xA210, 0x8218, 0x4100, 0x0010, 0x4188, 0x62E8, 0x42E0, 0x42D8,
  0x42D8, 0x42F0, 0x42B0, 0x0018, 0x2000, 0x4108, 0x4108, 0x4108, 0x6108, 0x6108, 0x4108, 0x4108, 0x4108, 0x4108, 0x4108, 0x4108,
  0x4108, 0x4108, 0x4108, 0x4108, 0x4108, 0x4108, 0x4108, 0x4108, 0x4108, 0x4108, 0x6108, 0x4110, 0x4108, 0x6100, 0x6118, 0x4118,
  0x4108, 0x4128, 0x4118, 0x4110, 0x2130, 0x4118, 0x4100, 0x6100, 0x4130, 0x2130, 0x4108, 0x4100, 0x4100, 0x2030, 0x2138, 0x4110,
  0x6110, 0x4110, 0x0000, 0x0000, 0x0000, 0x0000, 0x0000, 0x0000, 0x2000, 0x2000, 0x2000, 0x2000, 0x4108, 0x6108, 0x8210, 0x6108,
  0x6108, 0x4108, 0x2000, 0x4108, 0x4108, 0x4108, 0x4108, 0x4108, 0x2000, 0x4108, 0x6110, 0x6108, 0x6108, 0x6108, 0x8110, 0x6108,
  0x2008, 0x4108, 0x4108, 0x4108, 0x4108, 0x4108, 0x2000, 0x8210, 0x8210, 0x8210, 0x8210, 0x8210, 0x8210, 0x2000, 0x4108, 0x4108,
  0x4108, 0x4108, 0x4108, 0x4108, 0x2000, 0x6108, 0x8210, 0x8210, 0x8210, 0x8210, 0x8210, 0x4108, 0x2000, 0x4008, 0x4008, 0x4108,
  0x4108, 0x4108, 0x2000, 0x6108, 0xA210, 0x8210, 0x8210, 0x8210, 0xA210, 0x6108, 0x2000, 0x2008, 0x2008, 0x4008, 0x4108, 0x4108,
  0x2000, 0x2000, 0x8210, 0x8210, 0x8210, 0x8210, 0x6108, 0x8210, 0x2000, 0x2000, 0x2000, 0x2000, 0x4108, 0x4108, 0x4108, 0x2000,
  0xA210, 0x6210, 0x6108, 0x6108, 0x6108, 0x6108, 0x2000, 0x4008, 0x2008, 0x4108, 0x4108, 0x4108, 0x4108, 0x2000, 0x6108, 0x6108,
  0x6108, 0x6108, 0x6108, 0x6108, 0x2008, 0x2008, 0x2000, 0x2000, 0x2000, 0x2000, 0x4108, 0x2000, 0x8210, 0x6108, 0x6108, 0x6108,
  0x6108, 0x6108, 0x4108, 0x2000, 0x2000, 0x2000, 0x2000, 0x2000, 0x2000, 0x2000, 0x4108, 0x6108, 0x6108, 0x6108, 0x6108, 0x6108,
  0x4108, 0x2000, 0x2000, 0x2000, 0x2000, 0x2000, 0x2000, 0x2000, 0x4108, 0x4108, 0x2000, 0x2008, 0x2000, 0x2000, 0x2000, 0x4108,
  0x4108, 0x4108, 0x4108, 0x4108, 0x4108, 0x2000, 0x2000, 0x2000, 0x2008, 0x2008, 0x2000, 0x4108, 0x2000, 0x2008, 0x4108, 0x4108,
  0x4108, 0x4108, 0x4108, 0x2000, 0x2000, 0x2000, 0x2000, 0x2000, 0x2000, 0x2000, 0x2000, 0x2000, 0x2000, 0x2000, 0x4008, 0x2000,
  0x4108, 0x2000, 0x2000, 0x2000, 0x2000, 0x2000, 0x2000, 0x2000, 0x2000, 0x0000, 0x2000, 0x2000, 0x2000, 0x2000, 0x2000, 0x2000,
  0x0000, 0x2000, 0x2000, 0x2000, 0x2000, 0x2000, 0x0000, 0x0000, 0x2000, 0x2000, 0x2000, 0x2000, 0x2000, 0x0000, 0x0000, 0x0000,
  0x4108, 0x4108, 0x4108, 0x4108, 0x4108, 0x6108, 0x6108, 0x6108, 0x6108, 0x6108, 0x8210, 0x8110, 0x8208, 0x6110, 0x8210, 0x8200,
  0x6128, 0x2050, 0x0018, 0x2000, 0x2000, 0x2008, 0x4108, 0x6108, 0x8210, 0x8210, 0x8210, 0x8210, 0x8210, 0x8210, 0x8210, 0x8210,
  0x8210, 0x8210, 0x8210, 0xA210, 0xA210, 0xA210, 0xA210, 0xA218, 0x6110, 0x2000, 0x2040, 0x42B8, 0x62E8, 0x42D8, 0x42D8, 0x42E0,
  0x22E8, 0x2178, 0x0000, 0x2000, 0x4108, 0x4108, 0x6108, 0x6108, 0x6108, 0x6108, 0x4108, 0x4108, 0x4108, 0x4108, 0x4108, 0x4108,
  0x4108, 0x4108, 0x6108, 0x6108, 0x6108, 0x6108, 0x4108, 0x4108, 0x4108, 0x4108, 0x4110, 0x6108, 0x6108, 0x6120, 0x6118, 0x6118,
  0x4128, 0x6100, 0x4120, 0x2130, 0x4108, 0x6100, 0x4110, 0x2138, 0x4120, 0x4100, 0x4100, 0x4108, 0x2040, 0x4128, 0x4108, 0x4118,
  0x4108, 0x0000, 0x0000, 0x0000, 0x0000, 0x0000, 0x0000, 0x2000, 0x2000, 0x2000, 0x2000, 0x4108, 0x4108, 0x2000, 0x4108, 0x4108,
  0x2000, 0x6108, 0x4108, 0x2000, 0x4108, 0x4108, 0x4108, 0x4108, 0x2000, 0x6110, 0x2000, 0x2000, 0x2000, 0x2000, 0x2000, 0x6108,
  0x2008, 0x4108, 0x4108, 0x4108, 0x4108, 0x4108, 0x2008, 0x8210, 0x2000, 0x4008, 0x4108, 0x2000, 0x4108, 0x6108, 0x2000, 0x4108,
  0x4108, 0x4108, 0x4108, 0x2000, 0x2000, 0x6108, 0x4008, 0x4108, 0x4108, 0x4008, 0x4108, 0x6108, 0x2000, 0x2008, 0x2100, 0x4108,
  0x4108, 0x4108, 0x2000, 0x8210, 0x4108, 0x4108, 0x2008, 0x4108, 0x2000, 0x6108, 0x2008, 0x2000, 0x2000, 0x4108, 0x4108, 0x4108,
  0x2000, 0x8210, 0x4108, 0x2000, 0x2000, 0x2008, 0x0000, 0x6108, 0x4108, 0x2000, 0x4108, 0x4108, 0x4108, 0x4108, 0x2000, 0x4108,
  0x6108, 0x2000, 0x2008, 0x2000, 0x0000, 0x4108, 0x4108, 0x2000, 0x4108, 0x4108, 0x4108, 0x4108, 0x4108, 0x6108, 0x6108, 0x4108,
  0x4108, 0x4108, 0x4108, 0x4108, 0x6108, 0x4108, 0x4108, 0x4108, 0x4108, 0x4108, 0x4000, 0x4000, 0x6108, 0x2000, 0x2000, 0x2000,
  0x2000, 0x2000, 0x6108, 0x2000, 0x2000, 0x2000, 0x2000, 0x2000, 0x2000, 0x2000, 0x6108, 0x2000, 0x2000, 0x2000, 0x2000, 0x2000,
  0x6108, 0x2000, 0x2000, 0x2000, 0x2000, 0x2000, 0x2000, 0x2000, 0x4108, 0x2000, 0x2000, 0x2008, 0x2000, 0x2000, 0x2000, 0x6108,
  0x4008, 0x4108, 0x4008, 0x2000, 0x2000, 0x4108, 0x2000, 0x2008, 0x2008, 0x2000, 0x2008, 0x2000, 0x2000, 0x4108, 0x2000, 0x2000,
  0x2000, 0x2000, 0x2000, 0x4108, 0x2000, 0x2000, 0x2000, 0x2000, 0x2000, 0x2000, 0x2000, 0x2000, 0x2000, 0x2000, 0x2000, 0x2000,
  0x2000, 0x2000, 0x2000, 0x2000, 0x2000, 0x2000, 0x2000, 0x2000, 0x0000, 0x2000, 0x2000, 0x2000, 0x2000, 0x2000, 0x2000, 0x0000,
  0x2000, 0x0000, 0x2000, 0x2000, 0x2000, 0x2000, 0x2000, 0x0000, 0x2000, 0x2000, 0x2000, 0x2000, 0x0000, 0x0000, 0x0000, 0x0000,
  0x4108, 0x4108, 0x4108, 0x4108, 0x4108, 0x6108, 0x6108, 0x6108, 0x6108, 0x6110, 0x8108, 0x8108, 0x6110, 0x8208, 0x6110, 0x4140,
  0x0040, 0x2008, 0x2000, 0x2008, 0x4108, 0x4108, 0x6108, 0x8210, 0x8210, 0x8210, 0x8210, 0x8210, 0x8210, 0x8210, 0x8210, 0x8210,
  0x8210, 0x8210, 0x8210, 0xA210, 0xA210, 0xA210, 0x8218, 0x4100, 0x2008, 0x4180, 0x42E0, 0x42E0, 0x42D8, 0x42D8, 0x42E8, 0x42E0,
  0x0150, 0x0000, 0x2000, 0x4108, 0x4108, 0x6108, 0x6108, 0x6108, 0x6108, 0x6108, 0x6108, 0x4108, 0x4108, 0x4108, 0x4108, 0x4108,
  0x4108, 0x4108, 0x4108, 0x6108, 0x6108, 0x6108, 0x6108, 0x6108, 0x4110, 0x4110, 0x6108, 0x6110, 0x4118, 0x6110, 0x4128, 0x4118,
  0x6108, 0x4130, 0x4128, 0x6100, 0x6100, 0x4118, 0x2138, 0x4118, 0x6100, 0x4100, 0x4118, 0x2048, 0x4118, 0x4110, 0x4118, 0x2000,
  0x0000, 0x0000, 0x0000, 0x0000, 0x2000, 0x2000, 0x2000, 0x2000, 0x2000, 0x2008, 0x2000, 0x6108, 0x4108, 0x4108, 0x4108, 0x4108,
  0x2000, 0x4108, 0x6108, 0x2000, 0x2008, 0x4108, 0x4108, 0x2000, 0x4108, 0x6108, 0x2008, 0x4108, 0x4108, 0x4108, 0x4108, 0x6108,
  0x4108, 0x2000, 0x4108, 0x4108, 0x4108, 0x2000, 0x8210, 0x6108, 0x4108, 0x4108, 0x4108, 0x4108, 0x2000, 0x6108, 0x4108, 0x4108,
  0x4108, 0x4108, 0x4108, 0x0000, 0x6108, 0x4108, 0x4108, 0x4108, 0x4108, 0x4108, 0x2008, 0x8210, 0x4108, 0x2000, 0x4008, 0x4108,
  0x4108, 0x2000, 0x6108, 0x8110, 0x4108, 0x4108, 0x4108, 0x4108, 0x2000, 0x4108, 0x4108, 0x2000, 0x4008, 0x4108, 0x4108, 0x4108,
  0x4108, 0xA210, 0x2000, 0x4108, 0x4108, 0x4108, 0x4108, 0x4008, 0x8210, 0x2000, 0x4108, 0x4108, 0x4108, 0x4108, 0x2000, 0x6108,
  0x2000, 0x4108, 0x4108, 0x4108, 0x4108, 0x4108, 0x8210, 0x4108, 0x4108, 0x2000, 0x2000, 0x0000, 0x0000, 0x2000, 0x0000, 0x0000,
  0x0000, 0x0000, 0x0000, 0x0000, 0x0000, 0x0000, 0x0000, 0x0000, 0x0000, 0x0000, 0x0000, 0x6108, 0x4108, 0x4108, 0x4108, 0x4008,
  0x4000, 0x2000, 0x4108, 0x4108, 0x2000, 0x4108, 0x2000, 0x4008, 0x2000, 0x4108, 0x4108, 0x2000, 0x2008, 0x2000, 0x2000, 0x2000,
  0x4108, 0x4108, 0x2000, 0x2000, 0x2000, 0x2000, 0x2000, 0x2000, 0x4108, 0x2000, 0x4100, 0x2000, 0x2000, 0x2000, 0x4108, 0x4108,
  0x4108, 0x4108, 0x4008, 0x4108, 0x2000, 0x4108, 0x4008, 0x2008, 0x4008, 0x2000, 0x4108, 0x2000, 0x4108, 0x2000, 0x2000, 0x4008,
  0x2000, 0x2000, 0x2000, 0x4108, 0x2000, 0x2000, 0x2000, 0x2000, 0x2000, 0x0000, 0x2000, 0x2000, 0x2000, 0x2000, 0x2000, 0x2000,
  0x2000, 0x2000, 0x2000, 0x2000, 0x2000, 0x2000, 0x2000, 0x2000, 0x0000, 0x2000, 0x2000, 0x2000, 0x2000, 0x2000, 0x2000, 0x0000,
  0x2000, 0x2000, 0x2000, 0x2000, 0x2000, 0x2000, 0x2000, 0x0000, 0x2000, 0x2000, 0x2000, 0x2000, 0x0000, 0x0000, 0x0000, 0x0000,
  0x4108, 0x4108, 0x4108, 0x6108, 0x6108, 0x6108, 0x6108, 0x6108, 0x6108, 0x6110, 0x8210, 0x8210, 0x8208, 0x6128, 0x4150, 0x0020,
  0x2000, 0x2000, 0x2008, 0x4108, 0x6108, 0x8210, 0x8210, 0x8210, 0x8210, 0x8210, 0x8210, 0x8210, 0x8210, 0x8210, 0x8210, 0xA210,
  0xA210, 0xA210, 0xA210, 0x8210, 0xA210, 0x6110, 0x2000, 0x2138, 0x22C0, 0x42E8, 0x42D8, 0x42D8, 0x42D8, 0x42F0, 0x42C0, 0x2028,
  0x2000, 0x2108, 0x4108, 0x4108, 0x6108, 0x6108, 0x6108, 0x4108, 0x4108, 0x6108, 0x4108, 0x4108, 0x4108, 0x4108, 0x4108, 0x4108,
  0x4108, 0x4108, 0x4108, 0x4108, 0x6108, 0x6108, 0x4108, 0x4110, 0x4110, 0x6100, 0x6118, 0x4110, 0x4108, 0x4128, 0x6110, 0x4110,
  0x2138, 0x4118, 0x6100, 0x6108, 0x4130, 0x2130, 0x6108, 0x6108, 0x6100, 0x2030, 0x2140, 0x6110, 0x6118, 0x4110, 0x2000, 0x0000,
  0x0000, 0x0000, 0x0000, 0x0000, 0x2000, 0x4108, 0x2000, 0x2000, 0x2000, 0x0000, 0x4108, 0x6108, 0x2000, 0x4108, 0x4108, 0x4108,
  0x4108, 0x2000, 0x6108, 0x4108, 0x2000, 0x2000, 0x4108, 0x2000, 0x6210, 0x4108, 0x4108, 0x4108, 0x4108, 0x4108, 0x4108, 0x4108,
  0x6210, 0x2000, 0x2000, 0x4008, 0x2000, 0x4108, 0x8210, 0x4108, 0x6108, 0x4108, 0x4108, 0x4108, 0x2008, 0x6108, 0x8210, 0x4008,
  0x4008, 0x4108, 0x2000, 0x2000, 0x8210, 0x4108, 0x4108, 0x4108, 0x4108, 0x4108, 0x4108, 0x6108, 0x8210, 0x2000, 0x2000, 0x2000,
  0x2000, 0x2000, 0xA210, 0x4108, 0x4108, 0x4108, 0x4108, 0x4108, 0x4008, 0x2000, 0x8210, 0x2000, 0x2000, 0x2000, 0x4108, 0x2000,
  0xA210, 0x6108, 0x2000, 0x4108, 0x4008, 0x4108, 0x4108, 0x2000, 0x6108, 0x4108, 0x2000, 0x2000, 0x2000, 0x0000, 0x6108, 0x6108,
  0x4108, 0x6108, 0x6108, 0x6108, 0x2000, 0x0000, 0x0000, 0x0000, 0x0000, 0x2000, 0x8210, 0x0421, 0x8631, 0x0842, 0x694A, 0xCB5A,
  0x0C63, 0x2C63, 0x2C63, 0x0C63, 0xCB5A, 0x8A52, 0x494A, 0x0842, 0xA631, 0x2421, 0xA210, 0x6108, 0x0000, 0x0000, 0x0000, 0x0000,
  0x2000, 0x4108, 0x4108, 0x6108, 0x2000, 0x2000, 0x2000, 0x2000, 0x0000, 0x6108, 0x2008, 0x4108, 0x2000, 0x2000, 0x2000, 0x4000,
  0x2000, 0x6108, 0x2000, 0x2000, 0x2000, 0x2000, 0x0000, 0x6108, 0x4108, 0x2000, 0x2000, 0x2000, 0x2000, 0x2000, 0x4108, 0x4108,
  0x4108, 0x4108, 0x4108, 0x4108, 0x4108, 0x4108, 0x4108, 0x2000, 0x2000, 0x2000, 0x2000, 0x2000, 0x4108, 0x2000, 0x2008, 0x2008,
  0x2000, 0x2000, 0x2000, 0x2000, 0x4108, 0x2000, 0x2000, 0x2000, 0x2000, 0x2000, 0x4108, 0x2000, 0x2000, 0x2000, 0x2000, 0x2000,
  0x2000, 0x2000, 0x2000, 0x2000, 0x2000, 0x2000, 0x2000, 0x0000, 0x2000, 0x2000, 0x2000, 0x2000, 0x2000, 0x2000, 0x0000, 0x0000,
  0x0000, 0x2000, 0x2000, 0x2000, 0x2000, 0x2000, 0x0000, 0x2000, 0x0000, 0x2000, 0x2000, 0x0000, 0x0000, 0x0000, 0x0000, 0x0000,
  0x4108, 0x4108, 0x4108, 0x6108, 0x6108, 0x6108, 0x6108, 0x6108, 0x8110, 0x6210, 0x8208, 0x8210, 0x4140, 0x2048, 0x2008, 0x2000,
  0x2008, 0x2000, 0x4108, 0x6110, 0x8210, 0x8210, 0x8210, 0xA210, 0xA210, 0xA210, 0x8210, 0xA210, 0xA210, 0xA210, 0xA210, 0xA210,
  0xA210, 0xA210, 0xA210, 0x8210, 0x4100, 0x2010, 0x2180, 0x42E0, 0x42E0, 0x42D0, 0x42D8, 0x42D8, 0x42E8, 0x2190, 0x0008, 0x2000,
  0x4108, 0x4108, 0x6108, 0x6108, 0x6108, 0x6108, 0x6108, 0x4108, 0x4108, 0x4108, 0x4108, 0x4108, 0x4108, 0x4108, 0x4108, 0x6108,
  0x4108, 0x4108, 0x6108, 0x6108, 0x6108, 0x6110, 0x4110, 0x6108, 0x6108, 0x6118, 0x6118, 0x4110, 0x4128, 0x6108, 0x6120, 0x2138,
  0x4110, 0x6100, 0x4110, 0x4138, 0x4120, 0x6108, 0x6100, 0x6110, 0x2140, 0x2130, 0x6108, 0x6120, 0x4108, 0x0000, 0x0000, 0x0000,
  0x0000, 0x0000, 0x2000, 0x2000, 0x2000, 0x4108, 0x6108, 0x6108, 0x6108, 0x6108, 0x6210, 0x4108, 0x4108, 0x4108, 0x4108, 0x4108,
  0x4108, 0x2108, 0x4108, 0x8110, 0x6108, 0x6110, 0x6108, 0x6108, 0x6108, 0x4108, 0x4108, 0x4108, 0x4108, 0x4108, 0x4108, 0x4108,
  0x6108, 0x8210, 0x6108, 0x6108, 0x6108, 0x8210, 0x6108, 0x4108, 0x4108, 0x4108, 0x4108, 0x4108, 0x4108, 0x4108, 0x8210, 0x6110,
  0x6108, 0x6108, 0x6108, 0xA210, 0x6108, 0x4108, 0x4108, 0x4108, 0x4108, 0x4108, 0x4108, 0x4108, 0x8210, 0x8210, 0x6108, 0x6108,
  0x4108, 0x8210, 0x6108, 0x4108, 0x4108, 0x4108, 0x4108, 0x4108, 0x4108, 0x4108, 0x6108, 0x8210, 0x6110, 0x6108, 0x6108, 0x6108,
  0x8210, 0x2000, 0x4108, 0x4108, 0x4108, 0x4108, 0x4108, 0x4108, 0x4108, 0x8210, 0x6108, 0x6108, 0x6108, 0x6108, 0xA210, 0x4108,
  0x0000, 0x0000, 0x0000, 0x4108, 0xC318, 0x8631, 0x8A52, 0xAE73, 0x9294, 0x55AD, 0xF7BD, 0x38C6, 0x38C6, 0x39CE, 0x38C6, 0x39CE,
  0x39CE, 0x18C6, 0xF8C5, 0xD7BD, 0xB7BD, 0xB6BD, 0xD7BD, 0xF7BD, 0xD7BD, 0x75AD, 0xF39C, 0x518C, 0xAE73, 0xCA5A, 0xE739, 0x2421,
  0x6108, 0x0000, 0x0000, 0x4108, 0x6108, 0x6108, 0x6108, 0x4108, 0x6108, 0x4108, 0x2000, 0x4108, 0x2000, 0x2000, 0x2000, 0x2000,
  0x2000, 0x6108, 0x6108, 0x6108, 0x6108, 0x6108, 0x6108, 0x4108, 0x4108, 0x6108, 0x4108, 0x4108, 0x4108, 0x4108, 0x4108, 0x4108,
  0x4108, 0x4108, 0x4108, 0x4108, 0x4108, 0x2000, 0x4108, 0x4108, 0x4108, 0x4108, 0x4108, 0x4108, 0x4008, 0x2000, 0x2008, 0x2000,
  0x4000, 0x2000, 0x4008, 0x2000, 0x2008, 0x2000, 0x4008, 0x4108, 0x2000, 0x4108, 0x2000, 0x2000, 0x2000, 0x2000, 0x2000, 0x2000,
  0x2000, 0x2000, 0x2000, 0x2000, 0x2000, 0x2000, 0x2000, 0x2000, 0x2000, 0x2000, 0x2000, 0x2000, 0x2000, 0x0000, 0x2000, 0x2000,
  0x0000, 0x2000, 0x2000, 0x2000, 0x2000, 0x2000, 0x0000, 0x0000, 0x2000, 0x2000, 0x2000, 0x0000, 0x2000, 0x2000, 0x0000, 0x0000,
  0x4108, 0x4108, 0x6108, 0x6108, 0x6108, 0x6108, 0x6108, 0x6110, 0x8210, 0x8208, 0x6120, 0x2148, 0x0028, 0x2000, 0x2000, 0x2008,
  0x2000, 0x6108, 0x8210, 0x8210, 0xA210, 0xA210, 0xA210, 0xA210, 0xA210, 0xA210, 0xA210, 0xA210, 0xA210, 0xA210, 0xA210, 0xA210,
  0xA210, 0x8210, 0x8210, 0x4100, 0x2140, 0x22C8, 0x42F0, 0x42D8, 0x42D8, 0x42D0, 0x42E0, 0x42E0, 0x2160, 0x0000, 0x2000, 0x4108,
  0x4108, 0x6108, 0x6108, 0x6108, 0x6108, 0x6108, 0x6108, 0x6108, 0x6108, 0x4108, 0x6108, 0x6108, 0x6108, 0x6108, 0x6108, 0x6108,
  0x6108, 0x6108, 0x6108, 0x6108, 0x6110, 0x4110, 0x6108, 0x6108, 0x4110, 0x4108, 0x4120, 0x4120, 0x6108, 0x4138, 0x2130, 0x6100,
  0x6100, 0x4120, 0x2140, 0x4110, 0x6100, 0x6100, 0x4120, 0x2148, 0x4118, 0x6108, 0x6118, 0x2000, 0x0000, 0x0000, 0x0000, 0x0000,
  0x0000, 0x2000, 0x2000, 0x2000, 0x2000, 0x6108, 0x4108, 0x4108, 0x4108, 0x2000, 0x6108, 0x4108, 0x4108, 0x4108, 0x4108, 0x4008,
  0x4108, 0x2000, 0x6108, 0x6108, 0x4108, 0x6108, 0x4108, 0x2000, 0x6108, 0x4108, 0x4108, 0x4108, 0x4108, 0x4108, 0x4108, 0x2000,
  0x8210, 0x6108, 0x4108, 0x4108, 0x4008, 0x6108, 0x6110, 0x4108, 0x4108, 0x4108, 0x4108, 0x4108, 0x4108, 0x4108, 0x6108, 0x4108,
  0x4108, 0x4108, 0x4108, 0x8210, 0x6108, 0x4108, 0x4108, 0x4108, 0x4108, 0x4108, 0x4108, 0x4108, 0x8210, 0x4108, 0x4108, 0x4008,
  0x4008, 0x4108, 0x8210, 0x4108, 0x4108, 0x4108, 0x4108, 0x4108, 0x4108, 0x2000, 0x6108, 0x6108, 0x6108, 0x4108, 0x4108, 0x2000,
  0x6108, 0x2000, 0x4108, 0x4108, 0x4108, 0x4108, 0x4108, 0x2000, 0x4108, 0x8210, 0x4108, 0x4108, 0x2000, 0x0000, 0x0000, 0x4108,
  0x2421, 0x6A52, 0x1084, 0x96B5, 0x79CE, 0xBAD6, 0xBAD6, 0x9AD6, 0x79CE, 0x59CE, 0x18C6, 0x18C6, 0xD7BD, 0xB6BD, 0x96B5, 0x55AD,
  0x55AD, 0x34AD, 0x34AD, 0x34A5, 0x34AD, 0x34AD, 0x34AD, 0x55AD, 0x34A5, 0xD39C, 0xD39C, 0x14A5, 0x55AD, 0x34A5, 0x34A5, 0x14A5,
  0x518C, 0x2C63, 0x0842, 0x0421, 0x2000, 0x0000, 0x0000, 0x4108, 0x4108, 0x6108, 0x2000, 0x4000, 0x2000, 0x2000, 0x2000, 0x4108,
  0x2000, 0x6108, 0x4108, 0x2008, 0x4008, 0x4108, 0x2000, 0x4108, 0x4108, 0x4108, 0x4108, 0x4108, 0x4108, 0x4108, 0x4108, 0x2000,
  0x4108, 0x4108, 0x4108, 0x2008, 0x2008, 0x2000, 0x4108, 0x2008, 0x4108, 0x2008, 0x2000, 0x2008, 0x4108, 0x2000, 0x2000, 0x2008,
  0x2000, 0x2008, 0x2108, 0x2000, 0x4108, 0x2000, 0x2008, 0x2108, 0x2000, 0x2000, 0x2108, 0x2000, 0x2000, 0x2000, 0x2000, 0x2000,
  0x2000, 0x2000, 0x2000, 0x2000, 0x2000, 0x2000, 0x2000, 0x0000, 0x2000, 0x0000, 0x2000, 0x2000, 0x2000, 0x2000, 0x2000, 0x2000,
  0x0000, 0x2000, 0x0000, 0x2000, 0x0000, 0x2000, 0x0000, 0x0000, 0x2000, 0x0000, 0x2000, 0x2000, 0x2000, 0x2000, 0x0000, 0x0000,
  0x6108, 0x6108, 0x6108, 0x6108, 0x6108, 0x6108, 0x6110, 0x6108, 0x8108, 0x6138, 0x2048, 0x0010, 0x2000, 0x2000, 0x2000, 0x4108,
  0x6108, 0x8210, 0x8210, 0x8210, 0x8210, 0xA210, 0x8210, 0xA210, 0xA210, 0xA210, 0xA210, 0xA210, 0xA210, 0xA210, 0xA210, 0xA210,
  0x8210, 0x6108, 0x4108, 0x2180, 0x42E0, 0x42E0, 0x42D8, 0x42D8, 0x42D8, 0x42E8, 0x22C8, 0x2038, 0x2000, 0x2008, 0x4108, 0x6108,
  0x6108, 0x6108, 0x6108, 0x6108, 0x6108, 0x6108, 0x6108, 0x6108, 0x6108, 0x6108, 0x6108, 0x6108, 0x6108, 0x6108, 0x6110, 0x6108,
  0x6108, 0x6108, 0x6108, 0x6118, 0x6110, 0x6108, 0x6118, 0x6118, 0x6110, 0x4130, 0x6118, 0x4110, 0x2140, 0x4120, 0x6100, 0x6100,
  0x4130, 0x4138, 0x4108, 0x6100, 0x6100, 0x2138, 0x2148, 0x4118, 0x6110, 0x6110, 0x2000, 0x0000, 0x0000, 0x0000, 0x2000, 0x2000,
  0x2000, 0x2000, 0x2000, 0x2000, 0x4108, 0x6108, 0x2000, 0x4108, 0x4008, 0x2008, 0x4108, 0x6108, 0x4008, 0x4108, 0x4108, 0x4108,
  0x4108, 0x2008, 0x8210, 0x4108, 0x4108, 0x4108, 0x4108, 0x2000, 0x6108, 0x6108, 0x4108, 0x4108, 0x4108, 0x4108, 0x2000, 0x4108,
  0x8110, 0x4108, 0x4108, 0x4108, 0x4108, 0x4108, 0x8210, 0x4108, 0x4108, 0x4108, 0x4108, 0x6108, 0x2000, 0x6110, 0x6108, 0x2000,
  0x4108, 0x4108, 0x4108, 0x4108, 0x8210, 0x4108, 0x4108, 0x4108, 0x4108, 0x4108, 0x2000, 0x4108, 0x6108, 0x2000, 0x4108, 0x4108,
  0x4108, 0x2000, 0x8210, 0x4108, 0x4108, 0x4108, 0x4108, 0x4108, 0x4108, 0x2000, 0x8210, 0x2000, 0x4108, 0x4108, 0x4008, 0x2000,
  0x4108, 0x6108, 0x2000, 0x4108, 0x4108, 0x4108, 0x4108, 0x2000, 0xA210, 0x4008, 0x0000, 0x0000, 0x8110, 0xE739, 0xEF7B, 0xB6B5,
  0xBAD6, 0xFBDE, 0xFBDE, 0xFBDE, 0xBAD6, 0x59CE, 0x18C6, 0x18C6, 0x18C6, 0x59CE, 0x79CE, 0xBAD6, 0xDBDE, 0xDBDE, 0x9AD6, 0x18C6,
  0xF7BD, 0xF7BD, 0xD7BD, 0xD7BD, 0xF7BD, 0x18C6, 0x38C6, 0x18C6, 0x18C6, 0xF7BD, 0xB6B5, 0x96B5, 0x55AD, 0xD39C, 0x718C, 0x718C,
  0x518C, 0x508C, 0x518C, 0x518C, 0x6D73, 0x2842, 0xE318, 0x2000, 0x0000, 0x4108, 0x4108, 0x4108, 0x4108, 0x4108, 0x4108, 0x2108,
  0x2000, 0x6108, 0x2000, 0x2000, 0x2000, 0x2000, 0x0000, 0x4108, 0x6108, 0x2000, 0x2000, 0x2008, 0x4108, 0x2000, 0x4108, 0x2108,
  0x4108, 0x4108, 0x4008, 0x4108, 0x2000, 0x4108, 0x4108, 0x2000, 0x2100, 0x2000, 0x4108, 0x2000, 0x4108, 0x2000, 0x2000, 0x2008,
  0x2008, 0x4008, 0x2000, 0x2000, 0x4108, 0x2000, 0x2008, 0x2000, 0x2008, 0x2000, 0x4108, 0x2000, 0x2000, 0x2000, 0x2000, 0x2000,
  0x2000, 0x2000, 0x2000, 0x2000, 0x2000, 0x2000, 0x2000, 0x0000, 0x2000, 0x2000, 0x2000, 0x2000, 0x2000, 0x2000, 0x2000, 0x0000,
  0x2000, 0x2000, 0x0000, 0x2000, 0x2000, 0x2000, 0x0000, 0x0000, 0x2000, 0x2000, 0x2000, 0x2000, 0x2000, 0x0000, 0x0000, 0x0000,
  0x6108, 0x6108, 0x6108, 0x6108, 0x6108, 0x6110, 0x6108, 0x6110, 0x2140, 0x0030, 0x0000, 0x2000, 0x2000, 0x2100, 0x6108, 0x8210,
  0xA210, 0xA210, 0x8210, 0x8210, 0x8210, 0x8210, 0xA210, 0x8210, 0x8210, 0xA210, 0xA210, 0xA210, 0xA210, 0xA210, 0x8210, 0x6108,
  0x4100, 0x2130, 0x42B8, 0x42E8, 0x42D8, 0x42D8, 0x42D8, 0x42D8, 0x22E8, 0x21A0, 0x0010, 0x2000, 0x4108, 0x4108, 0x6108, 0x6108,
  0x6108, 0x6108, 0x6108, 0x6108, 0x6108, 0x6108, 0x6108, 0x6108, 0x6108, 0x6108, 0x6108, 0x6108, 0x6108, 0x6110, 0x6108, 0x6108,
  0x6108, 0x6110, 0x6118, 0x6108, 0x6108, 0x6118, 0x6110, 0x8118, 0x6138, 0x8210, 0x6120, 0x4140, 0x4110, 0x6100, 0x6110, 0x2140,
  0x4128, 0x6100, 0x6100, 0x6110, 0x2148, 0x4130, 0x6108, 0x4120, 0x4108, 0x0000, 0x0000, 0x0000, 0x0000, 0x0000, 0x2000, 0x2000,
  0x2000, 0x2000, 0x2008, 0x2000, 0x6108, 0x4108, 0x4008, 0x4108, 0x4108, 0x4108, 0x4108, 0x6108, 0x4108, 0x2000, 0x2008, 0x4108,
  0x2000, 0x6108, 0x6108, 0x4108, 0x4108, 0x4108, 0x4108, 0x4108, 0x4108, 0x8210, 0x4108, 0x4108, 0x4108, 0x4108, 0x2000, 0x8210,
  0x4108, 0x4108, 0x4108, 0x4108, 0x4108, 0x4108, 0x6108, 0x6108, 0x2000, 0x4108, 0x4108, 0x2000, 0x2008, 0x8210, 0x4108, 0x4108,
  0x4108, 0x4108, 0x4108, 0x4108, 0x6108, 0x6108, 0x4108, 0x4108, 0x4108, 0x4108, 0x2000, 0x8210, 0x4108, 0x4108, 0x4108, 0x4108,
  0x4108, 0x4108, 0x4108, 0x8110, 0x2000, 0x4108, 0x4108, 0x4108, 0x2000, 0x6110, 0x6108, 0x4008, 0x4108, 0x4108, 0x4108, 0x4108,
  0x2000, 0x8210, 0x2000, 0x2000, 0x4108, 0x4108, 0x2000, 0x0000, 0x0000, 0x4108, 0xE739, 0x3084, 0x38C6, 0x1CE7, 0xFBDE, 0xDBDE,
  0x9AD6, 0x59CE, 0x59CE, 0xBAD6, 0xFBDE, 0x1CE7, 0xDBDE, 0x79CE, 0xF7BD, 0x55AD, 0x718C, 0xCF7B, 0x0C63, 0x694A, 0x0842, 0xA631,
  0x4529, 0x2421, 0x0421, 0x0421, 0x0421, 0x2421, 0x6529, 0x6631, 0xC739, 0x8A52, 0x0C63, 0xEF7B, 0x9294, 0xF39C, 0x34A5, 0x34A5,
  0xD39C, 0x308C, 0xCE7B, 0xCF7B, 0x1084, 0x3084, 0x1084, 0x6D6B, 0xE739, 0x6108, 0x0000, 0x0000, 0x4108, 0x4108, 0x4108, 0x2000,
  0x6108, 0x4108, 0x2000, 0x2000, 0x2000, 0x2000, 0x2000, 0x4108, 0x6108, 0x2000, 0x4008, 0x4108, 0x4108, 0x2008, 0x4108, 0x4108,
  0x2000, 0x4108, 0x4108, 0x4108, 0x2000, 0x6108, 0x2000, 0x2108, 0x4008, 0x2100, 0x4108, 0x2000, 0x2000, 0x4108, 0x2000, 0x4108,
  0x4008, 0x2000, 0x0000, 0x4108, 0x2000, 0x2000, 0x2000, 0x2000, 0x2000, 0x2000, 0x2000, 0x2008, 0x2000, 0x2000, 0x2000, 0x2000,
  0x0000, 0x2000, 0x2000, 0x2000, 0x2000, 0x2000, 0x2000, 0x2000, 0x0000, 0x2000, 0x2000, 0x2000, 0x2000, 0x2000, 0x2000, 0x0000,
  0x2000, 0x2000, 0x2000, 0x2000, 0x2000, 0x2000, 0x0000, 0x0000, 0x2000, 0x2000, 0x2000, 0x2000, 0x2000, 0x0000, 0x0000, 0x0000,
  0x6108, 0x6108, 0x6108, 0x6110, 0x6108, 0x6100, 0x4130, 0x2040, 0x0010, 0x2000, 0x2008, 0x2000, 0x4108, 0x6108, 0xA210, 0xA210,
  0xA210, 0xA210, 0x8210, 0x8210, 0x8210, 0xA210, 0xA210, 0xA210, 0xA210, 0xA210, 0xA210, 0xA210, 0xA210, 0x8210, 0x6100, 0x4108,
  0x2170, 0x42D8, 0x42E0, 0x42D0, 0x42D8, 0x42D8, 0x42E0, 0x42E8, 0x2178, 0x0000, 0x2000, 0x4108, 0x4108, 0x6108, 0x6108, 0x6108,
  0x6108, 0x6108, 0x6108, 0x6108, 0x6108, 0x6108, 0x6108, 0x6108, 0x6108, 0x6108, 0x6108, 0x6108, 0x6110, 0x6108, 0x6108, 0x6108,
  0x6118, 0x6118, 0x8108, 0x8110, 0x6118, 0x6110, 0x4128, 0x6128, 0x8108, 0x4138, 0x4138, 0x6108, 0x6100, 0x4120, 0x2140, 0x4118,
  0x6100, 0x6100, 0x4120, 0x2148, 0x6118, 0x6110, 0x4120, 0x2000, 0x0000, 0x0000, 0x0000, 0x0000, 0x2000, 0x2000, 0x2000, 0x4108,
  0x4108, 0x6108, 0x6108, 0x6108, 0x6108, 0x4100, 0x4108, 0x4108, 0x4108, 0x4108, 0x4108, 0x4108, 0x6108, 0x6108, 0x6108, 0x6108,
  0x6108, 0x6108, 0x4108, 0x4108, 0x4108, 0x4108, 0x4108, 0x4108, 0x4108, 0x6108, 0x8210, 0x6108, 0x6108, 0x6108, 0x6108, 0x8210,
  0x4108, 0x6108, 0x4108, 0x4108, 0x4108, 0x4108, 0x4108, 0x8210, 0x6108, 0x6108, 0x6108, 0x4108, 0x8210, 0x6108, 0x4108, 0x4108,
  0x4108, 0x4108, 0x4108, 0x4108, 0x4108, 0x8210, 0x8210, 0x8110, 0x6108, 0x4108, 0x6110, 0x6108, 0x4108, 0x4108, 0x4108, 0x4108,
  0x4108, 0x4108, 0x4108, 0x8210, 0x6110, 0x6108, 0x6108, 0x6108, 0x6108, 0x8210, 0x4108, 0x4108, 0x4108, 0x4108, 0x4108, 0x4108,
  0x4008, 0x4108, 0x8210, 0x6108, 0x4108, 0x0000, 0x0000, 0xC739, 0x1084, 0xD7BD, 0xDBDE, 0x3CE7, 0xFBDE, 0x9AD6, 0x59CE, 0xBAD6,
  0x3CE7, 0x5DEF, 0xFBDE, 0xF7BD, 0xD39C, 0x8E73, 0x494A, 0x2421, 0x6110, 0x0000, 0x0000, 0x0000, 0x0000, 0x0000, 0x0000, 0x0000,
  0x0000, 0x0000, 0x0000, 0x0000, 0x0000, 0x0000, 0x0000, 0x0000, 0x0000, 0x0000, 0x0000, 0x0000, 0x0000, 0x4108, 0xE318, 0xC739,
  0xCB5A, 0xCF7B, 0xB294, 0xF39C, 0x9294, 0xEF7B, 0x8E73, 0xCF7B, 0x308C, 0xAE73, 0x694A, 0x0421, 0x2000, 0x2000, 0x6108, 0x4108,
  0x4108, 0x2000, 0x2000, 0x2000, 0x2000, 0x2000, 0x2000, 0x4108, 0x4108, 0x4108, 0x4008, 0x4008, 0x4108, 0x4108, 0x2000, 0x4108,
  0x4108, 0x4108, 0x4108, 0x4108, 0x4108, 0x4108, 0x2000, 0x2100, 0x2008, 0x2000, 0x2000, 0x4108, 0x2000, 0x4108, 0x4108, 0x4108,
  0x4108, 0x2000, 0x4108, 0x4108, 0x2000, 0x2000, 0x2000, 0x2000, 0x2000, 0x2000, 0x2000, 0x2000, 0x2008, 0x4108, 0x4108, 0x2000,
  0x2000, 0x2000, 0x2000, 0x2000, 0x2000, 0x2000, 0x2000, 0x2000, 0x0000, 0x2000, 0x2000, 0x2000, 0x2000, 0x2000, 0x2000, 0x2000,
  0x2000, 0x2000, 0x2000, 0x2000, 0x2000, 0x2000, 0x2000, 0x0000, 0x2000, 0x2000, 0x2000, 0x2000, 0x2000, 0x2000, 0x0000, 0x0000,
  0x6108, 0x6108, 0x6110, 0x6108, 0x6110, 0x4148, 0x2040, 0x2000, 0x2000, 0x2008, 0x4108, 0x6108, 0x8210, 0xA210, 0xA210, 0xA210,
  0xA210, 0xA210, 0xA210, 0x8210, 0xA210, 0xA210, 0xA210, 0xA210, 0xA210, 0xA210, 0xA210, 0x8210, 0x6110, 0x4100, 0x4128, 0x42B8,
  0x42E8, 0x42D8, 0x42D8, 0x42D8, 0x42D8, 0x42E8, 0x42D0, 0x2148, 0x2000, 0x2008, 0x4108, 0x4108, 0x6108, 0x6108, 0x6108, 0x6108,
  0x6108, 0x6108, 0x6108, 0x6108, 0x6108, 0x6108, 0x6108, 0x6108, 0x6108, 0x6108, 0x6108, 0x6108, 0x6108, 0x6108, 0x6110, 0x6118,
  0x6110, 0x8108, 0x8218, 0x6118, 0x6110, 0x4130, 0x6118, 0x8210, 0x2140, 0x4128, 0x8200, 0x8108, 0x4130, 0x2138, 0x4108, 0x6100,
  0x6100, 0x4138, 0x2140, 0x6108, 0x6118, 0x4120, 0x0000, 0x0000, 0x0000, 0x0000, 0x0000, 0x2000, 0x2000, 0x2000, 0x2008, 0x6108,
  0x4108, 0x4108, 0x4108, 0x6108, 0x4108, 0x2000, 0x4108, 0x4108, 0x4108, 0x4108, 0x4108, 0x2000, 0x6108, 0x6108, 0x8110, 0x8210,
  0x6108, 0x6108, 0x4108, 0x4108, 0x4108, 0x4108, 0x4108, 0x4108, 0x4108, 0x8210, 0x8210, 0x6108, 0x4108, 0x6108, 0x6108, 0x6108,
  0x4108, 0x4108, 0x6108, 0x6108, 0x4108, 0x6108, 0x4108, 0x8210, 0x6108, 0x6108, 0x6108, 0x6108, 0x8210, 0x6108, 0x4108, 0x4108,
  0x4108, 0x4108, 0x4108, 0x4108, 0x2000, 0x8210, 0x8210, 0x8210, 0x6108, 0x6108, 0x8210, 0x6108, 0x4108, 0x4108, 0x4108, 0x4108,
  0x4108, 0x4108, 0x4108, 0x8210, 0x8210, 0x6108, 0x6108, 0x6108, 0x8210, 0x6108, 0x2000, 0x4108, 0x4108, 0x4108, 0x4108, 0x4108,
  0x4108, 0x6108, 0x2000, 0x0000, 0xC318, 0xCB5A, 0x34A5, 0xFBDE, 0x3DEF, 0xBADE, 0x59CE, 0x9AD6, 0x1CE7, 0x5DEF, 0x1CE7, 0x38C6,
  0xD39C, 0x2C63, 0x6529, 0x4108, 0x0000, 0x0000, 0x0000, 0x0000, 0x0000, 0x2000, 0x2008, 0x2000, 0x2000, 0x2000, 0x2000, 0x2000,
  0x2000, 0x2000, 0x2000, 0x2000, 0x2000, 0x2000, 0x2000, 0x2000, 0x2000, 0x2000, 0x2000, 0x2108, 0x2000, 0x0000, 0x0000, 0x0000,
  0x0000, 0x0000, 0x8210, 0xA631, 0x0C63, 0x3084, 0x9294, 0x318C, 0xCF7B, 0x8E73, 0xEF7B, 0x1084, 0x2C63, 0x2421, 0x0000, 0x2000,
  0x4108, 0x2000, 0x2000, 0x2000, 0x2000, 0x2000, 0x2000, 0x2008, 0x4108, 0x4108, 0x4108, 0x4108, 0x4108, 0x4108, 0x2000, 0x4108,
  0x4108, 0x4108, 0x4108, 0x4108, 0x4108, 0x4108, 0x4008, 0x4108, 0x2008, 0x4108, 0x2000, 0x4108, 0x2000, 0x4108, 0x4108, 0x4108,
  0x4108, 0x4108, 0x4108, 0x2000, 0x2000, 0x2000, 0x2000, 0x2000, 0x2000, 0x2000, 0x2000, 0x2000, 0x4108, 0x4108, 0x4108, 0x2000,
  0x2000, 0x2000, 0x2000, 0x2000, 0x2000, 0x2000, 0x2000, 0x2000, 0x0000, 0x2000, 0x2000, 0x2000, 0x2000, 0x2000, 0x2000, 0x2000,
  0x2000, 0x2000, 0x2000, 0x2000, 0x2000, 0x2000, 0x2000, 0x2000, 0x0000, 0x2000, 0x2000, 0x2000, 0x2000, 0x2000, 0x0000, 0x0000,
  0x6108, 0x6108, 0x6100, 0x4120, 0x2048, 0x2020, 0x2000, 0x2108, 0x4108, 0x4108, 0x8210, 0xA210, 0xA210, 0x8210, 0xA210, 0xA210,
  0xA210, 0xA210, 0x8210, 0xA210, 0xA210, 0xA210, 0xA210, 0xA210, 0xA210, 0xA210, 0x8210, 0x6100, 0x4100, 0x2160, 0x42D8, 0x42E0,
  0x42D0, 0x42D8, 0x42D8, 0x42D8, 0x42F0, 0x42B0, 0x2018, 0x2000, 0x4108, 0x4108, 0x6108, 0x6108, 0x6108, 0x6108, 0x6108, 0x6108,
  0x6108, 0x6108, 0x6108, 0x6108, 0x6108, 0x6108, 0x6108, 0x6108, 0x6108, 0x6110, 0x6108, 0x6108, 0x6108, 0x6110, 0x6118, 0x6108,
  0x8108, 0x6120, 0x6110, 0x4118, 0x4138, 0x8110, 0x6120, 0x2148, 0x6110, 0x8100, 0x6110, 0x2148, 0x4130, 0x6100, 0x6100, 0x6110,
  0x4150, 0x4130, 0x8108, 0x6128, 0x4110, 0x0000, 0x0000, 0x0000, 0x0000, 0x0000, 0x2000, 0x2000, 0x2000, 0x2000, 0x6108, 0x2008,
  0x2108, 0x4108, 0x2000, 0x2000, 0x6108, 0x2008, 0x4108, 0x4108, 0x4108, 0x4108, 0x2000, 0x6108, 0x4108, 0x4108, 0x4108, 0x4108,
  0x2000, 0x6110, 0x6108, 0x4108, 0x4108, 0x4108, 0x4108, 0x4108, 0x4108, 0xA210, 0x4108, 0x4108, 0x4108, 0x4108, 0x4108, 0x8110,
  0x4108, 0x4108, 0x6108, 0x6108, 0x4108, 0x4108, 0x4108, 0x8210, 0x4008, 0x4108, 0x4108, 0x4108, 0x6108, 0x8210, 0x4108, 0x4108,
  0x4108, 0x4108, 0x4108, 0x4008, 0x4108, 0x8210, 0x2000, 0x4108, 0x4108, 0x4108, 0x4108, 0x8210, 0x4108, 0x4108, 0x4108, 0x4108,
  0x4108, 0x4108, 0x4108, 0x8210, 0x2000, 0x4108, 0x4108, 0x4108, 0x2000, 0x6108, 0x4108, 0x4108, 0x4108, 0x4108, 0x4108, 0x6108,
  0x0000, 0x0000, 0x0421, 0xEF7B, 0x38C6, 0xFBE6, 0x1BE7, 0xBAD6, 0x9AD6, 0xDBDE, 0x3CE7, 0x3CE7, 0xF7BD, 0xEF7B, 0xE739, 0x6108,
  0x0000, 0x0000, 0x0000, 0x0000, 0x2000, 0x2000, 0x2000, 0x2000, 0x2000, 0x2000, 0x2000, 0x0000, 0x0000, 0x0000, 0x2000, 0x2008,
  0x2000, 0x2000, 0x2000, 0x2000, 0x2000, 0x2000, 0x0000, 0x0000, 0x0000, 0x2000, 0x2000, 0x2000, 0x2000, 0x2000, 0x2000, 0x2000,
  0x2000, 0x2000, 0x0000, 0x0000, 0x0000, 0x0000, 0x2521, 0xCB5A, 0x718C, 0xB294, 0xEF7B, 0x8E73, 0xEF83, 0x1084, 0x8A52, 0x8210,
  0x0000, 0x4108, 0x4108, 0x2008, 0x2000, 0x2000, 0x2000, 0x2000, 0x4108, 0x4108, 0x4108, 0x4108, 0x4108, 0x2000, 0x2000, 0x6108,
  0x2000, 0x4108, 0x4108, 0x4108, 0x2000, 0x4108, 0x2000, 0x4108, 0x4008, 0x4108, 0x4108, 0x2000, 0x2000, 0x4108, 0x2000, 0x2000,
  0x2000, 0x2000, 0x2000, 0x4108, 0x2000, 0x4108, 0x2008, 0x2000, 0x2008, 0x2000, 0x2000, 0x4108, 0x2000, 0x2000, 0x2000, 0x2000,
  0x2000, 0x2000, 0x2000, 0x2000, 0x2000, 0x2000, 0x2000, 0x2000, 0x0000, 0x2000, 0x2000, 0x2000, 0x2000, 0x2000, 0x2000, 0x0000,
  0x2000, 0x2000, 0x2000, 0x2000, 0x2000, 0x2000, 0x2000, 0x2000, 0x2000, 0x2000, 0x2000, 0x2000, 0x2000, 0x2000, 0x0000, 0x0000,
  0x6108, 0x6108, 0x4138, 0x0038, 0x2000, 0x2000, 0x2008, 0x4108, 0x6108, 0x8210, 0xA210, 0xA210, 0xA210, 0xA210, 0xA210, 0xA210,
  0xA210, 0xA210, 0xA210, 0xA210, 0xA210, 0xA210, 0xA210, 0xA210, 0x8210, 0x6110, 0x4100, 0x2020, 0x22A0, 0x42E8, 0x42D8, 0x42D0,
  0x42D8, 0x42D8, 0x42D8, 0x42E8, 0x2180, 0x0000, 0x2000, 0x4108, 0x6108, 0x6108, 0x6108, 0x6108, 0x6108, 0x6108, 0x6108, 0x6108,
  0x6108, 0x6108, 0x6108, 0x6108, 0x6108, 0x6108, 0x6108, 0x6110, 0x6108, 0x6108, 0x6108, 0x6108, 0x6110, 0x6118, 0x8208, 0x6210,
  0x6120, 0x6110, 0x4120, 0x6128, 0x6108, 0x4130, 0x4138, 0x6108, 0x8100, 0x6118, 0x2148, 0x4120, 0x6100, 0x6100, 0x4120, 0x2150,
  0x6120, 0x6110, 0x6120, 0x2008, 0x0000, 0x0000, 0x0000, 0x0000, 0x2000, 0x2000, 0x2008, 0x4108, 0x4108, 0x4108, 0x4108, 0x4108,
  0x4108, 0x2000, 0x2000, 0x2000, 0x4108, 0x6108, 0x4108, 0x4108, 0x4108, 0x4008, 0x2000, 0x8210, 0x4108, 0x4108, 0x4108, 0x4108,
  0x4108, 0x4108, 0x8210, 0x4108, 0x4108, 0x4108, 0x4108, 0x2000, 0x6108, 0x6108, 0x4108, 0x4108, 0x6108, 0x6108, 0x4108, 0x6108,
  0x6108, 0x4108, 0x4108, 0x4108, 0x4108, 0x2000, 0x8210, 0x4108, 0x4108, 0x6108, 0x4108, 0x4108, 0x4108, 0x8210, 0x6108, 0x4108,
  0x4108, 0x4108, 0x4108, 0x2000, 0x8210, 0x4108, 0x4108, 0x4108, 0x4108, 0x4108, 0x4108, 0x8210, 0x6108, 0x4108, 0x4108, 0x4108,
  0x4108, 0x2000, 0x6108, 0x6108, 0x4108, 0x4108, 0x4108, 0x4108, 0x4108, 0x4108, 0x6110, 0x4108, 0x4108, 0x4108, 0x0000, 0x0000,
  0x8631, 0x718C, 0x9AD6, 0x3CE7, 0xBADE, 0x79CE, 0xBAD6, 0x5DEF, 0x3CEF, 0xF7BD, 0xCF7B, 0xA631, 0x2000, 0x0000, 0x0000, 0x0000,
  0x2000, 0x2000, 0x2000, 0x2000, 0x2000, 0x0000, 0x0000, 0x2000, 0x2000, 0x2000, 0x2000, 0x0000, 0x2000, 0x0000, 0x0000, 0x0000,
  0x2000, 0x2000, 0x2000, 0x2000, 0x0000, 0x0000, 0x2000, 0x0000, 0x2000, 0x0000, 0x0000, 0x2000, 0x2000, 0x0000, 0x2000, 0x2000,
  0x2000, 0x0000, 0x2000, 0x2000, 0x2000, 0x0000, 0x0000, 0x0000, 0x4108, 0xE739, 0xCF7B, 0x718C, 0xEF7B, 0x6E73, 0xCF7B, 0x8E73,
  0x0742, 0x4108, 0x0000, 0x4108, 0x4008, 0x2000, 0x2000, 0x2000, 0x4108, 0x2000, 0x4108, 0x4108, 0x4108, 0x2000, 0x6108, 0x4108,
  0x4108, 0x4108, 0x4108, 0x4108, 0x2000, 0x4108, 0x4108, 0x2000, 0x4108, 0x4108, 0x4108, 0x2000, 0x4108, 0x4008, 0x2000, 0x2000,
  0x4008, 0x4108, 0x2000, 0x4108, 0x4108, 0x4108, 0x4108, 0x2008, 0x4008, 0x0000, 0x4108, 0x2008, 0x2000, 0x2000, 0x2000, 0x2000,
  0x2000, 0x2000, 0x2000, 0x2000, 0x2000, 0x2000, 0x2000, 0x0000, 0x2000, 0x2000, 0x2000, 0x2000, 0x2000, 0x2000, 0x2000, 0x2000,
  0x2000, 0x2000, 0x2000, 0x2000, 0x2000, 0x2000, 0x2000, 0x2000, 0x2000, 0x2000, 0x2000, 0x2000, 0x2000, 0x2000, 0x2000, 0x0000,
  0x4118, 0x2040, 0x2020, 0x2000, 0x2000, 0x2008, 0x4108, 0x6108, 0x8210, 0xA210, 0xA210, 0xA210, 0xA210, 0xA210, 0xA210, 0xA210,
  0xA210, 0xA210, 0xA210, 0xA210, 0xA210, 0xA210, 0xA210, 0x6110, 0x4100, 0x4000, 0x2150, 0x22D0, 0x42E0, 0x42D0, 0x42D8, 0x42D8,
  0x42D0, 0x42E0, 0x42E0, 0x2158, 0x2000, 0x4108, 0x4108, 0x6108, 0x6108, 0x6108, 0x6108, 0x6108, 0x6108, 0x6108, 0x6108, 0x6108,
  0x6108, 0x6108, 0x6108, 0x6108, 0x6108, 0x6108, 0x6110, 0x6108, 0x6108, 0x6108, 0x6110, 0x4110, 0x6110, 0x8210, 0x8220, 0x6118,
  0x8210, 0x6130, 0x6118, 0x8110, 0x4140, 0x4120, 0x8100, 0x8100, 0x4130, 0x4138, 0x6108, 0x6100, 0x8108, 0x4138, 0x4140, 0x6108,
  0x6120, 0x4120, 0x0000, 0x0000, 0x0000, 0x0000, 0x0000, 0x2000, 0x2000, 0x2000, 0x2008, 0x4108, 0x4008, 0x4108, 0x4108, 0x4108,
  0x4108, 0x4108, 0x4008, 0x4108, 0x4108, 0x8210, 0x6108, 0x4108, 0x4108, 0x4000, 0x6108, 0x6108, 0x4108, 0x4108, 0x4108, 0x4108,
  0x4108, 0x4108, 0x6108, 0x6108, 0x6108, 0x6108, 0x4108, 0x2000, 0x6108, 0x4108, 0x4108, 0x4108, 0x6108, 0x6108, 0x6108, 0x4108,
  0x8210, 0x4108, 0x4108, 0x4108, 0x4108, 0x6108, 0x8210, 0x4108, 0x4108, 0x4108, 0x4108, 0x4108, 0x4108, 0x4108, 0x6110, 0x4108,
  0x4108, 0x6108, 0x4108, 0x6108, 0x8210, 0x4108, 0x4108, 0x4108, 0x4108, 0x4108, 0x4108, 0x6108, 0x8210, 0x4108, 0x4108, 0x4108,
  0x4108, 0x4108, 0x8210, 0x4108, 0x4108, 0x4108, 0x4108, 0x4108, 0x4108, 0x2008, 0x8210, 0x6210, 0x0000, 0x0000, 0x6529, 0x9294,
  0xDBDE, 0x1CE7, 0x9AD6, 0x79CE, 0xBAD6, 0x3CE7, 0xFBDE, 0xF39C, 0x2842, 0x2000, 0x0000, 0x0000, 0x0000, 0x2000, 0x2000, 0x0000,
  0x0000, 0x0000, 0x0000, 0x2000, 0x2000, 0x2000, 0x2000, 0x0000, 0x0000, 0x0000, 0x0000, 0x2000, 0x4008, 0xC318, 0xC739, 0x0842,
  0x8210, 0x0000, 0x0000, 0x0000, 0x0421, 0x6108, 0x2000, 0x2000, 0x2000, 0x4108, 0x2108, 0x2000, 0x2000, 0x2000, 0x0000, 0x0000,
  0x2000, 0x2000, 0x0000, 0x2000, 0x2000, 0x2000, 0x2000, 0x2000, 0x0000, 0x0000, 0x0000, 0x2421, 0x0C63, 0x518C, 0x1084, 0x6D6B,
  0xEF7B, 0x6D6B, 0x0421, 0x0000, 0x2000, 0x2000, 0x2000, 0x4108, 0x4108, 0x4108, 0x2000, 0x2008, 0x2000, 0x2000, 0x6108, 0x4108,
  0x4108, 0x4108, 0x4108, 0x4108, 0x4108, 0x4000, 0x4108, 0x4108, 0x4108, 0x4108, 0x2000, 0x4108, 0x4108, 0x2000, 0x2008, 0x4108,
  0x4108, 0x4108, 0x4108, 0x4000, 0x4108, 0x2008, 0x2100, 0x4108, 0x2000, 0x2000, 0x4108, 0x2000, 0x2000, 0x2000, 0x2000, 0x2000,
  0x2000, 0x2000, 0x2000, 0x2000, 0x2000, 0x2000, 0x2000, 0x0000, 0x2000, 0x2000, 0x2000, 0x2000, 0x2000, 0x2000, 0x2000, 0x2000,
  0x2000, 0x2000, 0x2000, 0x2000, 0x2000, 0x2000, 0x2000, 0x2000, 0x2000, 0x2000, 0x2000, 0x2000, 0x2000, 0x2000, 0x2000, 0x0000,
  0x4030, 0x2008, 0x2000, 0x2008, 0x4108, 0x4108, 0x8210, 0x8210, 0xA210, 0xA210, 0xA210, 0xA210, 0xA210, 0xA210, 0xA210, 0xA210,
  0xA210, 0xA210, 0xA210, 0xA210, 0xA210, 0x8210, 0x6110, 0x4100, 0x2118, 0x2198, 0x22E8, 0x42D8, 0x42D8, 0x42D8, 0x42D8, 0x42D8,
  0x42E8, 0x22C0, 0x0028, 0x2000, 0x4108, 0x6108, 0x6108, 0x6108, 0x6108, 0x6108, 0x6108, 0x6108, 0x6108, 0x6108, 0x6108, 0x6108,
  0x6108, 0x6108, 0x6108, 0x6108, 0x6110, 0x6110, 0x6108, 0x6108, 0x6108, 0x6110, 0x6118, 0x6108, 0x8208, 0x6128, 0x6110, 0x6118,
  0x4130, 0x6108, 0x4120, 0x4140, 0x6118, 0x6100, 0x6110, 0x4140, 0x4130, 0x6108, 0x8100, 0x6110, 0x4148, 0x6130, 0x8110, 0x6120,
  0x2010, 0x0000, 0x0000, 0x0000, 0x0000, 0x2000, 0x2000, 0x2000, 0x2000, 0x2008, 0x4108, 0x4108, 0x4108, 0x2000, 0x4008, 0x4108,
  0x4108, 0x4108, 0x4108, 0x4108, 0x4108, 0x6108, 0x8210, 0x6108, 0x6108, 0x6108, 0x8210, 0x4108, 0x4108, 0x4108, 0x4108, 0x4108,
  0x4108, 0x4108, 0x4108, 0x8210, 0x8210, 0x8210, 0x6108, 0x6108, 0x6108, 0x4108, 0x6108, 0x6108, 0x6108, 0x6108, 0x6108, 0x4108,
  0x8210, 0x8210, 0x8110, 0x8210, 0x8110, 0xA210, 0x6108, 0x4108, 0x6108, 0x4108, 0x4108, 0x4108, 0x4108, 0x2000, 0x6210, 0x8210,
  0x8210, 0xA210, 0xA210, 0xA210, 0x4108, 0x4108, 0x4108, 0x4108, 0x4108, 0x4108, 0x6108, 0x4108, 0x8210, 0x8210, 0x8210, 0xA210,
  0x8210, 0x8210, 0x6108, 0x4108, 0x4108, 0x4108, 0x4108, 0x4108, 0x4108, 0x4108, 0x4108, 0x0000, 0x4529, 0x9294, 0x9AD6, 0xDBDE,
  0x9AD6, 0x79D6, 0xDBDE, 0x5DEF, 0x79CE, 0xEF7B, 0x2421, 0x0000, 0x0000, 0x0000, 0x2000, 0x2000, 0x2000, 0x0000, 0x2000, 0x2000,
  0x0000, 0x0000, 0x0000, 0x0000, 0x0000, 0x2000, 0x2000, 0x0000, 0x2421, 0x2421, 0x0000, 0x4108, 0x0000, 0x718C, 0xFFFF, 0x7DEF,
  0xE318, 0x0000, 0x0000, 0x0000, 0x2C63, 0x8210, 0x2000, 0x4108, 0x4008, 0xD39C, 0xE318, 0x0000, 0x0000, 0x0000, 0x2000, 0x2000,
  0x2000, 0x2000, 0x2000, 0x2000, 0x2000, 0x2000, 0x2000, 0x2000, 0x0000, 0x2000, 0x2000, 0x0000, 0x0000, 0xC318, 0x2C63, 0x728C,
  0xCF7B, 0xAE73, 0xCF7B, 0xE739, 0x2000, 0x4108, 0x6108, 0x2000, 0x2000, 0x6108, 0x4108, 0x6108, 0x6108, 0x6108, 0x4108, 0x4108,
  0x4108, 0x4108, 0x4108, 0x4008, 0x4108, 0x2000, 0x4108, 0x6108, 0x6108, 0x6108, 0x4108, 0x4108, 0x4108, 0x2000, 0x4108, 0x4108,
  0x4108, 0x4108, 0x4108, 0x2000, 0x4108, 0x4108, 0x4108, 0x4108, 0x4108, 0x4108, 0x2008, 0x2000, 0x2000, 0x2000, 0x2000, 0x2000,
  0x2000, 0x2000, 0x2000, 0x2000, 0x2000, 0x2000, 0x2000, 0x2000, 0x2000, 0x2000, 0x2000, 0x2000, 0x2000, 0x2000, 0x2000, 0x2000,
  0x2000, 0x2000, 0x2000, 0x2000, 0x2000, 0x2000, 0x2000, 0x2000, 0x2000, 0x2000, 0x2000, 0x2000, 0x2000, 0x2000, 0x2000, 0x0000,
  0x2000, 0x2000, 0x2008, 0x2008, 0x6108, 0x8210, 0x8210, 0xA210, 0x8210, 0xA210, 0xA210, 0xA210, 0xA210, 0xA210, 0xA210, 0xA210,
  0xA210, 0xA210, 0xA210, 0xA210, 0x8210, 0x4108, 0x4000, 0x2148, 0x22D0, 0x42E8, 0x42D8, 0x42D8, 0x42D8, 0x42D8, 0x42D8, 0x42E8,
  0x2198, 0x0010, 0x2000, 0x4108, 0x4108, 0x6108, 0x6108, 0x6108, 0x6108, 0x6108, 0x6108, 0x6108, 0x6108, 0x6108, 0x6108, 0x6108,
  0x6108, 0x6108, 0x6108, 0x6110, 0x6110, 0x6110, 0x6108, 0x6108, 0x6110, 0x6110, 0x8108, 0x6110, 0x4120, 0x6108, 0x4128, 0x4128,
  0x8108, 0x4130, 0x2140, 0x6108, 0x6100, 0x6118, 0x4140, 0x6120, 0x8208, 0x8200, 0x6120, 0x2148, 0x4118, 0x8218, 0x8128, 0x2008,
  0x0000, 0x0000, 0x0000, 0x0000, 0x0000, 0x2000, 0x2000, 0x4108, 0x2108, 0x4108, 0x4108, 0x4108, 0x4108, 0x4108, 0x2000, 0x4108,
  0x4108, 0x4108, 0x4108, 0x4108, 0x4108, 0x6108, 0x4108, 0x4108, 0x4108, 0x4108, 0x6108, 0x6108, 0x4108, 0x4108, 0x4108, 0x4108,
  0x4108, 0x4108, 0x8210, 0x4108, 0x4108, 0x4108, 0x4108, 0x2000, 0x8210, 0x6108, 0x4108, 0x6108, 0x6108, 0x4108, 0x4108, 0x4108,
  0xA210, 0x4108, 0x4108, 0x4108, 0x4108, 0x6108, 0x8210, 0x4108, 0x6108, 0x4108, 0x4108, 0x4108, 0x4108, 0x4108, 0x8210, 0x2108,
  0x4108, 0x4108, 0x4108, 0x6108, 0x8210, 0x4108, 0x4108, 0x4108, 0x4108, 0x4108, 0x4108, 0x4108, 0x8210, 0x2008, 0x4108, 0x4108,
  0x4108, 0x4108, 0x8210, 0x4008, 0x4108, 0x4108, 0x4108, 0x4108, 0x4108, 0x0000, 0xA210, 0xAE73, 0x9AD6, 0x1CE7, 0x9AD6, 0x59CE,
  0x9AD6, 0x1CE7, 0x38C6, 0x4D6B, 0x8210, 0x0000, 0x0000, 0x2000, 0x2000, 0x2000, 0x0000, 0x0000, 0x0000, 0x0000, 0x0000, 0x0000,
  0x2000, 0x2000, 0x0000, 0xAA52, 0x2842, 0x0000, 0x2000, 0x0000, 0xE739, 0xC639, 0x0000, 0x6108, 0x0000, 0x14A5, 0xFFFF, 0x79CE,
  0x2000, 0x0000, 0x0000, 0xA210, 0xAA52, 0x0000, 0x4108, 0x0000, 0xA631, 0x34A5, 0x0000, 0x2000, 0x0000, 0x0000, 0x718C, 0x0421,
  0x0000, 0x2000, 0x2000, 0x0000, 0x0000, 0x0000, 0x0000, 0x2000, 0x0000, 0x2000, 0x0000, 0x2000, 0x2000, 0x0000, 0x0000, 0x4529,
  0xAE73, 0x1084, 0x0C63, 0x8E73, 0xCB5A, 0x6108, 0x0000, 0x4108, 0x4108, 0x2000, 0x2000, 0x4108, 0x2000, 0x4108, 0x6108, 0x4108,
  0x4108, 0x4108, 0x4108, 0x4108, 0x4108, 0x2000, 0x6108, 0x2000, 0x4108, 0x4108, 0x2008, 0x2000, 0x4108, 0x4008, 0x4108, 0x4108,
  0x4108, 0x4108, 0x2000, 0x2000, 0x4108, 0x2000, 0x4108, 0x4108, 0x2008, 0x2000, 0x4108, 0x2000, 0x2000, 0x4108, 0x4108, 0x4008,
  0x2000, 0x2000, 0x4108, 0x2000, 0x2000, 0x2000, 0x2000, 0x2000, 0x2000, 0x2000, 0x2000, 0x2000, 0x2000, 0x2000, 0x2000, 0x2000,
  0x0000, 0x2000, 0x2000, 0x2000, 0x2000, 0x2000, 0x2000, 0x2000, 0x2000, 0x2000, 0x2000, 0x2000, 0x2000, 0x2000, 0x0000, 0x0000,
  0x2000, 0x2000, 0x4108, 0x6108, 0x8210, 0x8210, 0x8210, 0x8210, 0xA210, 0xA210, 0xA210, 0xA210, 0xA210, 0xA210, 0xA210, 0xA210,
  0xA210, 0xA210, 0x8210, 0x6110, 0x4100, 0x2110, 0x2188, 0x42E8, 0x42D8, 0x42D0, 0x42D8, 0x42D8, 0x42D8, 0x42E0, 0x42E0, 0x2160,
  0x0000, 0x4000, 0x4108, 0x6108, 0x6108, 0x6108, 0x6108, 0x6108, 0x6108, 0x6108, 0x6108, 0x6108, 0x6108, 0x6108, 0x6108, 0x6108,
  0x6108, 0x6108, 0x6110, 0x6110, 0x6108, 0x6108, 0x8110, 0x6118, 0x6110, 0x8208, 0x8118, 0x6118, 0x6110, 0x4128, 0x4118, 0x6110,
  0x2140, 0x4120, 0x8100, 0x6100, 0x4128, 0x4138, 0x6110, 0x6100, 0x6100, 0x4138, 0x4150, 0x6210, 0x8218, 0x6118, 0x2000, 0x0000,
  0x0000, 0x0000, 0x0000, 0x2000, 0x2000, 0x2000, 0x2000, 0x4108, 0x4108, 0x4108, 0x4108, 0x4108, 0x4108, 0x2000, 0x4108, 0x6108,
  0x4108, 0x4108, 0x6108, 0x4108, 0x6108, 0x6108, 0x4108, 0x4108, 0x4108, 0x4108, 0x4108, 0x8210, 0x4108, 0x4108, 0x4108, 0x4108,
  0x4108, 0x4108, 0x8210, 0x2008, 0x4108, 0x4108, 0x4108, 0x4108, 0x6110, 0x8210, 0x4108, 0x6108, 0x4108, 0x4108, 0x4008, 0x6108,
  0x8210, 0x4108, 0x4108, 0x6108, 0x6108, 0x4108, 0x8210, 0x4108, 0x4108, 0x4108, 0x4108, 0x6108, 0x2000, 0x8210, 0x6108, 0x6108,
  0x6108, 0x6108, 0x4108, 0x4108, 0x8210, 0x4108, 0x4108, 0x4108, 0x4108, 0x6108, 0x4108, 0x8210, 0x6108, 0x4108, 0x4108, 0x4108,
  0x4108, 0x4108, 0x8210, 0x6108, 0x4108, 0x4108, 0x6108, 0x2000, 0x0000, 0x494A, 0xD7BD, 0x1CE7, 0xBAD6, 0x59CE, 0xDBDE, 0x5DEF,
  0x18C6, 0xEB5A, 0x4108, 0x0000, 0x0000, 0x2000, 0x2000, 0x0000, 0x0000, 0x2000, 0x2000, 0x0000, 0x0000, 0x0000, 0x4529, 0xC318,
  0x2000, 0x4108, 0x0000, 0x8E73, 0x8E73, 0x0000, 0x4108, 0x0000, 0x2842, 0xC739, 0x0000, 0x4108, 0x0000, 0x96B5, 0xFFFF, 0x75AD,
  0x0000, 0x6108, 0x0000, 0x6531, 0x2842, 0x0000, 0x2000, 0x0000, 0xAE73, 0x2C63, 0x0000, 0x6108, 0x0000, 0xE739, 0x14A5, 0x0000,
  0x0000, 0x0000, 0x0000, 0x8A52, 0x6108, 0x0000, 0x2000, 0x2000, 0x2000, 0x2000, 0x2000, 0x0000, 0x0000, 0x2000, 0x2000, 0x0000,
  0x0000, 0x0842, 0xEF7B, 0x6D6B, 0x4D6B, 0x0C63, 0xA210, 0x0000, 0x6108, 0x2000, 0x4108, 0x4108, 0x4108, 0x2000, 0x6108, 0x4108,
  0x4108, 0x4108, 0x4108, 0x4108, 0x2000, 0x4108, 0x4108, 0x4108, 0x4108, 0x4108, 0x4108, 0x2000, 0x4108, 0x4108, 0x4108, 0x4108,
  0x4108, 0x4108, 0x0000, 0x4108, 0x4108, 0x4008, 0x4108, 0x4108, 0x4108, 0x2000, 0x4108, 0x4008, 0x4008, 0x4108, 0x4108, 0x4108,
  0x2000, 0x2000, 0x2008, 0x2000, 0x2000, 0x2000, 0x2000, 0x2000, 0x2000, 0x4108, 0x2000, 0x2000, 0x2000, 0x2000, 0x2000, 0x0000,
  0x2000, 0x2000, 0x2000, 0x2000, 0x2000, 0x2000, 0x2000, 0x2000, 0x2000, 0x2000, 0x2000, 0x2000, 0x2000, 0x2000, 0x2000, 0x0000,
  0x2000, 0x4108, 0x6108, 0x8210, 0x8210, 0x8210, 0xA210, 0x8210, 0x8210, 0xA210, 0xA210, 0xA210, 0xA210, 0xA210, 0xA210, 0xA210,
  0xA210, 0x8210, 0x6108, 0x4100, 0x4140, 0x42C0, 0x42E8, 0x42D0, 0x42D8, 0x42D8, 0x42D8, 0x62D0, 0x63E8, 0x42D0, 0x0038, 0x0000,
  0x4108, 0x4108, 0x6108, 0x6108, 0x6108, 0x6108, 0x6108, 0x6108, 0x6108, 0x6108, 0x6108, 0x6108, 0x6108, 0x6108, 0x6108, 0x6108,
  0x6110, 0x6110, 0x6108, 0x6108, 0x6108, 0x6110, 0x6118, 0x8208, 0x8210, 0x6120, 0x6110, 0x6110, 0x4130, 0x6110, 0x4120, 0x2140,
  0x4118, 0x8100, 0x6108, 0x2138, 0x4130, 0x8208, 0x8208, 0x6110, 0x4148, 0x4138, 0x8208, 0x8220, 0x4108, 0x0000, 0x0000, 0x0000,
  0x0000, 0x0000, 0x2000, 0x2000, 0x2000, 0x2000, 0x2008, 0x4108, 0x6108, 0x4008, 0x4108, 0x2008, 0x4108, 0x2000, 0x6110, 0x4108,
  0x4108, 0x4108, 0x4108, 0x4108, 0x8210, 0x4108, 0x4108, 0x4108, 0x4108, 0x6108, 0x4108, 0x6108, 0x6108, 0x4108, 0x4108, 0x4108,
  0x2000, 0x8210, 0x4108, 0x4008, 0x4108, 0x4108, 0x4108, 0x4108, 0x4108, 0xA210, 0x4108, 0x4108, 0x4108, 0x4108, 0x2000, 0xA210,
  0x4108, 0x4108, 0x4108, 0x4108, 0x6108, 0x4108, 0x6108, 0x8210, 0x2108, 0x4108, 0x4108, 0x4108, 0x4108, 0xA210, 0x4108, 0x6108,
  0x6108, 0x4108, 0x4108, 0x4108, 0x6108, 0x8210, 0x4108, 0x4108, 0x4108, 0x4108, 0x4108, 0x8210, 0x4108, 0x4108, 0x4108, 0x4108,
  0x4108, 0x4108, 0x6108, 0x8210, 0x2000, 0x4108, 0x0000, 0xE318, 0x9294, 0xDBDE, 0x59CE, 0x18C6, 0x79CE, 0x3CE7, 0x9AD6, 0x6D6B,
  0x6108, 0x0000, 0x0000, 0x2000, 0x0000, 0x2000, 0x2000, 0x0000, 0x0000, 0x0000, 0x0000, 0x2000, 0x4108, 0x0000, 0x3084, 0x6D6B,
  0x0000, 0x4108, 0x0000, 0x494A, 0x518C, 0x0000, 0x6108, 0x0000, 0x494A, 0xC739, 0x0000, 0x0000, 0x0000, 0x18C6, 0xFFFF, 0x718C,
  0x0000, 0x6108, 0x2000, 0x2421, 0xE318, 0x0000, 0x0000, 0x0000, 0x1084, 0x0421, 0x0000, 0x2000, 0x0000, 0xD39C, 0x494A, 0x0000,
  0x4108, 0x0000, 0x494A, 0x14A5, 0x2000, 0x2000, 0x2000, 0x0000, 0x0000, 0x0000, 0x2000, 0x2000, 0x2000, 0x2000, 0x0000, 0x2000,
  0x0000, 0x0000, 0xC218, 0x4D6B, 0x8E73, 0x0C63, 0x2C63, 0x0421, 0x0000, 0x4108, 0x4108, 0x4108, 0x2008, 0x2000, 0x4108, 0x6108,
  0x2000, 0x4108, 0x4108, 0x4108, 0x2000, 0x6108, 0x4108, 0x4108, 0x4108, 0x4108, 0x4108, 0x4108, 0x4108, 0x6108, 0x4108, 0x4108,
  0x4108, 0x2000, 0x2000, 0x4108, 0x2000, 0x4108, 0x4108, 0x4008, 0x4108, 0x2000, 0x2000, 0x4108, 0x2000, 0x2008, 0x2008, 0x2000,
  0x2000, 0x4108, 0x2000, 0x2000, 0x2000, 0x2000, 0x2000, 0x2000, 0x2000, 0x2000, 0x2000, 0x2000, 0x2000, 0x2000, 0x2000, 0x2000,
  0x2000, 0x2000, 0x2000, 0x2000, 0x2000, 0x2000, 0x2000, 0x2000, 0x2000, 0x2000, 0x2000, 0x2000, 0x2000, 0x0000, 0x2000, 0x0000,
  0x4108, 0x8210, 0x8210, 0x8210, 0x8210, 0xA210, 0x8210, 0x8210, 0xA210, 0xA210, 0xA210, 0xA210, 0xA210, 0xA210, 0xA210, 0xA210,
  0x8210, 0x4100, 0x2108, 0x4280, 0x42E8, 0x42E0, 0x42D0, 0x42D8, 0x42D8, 0x42D8, 0x42D8, 0x43F0, 0x42A8, 0x0018, 0x2000, 0x4108,
  0x6108, 0x6108, 0x6108, 0x6108, 0x6108, 0x6108, 0x6108, 0x6108, 0x6108, 0x6108, 0x6108, 0x6108, 0x6108, 0x6108, 0x6108, 0x6110,
  0x6110, 0x6108, 0x6108, 0x6108, 0x6118, 0x6110, 0x8108, 0x6118, 0x6220, 0x8210, 0x6228, 0x6128, 0x8100, 0x4130, 0x4138, 0x6108,
  0x6100, 0x6120, 0x4148, 0x6120, 0x8108, 0x8200, 0x6120, 0x2150, 0x6120, 0x8118, 0x8220, 0x4108, 0x0000, 0x0000, 0x0000, 0x2000,
  0x2000, 0x2000, 0x2000, 0x2000, 0x4108, 0x4108, 0x4108, 0x2000, 0x4108, 0x6108, 0x6108, 0x6108, 0x6108, 0x6108, 0x4108, 0x4108,
  0x8108, 0x8210, 0x6108, 0x8210, 0x4108, 0x4108, 0x4108, 0x4108, 0x4108, 0x6108, 0x6108, 0x2000, 0x6108, 0x8210, 0x8210, 0x8210,
  0x8210, 0x6108, 0x2000, 0x4108, 0x4108, 0x4108, 0x4108, 0x4108, 0x4108, 0x4108, 0x8210, 0x8210, 0x8210, 0x8210, 0xA210, 0x8210,
  0x4108, 0x4108, 0x4108, 0x4108, 0x4108, 0x4108, 0x4108, 0x8210, 0x8210, 0x8210, 0xA210, 0x8210, 0x8210, 0x4108, 0x4108, 0x4108,
  0x4108, 0x4108, 0x4108, 0x6108, 0x4108, 0x8210, 0x8210, 0xA210, 0x8210, 0x6108, 0x6110, 0x4108, 0x4108, 0x4108, 0x4108, 0x4108,
  0x4108, 0x4108, 0x2000, 0x8210, 0x6110, 0x0000, 0x8A52, 0x38C6, 0xFBDE, 0x59CE, 0x18C6, 0x9AD6, 0xBADE, 0x3084, 0xC318, 0x0000,
  0x0000, 0x2000, 0x0000, 0x0000, 0x2000, 0x2000, 0x0000, 0x0000, 0x0000, 0x0421, 0x0421, 0x2000, 0x4108, 0x0000, 0x8A52, 0x928C,
  0x0000, 0x2000, 0x0000, 0xA631, 0x9294, 0x0000, 0x4108, 0x2000, 0x8210, 0x6108, 0x2000, 0x0000, 0x6108, 0xDBDE, 0xFFFF, 0x6D6B,
  0x0000, 0x4108, 0x4008, 0x2000, 0x0000, 0x2000, 0x2000, 0x2000, 0x4108, 0x0000, 0x2000, 0x0000, 0xC318, 0x728C, 0x2000, 0x0000,
  0x2000, 0x4108, 0x75AD, 0x2421, 0x0000, 0x2000, 0x0000, 0xAA52, 0x4C63, 0x2000, 0x0000, 0x2000, 0x2000, 0x2000, 0x0000, 0x0000,
  0x0000, 0x2000, 0x0000, 0x0000, 0x284A, 0xAE73, 0x2C63, 0x6D6B, 0x2421, 0x0000, 0x4108, 0x2108, 0x2008, 0x4108, 0x2000, 0x4108,
  0x6108, 0x6108, 0x6108, 0x4108, 0x6108, 0x4108, 0x4108, 0x4108, 0x4108, 0x4108, 0x4108, 0x4108, 0x2008, 0x6108, 0x4108, 0x4108,
  0x4108, 0x4108, 0x4108, 0x4108, 0x4108, 0x4108, 0x4108, 0x4108, 0x4108, 0x2000, 0x2000, 0x2000, 0x4108, 0x4108, 0x4108, 0x4108,
  0x4108, 0x4108, 0x2000, 0x2000, 0x2000, 0x2000, 0x2000, 0x2000, 0x2000, 0x2000, 0x2000, 0x2000, 0x2000, 0x2000, 0x2000, 0x2000,
  0x2000, 0x2000, 0x2000, 0x2000, 0x2000, 0x2000, 0x2000, 0x2000, 0x2000, 0x2000, 0x2000, 0x2000, 0x2000, 0x2000, 0x2000, 0x0000,
  0x8210, 0x8210, 0x8210, 0x8210, 0x8210, 0x8210, 0x8210, 0x8210, 0xA210, 0xA210, 0xA210, 0xA210, 0xA210, 0xA210, 0x8210, 0x6110,
  0x4100, 0x2130, 0x42B8, 0x42E8, 0x42D8, 0x42D8, 0x42D8, 0x42D8, 0x42D8, 0x42E0, 0x42E8, 0x2170, 0x0000, 0x2000, 0x4108, 0x6108,
  0x6108, 0x6108, 0x6108, 0x6108, 0x6108, 0x6108, 0x6108, 0x6108, 0x6108, 0x6108, 0x6108, 0x6108, 0x6108, 0x6108, 0x6110, 0x6110,
  0x6108, 0x6108, 0x6110, 0x6118, 0x6110, 0x8108, 0x6120, 0x6120, 0x6108, 0x6128, 0x6118, 0x8110, 0x4140, 0x4128, 0x6100, 0x8100,
  0x6128, 0x4148, 0x6110, 0x8208, 0x8208, 0x4130, 0x4148, 0x6110, 0x8118, 0x6120, 0x2000, 0x0000, 0x0000, 0x0000, 0x0000, 0x2000,
  0x2000, 0x2000, 0x2000, 0x4108, 0x4108, 0x4108, 0x4108, 0x2000, 0x6108, 0x4108, 0x6108, 0x6108, 0x4108, 0x6108, 0x6108, 0x6108,
  0x4108, 0x4108, 0x4108, 0x4108, 0x6108, 0x4108, 0x4108, 0x4108, 0x4108, 0x4108, 0x4108, 0x4108, 0x6108, 0x4108, 0x6108, 0x6108,
  0x4108, 0x8110, 0x4108, 0x4108, 0x4108, 0x4108, 0x4108, 0x4108, 0x2000, 0x6108, 0x6108, 0x6108, 0x6108, 0x6108, 0x6108, 0x6110,
  0x4108, 0x4108, 0x4108, 0x4108, 0x4108, 0x4108, 0x4108, 0x8210, 0x6108, 0x6108, 0x8210, 0x6108, 0x6108, 0x6108, 0x4108, 0x4108,
  0x4108, 0x4108, 0x6108, 0x6108, 0x4108, 0x8210, 0x6108, 0x8210, 0x8210, 0x6108, 0x6108, 0x4108, 0x4108, 0x4108, 0x4108, 0x4108,
  0x4108, 0x4108, 0x4108, 0x0000, 0xC318, 0x718C, 0x9AD6, 0x38C6, 0xF7BD, 0x79D6, 0x3CE7, 0x75AD, 0xA631, 0x0000, 0x0000, 0x2000,
  0x2000, 0x2000, 0x0000, 0x2000, 0x0000, 0x0000, 0x0000, 0x0000, 0x0000, 0x6529, 0x694A, 0x0000, 0x2000, 0x0000, 0x4529, 0xB6B5,
  0x2000, 0x2000, 0x2000, 0x6108, 0x8210, 0x2000, 0x2000, 0x2000, 0x0000, 0x0000, 0x2000, 0x0000, 0x0421, 0x5DEF, 0xFFFF, 0x694A,
  0x0000, 0x2000, 0x2000, 0x2000, 0x2000, 0x2000, 0x2000, 0x2000, 0x2000, 0x2000, 0x2000, 0x2000, 0x2000, 0x2000, 0x0000, 0x2000,
  0x0000, 0xEB5A, 0x1084, 0x0000, 0x2000, 0x0000, 0xC318, 0x5DEF, 0xFFFF, 0x38C6, 0x6108, 0x0000, 0x2000, 0x2000, 0x0000, 0x0000,
  0x2000, 0x2000, 0x2000, 0x0000, 0x0000, 0x6529, 0x8E73, 0x4D6B, 0x4D6B, 0xE318, 0x0000, 0x4108, 0x4108, 0x4108, 0x2000, 0x4108,
  0x4108, 0x6108, 0x6108, 0x4108, 0x4108, 0x4108, 0x4108, 0x4108, 0x4108, 0x4108, 0x4108, 0x4108, 0x2000, 0x4108, 0x2000, 0x4108,
  0x4108, 0x4108, 0x4108, 0x4108, 0x4108, 0x4108, 0x4008, 0x2008, 0x4008, 0x4008, 0x2000, 0x4108, 0x4008, 0x4108, 0x4108, 0x4108,
  0x4108, 0x4108, 0x2000, 0x2000, 0x2000, 0x2000, 0x2000, 0x2000, 0x2000, 0x2000, 0x2000, 0x2000, 0x2000, 0x2000, 0x2000, 0x2000,
  0x2000, 0x2000, 0x2000, 0x2000, 0x2000, 0x2000, 0x2000, 0x2000, 0x2000, 0x2000, 0x2000, 0x2000, 0x2000, 0x2000, 0x2000, 0x0000,
  0x8210, 0x8210, 0x8210, 0x8210, 0x8210, 0x8210, 0x8210, 0xA210, 0xA210, 0xA210, 0xA210, 0xA210, 0x8210, 0x6110, 0x4100, 0x2000,
  0x2168, 0x22E0, 0x42E0, 0x42D0, 0x42D8, 0x42D8, 0x42D8, 0x42D0, 0x42E8, 0x42D8, 0x2040, 0x0000, 0x2008, 0x4108, 0x6108, 0x6108,
  0x6108, 0x6108, 0x6108, 0x6108, 0x6108, 0x6108, 0x6108, 0x6108, 0x6108, 0x6108, 0x6108, 0x6108, 0x6110, 0x6110, 0x6110, 0x6110,
  0x6108, 0x6110, 0x6118, 0x8208, 0x8110, 0x6120, 0x6110, 0x6118, 0x4130, 0x6108, 0x4120, 0x2148, 0x6118, 0x8100, 0x6108, 0x4138,
  0x4130, 0x6108, 0x8100, 0x8210, 0x4148, 0x4138, 0x6110, 0x6118, 0x4010, 0x0000, 0x0000, 0x0000, 0x0000, 0x0000, 0x0000, 0x0000,
  0x4108, 0x4108, 0x2008, 0x4108, 0x4108, 0x4108, 0x4108, 0x4108, 0x8210, 0x4108, 0x4108, 0x4108, 0x4108, 0x4108, 0x8210, 0x4108,
  0x4108, 0x4108, 0x4108, 0x4100, 0x6110, 0x6108, 0x4108, 0x6108, 0x6108, 0x4108, 0x2000, 0x8210, 0x6108, 0x4108, 0x6108, 0x6108,
  0x4108, 0x8210, 0x6108, 0x4108, 0x4108, 0x4108, 0x4108, 0x4108, 0x4108, 0xA210, 0x4108, 0x4108, 0x4108, 0x4108, 0x4108, 0x8210,
  0x4108, 0x4108, 0x4108, 0x4108, 0x4108, 0x2000, 0x6108, 0x8210, 0x4108, 0x4108, 0x4108, 0x4108, 0x6108, 0x8210, 0x4108, 0x4108,
  0x4108, 0x4108, 0x6108, 0x4108, 0x6108, 0x8210, 0x4108, 0x4108, 0x4108, 0x4108, 0x4108, 0x8210, 0x4108, 0x4108, 0x4108, 0x4108,
  0x6108, 0x6108, 0x0000, 0xA631, 0x55AD, 0x59CE, 0xF7BD, 0x17C6, 0x9AD6, 0x79D6, 0x4D6B, 0x0000, 0x0000, 0x2000, 0x0000, 0x0000,
  0x0000, 0x0000, 0x0000, 0x0000, 0x2421, 0x694A, 0x0000, 0x4008, 0x2000, 0x2108, 0xAA5A, 0x4108, 0x0000, 0x2000, 0x6108, 0xE739,
  0x2008, 0x2000, 0x2000, 0x2000, 0x0000, 0x2000, 0x2000, 0x2000, 0x2000, 0x2000, 0x2000, 0x0000, 0x6529, 0xDBDE, 0xFBDE, 0x6529,
  0x0000, 0x2000, 0x2000, 0x2000, 0x2000, 0x2000, 0x2000, 0x2000, 0x2000, 0x2000, 0x2000, 0x2000, 0x2000, 0x2000, 0x2000, 0x2000,
  0x0000, 0x2421, 0x6108, 0x2000, 0x2008, 0x0000, 0x55AD, 0xFFFF, 0xFFFF, 0x8E93, 0x0008, 0x2000, 0x2000, 0x2000, 0x0028, 0x2000,
  0x2000, 0x0000, 0x0000, 0x2000, 0x2008, 0x0000, 0xE318, 0x2C63, 0x2C63, 0xEB5A, 0xA210, 0x2000, 0x4108, 0x2000, 0x4108, 0x6108,
  0x4108, 0x4108, 0x4108, 0x4108, 0x2000, 0x6108, 0x4108, 0x4108, 0x4108, 0x4108, 0x4108, 0x2000, 0x4108, 0x4108, 0x2000, 0x4108,
  0x4108, 0x4108, 0x2000, 0x6108, 0x4108, 0x4108, 0x4108, 0x4108, 0x4108, 0x2000, 0x2008, 0x4108, 0x2008, 0x4008, 0x4108, 0x2000,
  0x2000, 0x4108, 0x2000, 0x2008, 0x2008, 0x2000, 0x2008, 0x2008, 0x2000, 0x4108, 0x4008, 0x2000, 0x2000, 0x2000, 0x2000, 0x2000,
  0x2000, 0x2000, 0x2000, 0x2000, 0x2000, 0x2000, 0x2000, 0x2000, 0x2000, 0x2000, 0x2000, 0x2000, 0x2000, 0x2000, 0x2000, 0x0000,
  0x8210, 0xA210, 0x8210, 0x8210, 0x8210, 0xA210, 0xA210, 0xA210, 0xA210, 0xA210, 0xA210, 0x8210, 0x6108, 0x4000, 0x2120, 0x21A8,
  0x42E8, 0x42D8, 0x42D0, 0x42D8, 0x42D8, 0x42D8, 0x42D8, 0x62E8, 0x42B0, 0x0020, 0x0000, 0x4108, 0x4108, 0x6108, 0x6108, 0x6108,
  0x6108, 0x6108, 0x6108, 0x6108, 0x6108, 0x6108, 0x6108, 0x6108, 0x6108, 0x6108, 0x6108, 0x6110, 0x8110, 0x6110, 0x6108, 0x6108,
  0x6118, 0x6118, 0x8108, 0x8218, 0x6120, 0x6108, 0x6128, 0x4128, 0x6108, 0x4130, 0x4138, 0x6108, 0x8200, 0x6120, 0x4148, 0x6120,
  0x8208, 0x8200, 0x6120, 0x4150, 0x4128, 0x6120, 0x8120, 0x2000, 0x0000, 0x0000, 0x0000, 0x0000, 0x0000, 0x2000, 0x2000, 0x2000,
  0x2008, 0x6108, 0x4108, 0x4108, 0x4108, 0x4108, 0x2000, 0x8210, 0x6108, 0x4108, 0x4108, 0x4108, 0x4108, 0x4108, 0x4108, 0x4108,
  0x4108, 0x4108, 0x4108, 0x2008, 0x4108, 0x8210, 0x4108, 0x4108, 0x4108, 0x4108, 0x4108, 0x8210, 0x4108, 0x4108, 0x4108, 0x6108,
  0x4108, 0x4108, 0x8210, 0x4108, 0x4108, 0x4108, 0x4108, 0x2000, 0x8210, 0x6108, 0x4108, 0x6108, 0x6108, 0x4108, 0x4108, 0x6108,
  0x8210, 0x4008, 0x4108, 0x4108, 0x4108, 0x2000, 0xA210, 0x4108, 0x4108, 0x4108, 0x6108, 0x6108, 0x4108, 0x8210, 0x6108, 0x4108,
  0x4108, 0x4108, 0x4108, 0x2108, 0xA210, 0x4108, 0x4108, 0x4108, 0x4108, 0x4108, 0x4108, 0x6108, 0x6108, 0x4108, 0x4108, 0x6108,
  0x6108, 0x0000, 0xEB5A, 0x18C6, 0xD7BD, 0x75AD, 0xF7BD, 0xFBDE, 0x14A5, 0x0421, 0x0000, 0x2000, 0x2000, 0x0000, 0x0000, 0x0000,
  0x0000, 0x0000, 0x0000, 0x8E73, 0x9EF7, 0xBEF7, 0x0421, 0x2000, 0x4008, 0x0000, 0xE841, 0xC318, 0x0000, 0x2000, 0x2000, 0x0000,
  0x2000, 0x2000, 0x2000, 0x2000, 0x2000, 0x2000, 0x2000, 0x2000, 0x2000, 0x2000, 0x2008, 0x0000, 0xC739, 0x9AD6, 0xD7BD, 0x6108,
  0x0000, 0x2000, 0x2000, 0x2000, 0x2000, 0x2000, 0x2000, 0x2000, 0x2000, 0x2000, 0x2000, 0x2000, 0x2000, 0x2000, 0x2000, 0x2000,
  0x2000, 0x0000, 0x0000, 0x2000, 0x0000, 0xEB5A, 0xFFFF, 0xFFFF, 0x51BC, 0x0020, 0x4100, 0x2000, 0x0000, 0x0048, 0x00A8, 0x0078,
  0x0018, 0x2000, 0x2008, 0x2000, 0x2000, 0x2000, 0x0000, 0x6108, 0xCB5A, 0x4D6B, 0xCB5A, 0x6108, 0x2008, 0x2000, 0x6108, 0x4108,
  0x4108, 0x4108, 0x4108, 0x4108, 0x2000, 0x4108, 0x4108, 0x4108, 0x4108, 0x4108, 0x4108, 0x2000, 0x6108, 0x4008, 0x4108, 0x4108,
  0x4108, 0x4108, 0x2000, 0x4108, 0x4108, 0x4108, 0x4108, 0x4108, 0x4108, 0x2000, 0x6108, 0x4108, 0x4108, 0x4108, 0x4108, 0x4008,
  0x2000, 0x2008, 0x4108, 0x2000, 0x2008, 0x2000, 0x2000, 0x2000, 0x2000, 0x4108, 0x2000, 0x2000, 0x2000, 0x2000, 0x2000, 0x2000,
  0x2000, 0x2000, 0x2000, 0x2000, 0x2000, 0x2000, 0x0000, 0x2000, 0x2000, 0x2000, 0x2000, 0x2000, 0x2000, 0x2000, 0x0000, 0x2000,
  0x8210, 0x8210, 0xA210, 0x8210, 0xA210, 0xA210, 0xA210, 0xA210, 0xA210, 0x8210, 0x8210, 0x6108, 0x4000, 0x2150, 0x22D0, 0x42E8,
  0x42D8, 0x42D8, 0x42D8, 0x42D8, 0x42D8, 0x42D8, 0x42E8, 0x4188, 0x0000, 0x2000, 0x4008, 0x4108, 0x6108, 0x6108, 0x6108, 0x6108,
  0x6108, 0x6108, 0x6108, 0x6108, 0x6108, 0x6108, 0x6108, 0x6108, 0x6108, 0x6108, 0x6110, 0x8110, 0x8210, 0x8108, 0x8110, 0x6118,
  0x8210, 0x8108, 0x6120, 0x6118, 0x6108, 0x6130, 0x8228, 0x6110, 0x2140, 0x4128, 0x8100, 0x8100, 0x4128, 0x4148, 0x6210, 0x8208,
  0x8200, 0x4138, 0x4150, 0x6110, 0x6120, 0x6120, 0x2000, 0x0000, 0x0000, 0x0000, 0x0000, 0x0000, 0x2000, 0x2000, 0x2000, 0x2008,
  0x2000, 0x4108, 0x6108, 0x6108, 0x4108, 0x4108, 0x4108, 0x6108, 0x4108, 0x4108, 0x4108, 0x4108, 0x4108, 0x4108, 0x4108, 0x4108,
  0x4108, 0x4108, 0x4108, 0x4108, 0x2000, 0x6108, 0x6108, 0x6108, 0x6108, 0x4108, 0x6108, 0x6108, 0x4108, 0x6108, 0x4108, 0x4108,
  0x4108, 0x4108, 0x6108, 0x6108, 0x6108, 0x8110, 0x8110, 0x6108, 0x8210, 0x4108, 0x4108, 0x4108, 0x6108, 0x6108, 0x4108, 0x4108,
  0x8210, 0x6108, 0x6108, 0x6108, 0x4108, 0x8210, 0x8210, 0x4108, 0x6108, 0x6108, 0x6108, 0x6108, 0x4108, 0x4108, 0x8210, 0x6108,
  0x6108, 0x8210, 0x4108, 0x8210, 0x6110, 0x4108, 0x4108, 0x4108, 0x4108, 0x6108, 0x6108, 0x4108, 0x8210, 0x4108, 0x6108, 0x2000,
  0x2000, 0xAE73, 0x59CE, 0xD7BD, 0x96B5, 0x18C6, 0x9AD6, 0x2C63, 0x0000, 0x0000, 0x2000, 0x0000, 0x0000, 0x2000, 0x0000, 0x0000,
  0x0000, 0x2000, 0x0000, 0x2C63, 0xFFFF, 0xFFFF, 0xAE73, 0x0000, 0x0000, 0x0000, 0x0000, 0x0000, 0x0000, 0x2000, 0x2000, 0x4008,
  0x2000, 0x2000, 0x2000, 0x2000, 0x2000, 0x2000, 0x2000, 0x2000, 0x2000, 0x2000, 0x2000, 0x0000, 0xE318, 0x8A52, 0xC739, 0x0000,
  0x0000, 0x2000, 0x2000, 0x2000, 0x2000, 0x2000, 0x2000, 0x2000, 0x2000, 0x2000, 0x2000, 0x2000, 0x2000, 0x2000, 0x2000, 0x2000,
  0x2000, 0x2000, 0x2000, 0x0000, 0xC318, 0x3CE7, 0xFFFF, 0x55DD, 0x0028, 0x0000, 0x2000, 0x0000, 0x0038, 0x00C8, 0x0088, 0x00B0,
  0x00C0, 0x2040, 0x2000, 0x2000, 0x2000, 0x2000, 0x2000, 0x0000, 0x6108, 0xCB5A, 0x6D6B, 0x2842, 0x0000, 0x4108, 0x6108, 0x4108,
  0x4108, 0x4108, 0x4108, 0x4108, 0x4108, 0x2008, 0x6108, 0x4108, 0x4108, 0x4108, 0x4108, 0x4108, 0x4108, 0x2008, 0x4108, 0x4108,
  0x4108, 0x4108, 0x4108, 0x4008, 0x4108, 0x4108, 0x4108, 0x4108, 0x4108, 0x4108, 0x4108, 0x2000, 0x4108, 0x4108, 0x4108, 0x4108,
  0x2000, 0x2000, 0x4108, 0x2000, 0x2008, 0x4108, 0x4108, 0x2000, 0x4108, 0x2000, 0x2000, 0x2000, 0x2000, 0x2000, 0x2000, 0x2000,
  0x2000, 0x2000, 0x2000, 0x2000, 0x2000, 0x2000, 0x0000, 0x2000, 0x2000, 0x2000, 0x2000, 0x2000, 0x2000, 0x2000, 0x0000, 0x2000,
  0xA210, 0xA210, 0x8210, 0xA210, 0xA210, 0xA210, 0xA210, 0xA210, 0x8210, 0x6108, 0x4100, 0x2118, 0x2198, 0x22E8, 0x42D8, 0x42D0,
  0x42D8, 0x42D8, 0x42D8, 0x42D8, 0x42E0, 0x42E0, 0x2158, 0x0000, 0x2000, 0x4108, 0x4108, 0x6108, 0x6108, 0x6108, 0x6108, 0x6108,
  0x6108, 0x6108, 0x6108, 0x6108, 0x6108, 0x6108, 0x6108, 0x6108, 0x6110, 0x6110, 0x6108, 0x8110, 0x6108, 0x6110, 0x6118, 0x8208,
  0x8210, 0x6120, 0x6110, 0x6110, 0x6130, 0x8110, 0x6120, 0x4140, 0x6118, 0x6100, 0x6108, 0x4138, 0x4130, 0x6108, 0x8200, 0x8210,
  0x4140, 0x4138, 0x8218, 0x8128, 0x6108, 0x0000, 0x0000, 0x0000, 0x0000, 0x2000, 0x2000, 0x2000, 0x2000, 0x4108, 0x4108, 0x4108,
  0x2000, 0x4108, 0x6108, 0x6108, 0x6108, 0x6108, 0x6108, 0x6108, 0x4108, 0x4108, 0x4108, 0x4108, 0x4108, 0x4108, 0x4108, 0x4108,
  0x4108, 0x4108, 0x4108, 0x4108, 0x4108, 0x8210, 0x6108, 0x6108, 0x6108, 0x6108, 0x8210, 0x6108, 0x6108, 0x6108, 0x4108, 0x4108,
  0x4108, 0x4108, 0x4108, 0x6108, 0x6108, 0x8210, 0x8210, 0x6108, 0x6108, 0x4108, 0x4108, 0x4108, 0x4108, 0x6108, 0x4108, 0x4108,
  0x8210, 0x8210, 0x6108, 0x6108, 0x6108, 0x8210, 0x6108, 0x6108, 0x6108, 0x6108, 0x6108, 0x4108, 0x6108, 0x2008, 0x8210, 0x8210,
  0x8210, 0x8210, 0x8210, 0x8210, 0x4108, 0x4108, 0x4108, 0x4108, 0x4108, 0x4108, 0x6108, 0x2008, 0x6108, 0xA210, 0x4108, 0xC318,
  0x518C, 0xB6B5, 0x55AD, 0x96B5, 0x79CE, 0xB6B5, 0x8631, 0x0000, 0x2000, 0x2000, 0x0000, 0x0000, 0x0000, 0x0000, 0x8210, 0x8631,
  0x0000, 0x4108, 0x2000, 0x2000, 0x38C6, 0xFFFF, 0x9AD6, 0x6108, 0x0000, 0x2000, 0x2000, 0x2000, 0x2000, 0x2000, 0x2000, 0x2000,
  0x2000, 0x2000, 0x2000, 0x2000, 0x2000, 0x2000, 0x2000, 0x2000, 0x2000, 0x2000, 0x2000, 0x2000, 0x0000, 0x0000, 0x0000, 0x2000,
  0x2000, 0x2000, 0x2000, 0x2000, 0x2000, 0x2000, 0x2000, 0x2000, 0x2000, 0x2000, 0x2000, 0x2000, 0x2000, 0x2000, 0x2000, 0x2000,
  0x2000, 0x2000, 0x2000, 0x0000, 0xF39C, 0xFFFF, 0x34E5, 0x4038, 0x2000, 0x0000, 0x0000, 0x0020, 0x00C8, 0x0088, 0x0088, 0x00B0,
  0x00D0, 0x00E0, 0x0068, 0x0000, 0x0000, 0x0000, 0x2000, 0x2000, 0x0000, 0x8210, 0xCB5A, 0x4D6B, 0x6529, 0x2000, 0x4108, 0x4108,
  0x4108, 0x4108, 0x4108, 0x4108, 0x4108, 0x2000, 0x6108, 0x6108, 0x6108, 0x6108, 0x4108, 0x6108, 0x4108, 0x4108, 0x4108, 0x4108,
  0x4108, 0x4008, 0x4108, 0x2000, 0x4108, 0x4108, 0x6108, 0x6108, 0x4108, 0x6108, 0x4108, 0x4000, 0x4108, 0x4108, 0x4108, 0x4108,
  0x4008, 0x2000, 0x4108, 0x4108, 0x4108, 0x4108, 0x4108, 0x2000, 0x4108, 0x2000, 0x2000, 0x2000, 0x2000, 0x2000, 0x2000, 0x2000,
  0x2000, 0x2000, 0x2000, 0x2000, 0x2000, 0x2000, 0x2000, 0x2000, 0x2000, 0x2000, 0x2000, 0x2000, 0x2000, 0x2000, 0x2000, 0x0000,
  0xA210, 0xA210, 0xA210, 0xA210, 0xA210, 0xA210, 0xA210, 0x8210, 0x6108, 0x2000, 0x2148, 0x21C8, 0x22E8, 0x42D0, 0x42D0, 0x42D8,
  0x42D8, 0x62D8, 0x42D8, 0x42F0, 0x42C0, 0x2028, 0x0000, 0x4108, 0x4108, 0x4108, 0x6108, 0x6108, 0x6108, 0x6108, 0x6108, 0x6108,
  0x6108, 0x6108, 0x6108, 0x6108, 0x6108, 0x6108, 0x6108, 0x6110, 0x6110, 0x6110, 0x6108, 0x6108, 0x6118, 0x6110, 0x8208, 0x8218,
  0x6120, 0x6108, 0x6128, 0x6128, 0x8100, 0x4130, 0x4138, 0x8208, 0x8200, 0x6120, 0x4148, 0x4120, 0x8100, 0x8200, 0x6118, 0x2150,
  0x6128, 0x8210, 0x8120, 0x4100, 0x0000, 0x0000, 0x0000, 0x0000, 0x0000, 0x2000, 0x2000, 0x2000, 0x4008, 0x4108, 0x4108, 0x4108,
  0x2000, 0x6108, 0x4108, 0x4108, 0x4108, 0x4108, 0x2000, 0x6108, 0x4108, 0x4108, 0x4108, 0x4108, 0x4108, 0x4108, 0x4108, 0x6108,
  0x4108, 0x4108, 0x4108, 0x4108, 0x6108, 0x8210, 0x2000, 0x4108, 0x4108, 0x4108, 0x6108, 0x8210, 0x4108, 0x4108, 0x4108, 0x4108,
  0x6108, 0x4108, 0x8210, 0x4108, 0x4108, 0x4108, 0x4108, 0x4008, 0x8210, 0x6108, 0x4108, 0x4108, 0x6108, 0x6108, 0x4108, 0x4108,
  0x8210, 0x4108, 0x4108, 0x4108, 0x2000, 0x4108, 0x8210, 0x6108, 0x6108, 0x6108, 0x6108, 0x6108, 0x4108, 0x6108, 0x8210, 0x4108,
  0x4108, 0x4108, 0x4108, 0x6108, 0x8210, 0x4108, 0x6108, 0x6108, 0x4108, 0x4108, 0x4108, 0x4108, 0xA210, 0x0000, 0x0421, 0x14A5,
  0xB6B5, 0xF4A4, 0x14A5, 0x79CE, 0x718C, 0x4108, 0x0000, 0x2000, 0x0000, 0x0000, 0x2000, 0x2000, 0x0000, 0x0000, 0xA210, 0x59CE,
  0x4529, 0x2000, 0x4108, 0x0000, 0xAA52, 0xFFFF, 0xFFFF, 0xAA52, 0x0000, 0x4108, 0x2000, 0x2000, 0x2000, 0x2000, 0x2000, 0x2000,
  0x2000, 0x2000, 0x2000, 0x2000, 0x2000, 0x2000, 0x2000, 0x2000, 0x2000, 0x2000, 0x2000, 0x2000, 0x2000, 0x4108, 0x4008, 0x2000,
  0x2000, 0x2000, 0x2000, 0x2000, 0x2000, 0x2000, 0x2000, 0x2000, 0x2000, 0x2000, 0x2000, 0x2000, 0x2000, 0x2000, 0x2000, 0x2000,
  0x2000, 0x2000, 0x0000, 0x6952, 0xFFFF, 0xB3DC, 0x0040, 0x0000, 0x4108, 0x2000, 0x0010, 0x00A8, 0x0098, 0x0080, 0x00A8, 0x00B8,
  0x00C8, 0x00D0, 0x00E0, 0x0080, 0x0000, 0x2000, 0x2000, 0x2000, 0x2000, 0x0000, 0x8210, 0xEB5A, 0xEC62, 0x8210, 0x4108, 0x4108,
  0x4108, 0x4108, 0x4108, 0x4108, 0x4108, 0x2000, 0x6108, 0x2000, 0x4108, 0x4108, 0x4108, 0x2000, 0x6108, 0x2000, 0x4108, 0x4108,
  0x2008, 0x4008, 0x4108, 0x4108, 0x6108, 0x2000, 0x4108, 0x4108, 0x4008, 0x2000, 0x4108, 0x4000, 0x4108, 0x4108, 0x4108, 0x4108,
  0x2000, 0x2000, 0x4108, 0x2000, 0x2000, 0x2000, 0x2000, 0x2000, 0x2000, 0x4008, 0x2000, 0x2000, 0x2000, 0x2000, 0x2000, 0x2000,
  0x2000, 0x2000, 0x2000, 0x2000, 0x2000, 0x2000, 0x2000, 0x2000, 0x2000, 0x2000, 0x2000, 0x2000, 0x2000, 0x2000, 0x2000, 0x2000,
  0xA210, 0xA210, 0xA210, 0xA210, 0xA210, 0x8210, 0x6110, 0x4100, 0x2108, 0x2188, 0x22E0, 0x42D8, 0x42D0, 0x42D8, 0x42D8, 0x62D8,
  0x62D8, 0x62D8, 0x42F0, 0x2198, 0x2008, 0x2000, 0x2008, 0x4108, 0x4108, 0x6108, 0x6108, 0x6108, 0x6108, 0x6108, 0x6108, 0x6108,
  0x6108, 0x6108, 0x6108, 0x6108, 0x6108, 0x6108, 0x6110, 0x6110, 0x6108, 0x6108, 0x6110, 0x6118, 0x6110, 0x8108, 0x6220, 0x8120,
  0x8110, 0x4130, 0x8118, 0x8110, 0x2140, 0x4128, 0x8200, 0x8208, 0x6130, 0x4140, 0x6210, 0x6100, 0x6100, 0x4130, 0x4148, 0x6110,
  0x8220, 0x8118, 0x2000, 0x0000, 0x0000, 0x0000, 0x0000, 0x2000, 0x2000, 0x2000, 0x4108, 0x2008, 0x4108, 0x4108, 0x4108, 0x2000,
  0x4108, 0x6108, 0x4108, 0x4108, 0x4108, 0x4108, 0x4108, 0x4108, 0x6108, 0x4108, 0x4108, 0x4108, 0x4108, 0x2000, 0x6108, 0x6108,
  0x4108, 0x4108, 0x4108, 0x4108, 0x8210, 0x4108, 0x4108, 0x4108, 0x4108, 0x6108, 0x4108, 0x8210, 0x6108, 0x4108, 0x4108, 0x6108,
  0x4108, 0x6108, 0x8210, 0x4108, 0x4108, 0x4108, 0x4108, 0x4108, 0x4108, 0x8210, 0x4108, 0x6108, 0x6108, 0x6108, 0x2000, 0x6108,
  0x6108, 0x4108, 0x4108, 0x4108, 0x6108, 0x4108, 0x8210, 0x6108, 0x6108, 0x6108, 0x6108, 0x6108, 0x4108, 0x8210, 0x4108, 0x4108,
  0x4108, 0x6108, 0x6108, 0x4108, 0x8210, 0x6108, 0x6108, 0x6108, 0x4108, 0x4108, 0x2000, 0xA210, 0x0000, 0x8631, 0x34A5, 0x34A5,
  0x14A5, 0x75AD, 0x39CE, 0x0C63, 0x0000, 0x0000, 0x2000, 0x0000, 0x0000, 0x2000, 0x0000, 0x0000, 0x0000, 0x2000, 0x0000, 0xEB5A,
  0x55AD, 0x0000, 0x0000, 0x0000, 0x2000, 0xF7BD, 0xBEF7, 0x55AD, 0x0000, 0x2000, 0x2000, 0x2000, 0x2000, 0x2000, 0x2000, 0x2000,
  0x2000, 0x2000, 0x2000, 0x2000, 0x2000, 0x2000, 0x2000, 0x2000, 0x2000, 0x2000, 0x2000, 0x2000, 0x2000, 0x2000, 0x2000, 0x2000,
  0x2000, 0x2000, 0x2000, 0x2000, 0x2000, 0x2000, 0x2000, 0x2000, 0x2000, 0x2000, 0x2000, 0x2000, 0x2000, 0x2000, 0x2000, 0x2000,
  0x2000, 0x0000, 0xE320, 0xBBCE, 0x52D4, 0x0058, 0x0000, 0x0000, 0x2000, 0x2008, 0x0048, 0x0068, 0x0070, 0x0090, 0x00A0, 0x00B8,
  0x00D0, 0x00A8, 0x00A8, 0x00F0, 0x0098, 0x2000, 0x2000, 0x0000, 0x2000, 0x2000, 0x0000, 0x0421, 0x4D6B, 0x694A, 0x4108, 0x6108,
  0x4108, 0x4108, 0x4108, 0x4108, 0x2000, 0x6108, 0x4108, 0x4108, 0x4108, 0x4108, 0x4108, 0x2000, 0x4108, 0x4108, 0x2008, 0x2008,
  0x4000, 0x4108, 0x2000, 0x6108, 0x4108, 0x4108, 0x4108, 0x4108, 0x4108, 0x2000, 0x4108, 0x4108, 0x4108, 0x4108, 0x4108, 0x4108,
  0x2000, 0x4108, 0x4108, 0x2000, 0x2000, 0x2000, 0x2000, 0x2000, 0x2000, 0x4108, 0x2000, 0x2000, 0x2000, 0x2000, 0x2000, 0x2000,
  0x2000, 0x2000, 0x2000, 0x2000, 0x2000, 0x2000, 0x2000, 0x2000, 0x2000, 0x2000, 0x2000, 0x2000, 0x2000, 0x2000, 0x2000, 0x0000,
  0xA210, 0xA210, 0xA210, 0x8210, 0x8210, 0x6108, 0x4000, 0x2130, 0x22B8, 0x22E0, 0x42D0, 0x42D0, 0x42D8, 0x42D8, 0x42D8, 0x62D0,
  0x62E0, 0x42E0, 0x2160, 0x0000, 0x2000, 0x4108, 0x4108, 0x4108, 0x4108, 0x4108, 0x6108, 0x6108, 0x6108, 0x6108, 0x6108, 0x6108,
  0x6108, 0x6108, 0x6108, 0x6108, 0x6108, 0x6110, 0x6108, 0x6108, 0x6108, 0x6110, 0x6118, 0x8108, 0x8108, 0x6120, 0x6218, 0x6110,
  0x4138, 0x8210, 0x8218, 0x2140, 0x6218, 0x8200, 0x6110, 0x4140, 0x4138, 0x8208, 0x8208, 0x6108, 0x4148, 0x4138, 0x8210, 0x8228,
  0x6110, 0x0000, 0x0000, 0x0000, 0x0000, 0x0000, 0x2000, 0x2000, 0x2000, 0x2000, 0x6108, 0x4108, 0x2008, 0x2000, 0x4108, 0x2000,
  0x6108, 0x4108, 0x4108, 0x4108, 0x4108, 0x4108, 0x4108, 0x2000, 0x6108, 0x4108, 0x4108, 0x4108, 0x4108, 0x4108, 0x8210, 0x4108,
  0x6108, 0x6108, 0x6108, 0x6108, 0x8210, 0x4108, 0x4108, 0x4108, 0x4108, 0x4108, 0x4108, 0x6108, 0x6108, 0x4108, 0x4108, 0x4108,
  0x4108, 0x8210, 0x6108, 0x4108, 0x4108, 0x4108, 0x4108, 0x4108, 0x4108, 0x8210, 0x6108, 0x4108, 0x4108, 0x4108, 0x4108, 0x8210,
  0x4108, 0x6108, 0x6108, 0x6108, 0x6108, 0x4108, 0x4108, 0x8210, 0x4108, 0x4108, 0x6108, 0x4108, 0x6108, 0x8210, 0x4108, 0x4108,
  0x4108, 0x4108, 0x6108, 0x4108, 0x6108, 0x8210, 0x4108, 0x4108, 0x4108, 0x2008, 0x6108, 0x2000, 0xA639, 0x75AD, 0x14A5, 0xB294,
  0x54AD, 0xF7BD, 0x0842, 0x0000, 0x2000, 0x0000, 0x0000, 0x0000, 0x2000, 0x0000, 0x4529, 0xE739, 0x0000, 0x4108, 0x2008, 0x0000,
  0x928C, 0x2421, 0x0000, 0x2000, 0x0000, 0x8A52, 0xFBDE, 0x59CE, 0x6529, 0x0000, 0x2008, 0x2000, 0x2000, 0x2000, 0x2000, 0x2000,
  0x2000, 0x2000, 0x2000, 0x2000, 0x2000, 0x2000, 0x2000, 0x2000, 0x2000, 0x2000, 0x2000, 0x2000, 0x2000, 0x2000, 0x2000, 0x2000,
  0x2000, 0x2000, 0x2000, 0x2000, 0x2000, 0x2000, 0x2000, 0x2000, 0x2000, 0x2000, 0x2000, 0x2000, 0x2000, 0x2000, 0x2000, 0x2000,
  0x2000, 0x2008, 0xA200, 0x8A92, 0x0060, 0x0000, 0x0000, 0x0000, 0x0000, 0x0048, 0x0058, 0x0058, 0x0070, 0x0080, 0x00A0, 0x00C0,
  0x00A8, 0x0098, 0x00D8, 0x00D8, 0x00F0, 0x0090, 0x0000, 0x2000, 0x2000, 0x2000, 0x2000, 0x0000, 0xC739, 0x8E73, 0x4529, 0x2000,
  0x4108, 0x4108, 0x4108, 0x4108, 0x4108, 0x6108, 0x2000, 0x4108, 0x4108, 0x4108, 0x4108, 0x4108, 0x4108, 0x4108, 0x2000, 0x2008,
  0x4008, 0x2000, 0x2000, 0x6108, 0x4008, 0x4108, 0x4108, 0x4008, 0x2008, 0x2000, 0x4108, 0x4108, 0x2000, 0x4008, 0x2008, 0x2000,
  0x2000, 0x4108, 0x2000, 0x2008, 0x2008, 0x2008, 0x2000, 0x2000, 0x2000, 0x2000, 0x4008, 0x2000, 0x2000, 0x2000, 0x2000, 0x2000,
  0x4108, 0x2000, 0x2000, 0x2000, 0x2000, 0x2000, 0x2000, 0x2000, 0x2000, 0x2000, 0x2000, 0x2000, 0x2000, 0x0000, 0x2000, 0x0000,
  0xA210, 0xA210, 0x8210, 0x6110, 0x4100, 0x2000, 0x2168, 0x21D0, 0x21D0, 0x21C8, 0x42D0, 0x42D0, 0x42D0, 0x42D8, 0x42D8, 0x42F0,
  0x42C8, 0x2030, 0x0000, 0x2008, 0x4108, 0x4108, 0x6108, 0x6108, 0x6108, 0x6108, 0x6108, 0x6108, 0x6108, 0x6108, 0x6108, 0x6108,
  0x6108, 0x6108, 0x6108, 0x6110, 0x6110, 0x6108, 0x6108, 0x8110, 0x8218, 0x8218, 0x8208, 0x8218, 0x6120, 0x6110, 0x6118, 0x4120,
  0x6108, 0x4130, 0x4140, 0x8108, 0x8100, 0x6120, 0x4148, 0x6118, 0x8208, 0x8208, 0x6118, 0x4150, 0x6128, 0x8110, 0x8120, 0x4108,
  0x0000, 0x0000, 0x0000, 0x0000, 0x0000, 0x2000, 0x2000, 0x4108, 0x4108, 0x4108, 0x4108, 0x6108, 0x6108, 0x6108, 0x6108, 0x6108,
  0x6108, 0x4108, 0x4108, 0x4108, 0x4108, 0x4108, 0x4108, 0x2008, 0x6108, 0x8210, 0x8210, 0x8210, 0x6108, 0x8210, 0x6108, 0x4108,
  0x6108, 0x8210, 0x8210, 0x8210, 0x6108, 0x4108, 0x4108, 0x4108, 0x4108, 0x4108, 0x4108, 0x2000, 0x6108, 0x8210, 0x8210, 0x8210,
  0x8210, 0x6108, 0x4108, 0x4108, 0x4108, 0x4108, 0x4108, 0x6108, 0x4108, 0x6108, 0xA210, 0x8210, 0x6108, 0x8110, 0x8210, 0x6108,
  0x6108, 0x6108, 0x6108, 0x6108, 0x6108, 0x6108, 0x4108, 0x8210, 0x8210, 0x8210, 0x8210, 0x8210, 0x8210, 0x4108, 0x4108, 0x4108,
  0x4108, 0x4108, 0x4108, 0x6108, 0x4108, 0x8210, 0x8210, 0x8210, 0x8210, 0x8210, 0x2000, 0x0842, 0x55AD, 0xB294, 0x9294, 0x55AD,
  0x75AD, 0x0421, 0x0000, 0x2000, 0x0000, 0x2000, 0x2000, 0x2000, 0x2000, 0x0000, 0x0421, 0xD7BD, 0xE318, 0x0000, 0x2000, 0x0000,
  0x0000, 0x2000, 0x2000, 0x2000, 0x2000, 0x6108, 0x34A5, 0xBBDE, 0x8E73, 0x0000, 0x4108, 0x2000, 0x2000, 0x2000, 0x2000, 0x2000,
  0x2000, 0x2000, 0x2000, 0x2000, 0x2000, 0x2000, 0x2000, 0x2000, 0x2000, 0x2000, 0x2000, 0x2000, 0x2000, 0x2000, 0x2000, 0x2000,
  0x2000, 0x2000, 0x2000, 0x2000, 0x2000, 0x2000, 0x2000, 0x2000, 0x2000, 0x2000, 0x2000, 0x2000, 0x2000, 0x2000, 0x2000, 0x2000,
  0x2008, 0x0000, 0x0058, 0x0078, 0x0000, 0x0000, 0x0000, 0x2000, 0x2000, 0x0020, 0x0060, 0x0068, 0x0068, 0x0078, 0x0098, 0x0098,
  0x0098, 0x00D8, 0x00E0, 0x00D8, 0x00D8, 0x00F0, 0x0080, 0x2000, 0x2000, 0x0000, 0x2000, 0x0000, 0x2000, 0x8A52, 0xEB5A, 0x4108,
  0x6108, 0x6108, 0x6108, 0x6108, 0x6108, 0x4108, 0x4108, 0x4108, 0x4108, 0x4108, 0x4108, 0x4108, 0x2000, 0x4108, 0x6108, 0x6108,
  0x6108, 0x4108, 0x6108, 0x4108, 0x2000, 0x4108, 0x4108, 0x4008, 0x4108, 0x4108, 0x2000, 0x4108, 0x4108, 0x4108, 0x4108, 0x4108,
  0x4108, 0x4108, 0x2008, 0x4008, 0x2000, 0x2008, 0x2000, 0x2000, 0x2000, 0x2000, 0x4108, 0x2000, 0x2000, 0x2008, 0x2000, 0x4108,
  0x2000, 0x2000, 0x2000, 0x2000, 0x2000, 0x2000, 0x2000, 0x2000, 0x2000, 0x2000, 0x2000, 0x2000, 0x2000, 0x2000, 0x2000, 0x2000,
  0x8210, 0x6110, 0x4108, 0x2000, 0x0028, 0x01A0, 0x21D0, 0x21C0, 0x21C0, 0x21C8, 0x42D0, 0x42D0, 0x42D0, 0x42D8, 0x42F0, 0x21A0,
  0x0010, 0x0000, 0x2008, 0x4108, 0x6108, 0x6108, 0x6108, 0x6108, 0x6108, 0x6108, 0x6108, 0x6108, 0x6108, 0x6108, 0x6108, 0x6108,
  0x6108, 0x6108, 0x6110, 0x6110, 0x6108, 0x6108, 0x6110, 0x6118, 0x8210, 0xA210, 0x8220, 0x8218, 0x8210, 0x4130, 0x6110, 0x6108,
  0x4140, 0x4128, 0x8200, 0x8208, 0x4130, 0x4140, 0x6110, 0x8208, 0x8200, 0x4130, 0x2150, 0x6118, 0x8218, 0x8218, 0x2000, 0x0000,
  0x0000, 0x0000, 0x0000, 0x2000, 0x2000, 0x2000, 0x2108, 0x4108, 0x4108, 0x2000, 0x6108, 0x4108, 0x4108, 0x4108, 0x4108, 0x2000,
  0x6108, 0x4108, 0x4108, 0x4108, 0x4108, 0x4108, 0x4108, 0x2000, 0x6108, 0x4108, 0x4108, 0x6108, 0x4008, 0x4108, 0x6108, 0x4108,
  0x4108, 0x4108, 0x4108, 0x4108, 0x6108, 0x4108, 0x4108, 0x4108, 0x4108, 0x4108, 0x4108, 0x4108, 0x6108, 0x4108, 0x6108, 0x6108,
  0x4108, 0x8210, 0x4108, 0x4108, 0x4108, 0x4108, 0x6108, 0x6108, 0x4108, 0xA210, 0x6108, 0x4108, 0x4108, 0x4108, 0x4108, 0x8210,
  0x4108, 0x6108, 0x6108, 0x6108, 0x6108, 0x4108, 0x4108, 0x8210, 0x4108, 0x4108, 0x4108, 0x4108, 0x6108, 0x6108, 0x4108, 0x6108,
  0x6108, 0x4108, 0x4108, 0x4108, 0x4108, 0x8210, 0x4108, 0x6108, 0x6108, 0x0000, 0xC739, 0x14A5, 0x3084, 0x1084, 0x14A5, 0xD39C,
  0x8210, 0x0000, 0x2000, 0x0000, 0x0000, 0x2000, 0x0000, 0x0000, 0x0000, 0x0000, 0x0000, 0x2842, 0x75AD, 0x4108, 0x0000, 0x0000,
  0x2000, 0x2000, 0x2000, 0x2000, 0x2000, 0x0000, 0x0842, 0x6D6B, 0xE318, 0x2000, 0x2000, 0x2000, 0x2000, 0x2000, 0x2000, 0x2000,
  0x2000, 0x2000, 0x2000, 0x2000, 0x2000, 0x2000, 0x2000, 0x2000, 0x2000, 0x2000, 0x2000, 0x2000, 0x2000, 0x2000, 0x2000, 0x2000,
  0x2000, 0x2000, 0x2000, 0x2000, 0x2000, 0x2000, 0x2000, 0x2000, 0x2000, 0x2000, 0x2000, 0x2000, 0x2000, 0x2000, 0x2000, 0x2008,
  0x2000, 0x2068, 0x01A0, 0x2108, 0x2000, 0x2000, 0x2000, 0x2000, 0x2000, 0x2000, 0x0008, 0x0050, 0x0070, 0x0070, 0x0078, 0x0080,
  0x00B0, 0x00C0, 0x00D0, 0x00D8, 0x00E0, 0x00C8, 0x00F0, 0x0070, 0x0000, 0x0000, 0x0000, 0x2000, 0x0000, 0x8210, 0x4D6B, 0x8631,
  0x0000, 0x4108, 0x4108, 0x4108, 0x4108, 0x4108, 0x4108, 0x4108, 0x4108, 0x4108, 0x4108, 0x2008, 0x2000, 0x6108, 0x2000, 0x4108,
  0x4108, 0x4108, 0x4108, 0x4108, 0x2000, 0x4108, 0x4008, 0x4108, 0x4108, 0x4108, 0x2000, 0x6108, 0x4108, 0x4108, 0x4108, 0x2008,
  0x2000, 0x4108, 0x2000, 0x4108, 0x4008, 0x2008, 0x2000, 0x2000, 0x2000, 0x2000, 0x2108, 0x2000, 0x2000, 0x2000, 0x2000, 0x2000,
  0x2000, 0x2000, 0x2000, 0x2000, 0x2000, 0x2000, 0x2000, 0x2000, 0x2000, 0x2000, 0x2000, 0x2000, 0x2000, 0x2000, 0x2000, 0x2000,
  0x6108, 0x4100, 0x2000, 0x0158, 0x21B8, 0x21C0, 0x21B0, 0x21C0, 0x41C0, 0x42C8, 0x42D0, 0x42D0, 0x42E0, 0x42E0, 0x2168, 0x0000,
  0x2000, 0x4108, 0x4108, 0x4108, 0x4108, 0x6108, 0x6108, 0x6108, 0x6108, 0x6108, 0x6108, 0x6108, 0x6108, 0x6108, 0x6108, 0x6108,
  0x6108, 0x6110, 0x8210, 0x8108, 0x6108, 0x6118, 0x6118, 0x8208, 0x8210, 0x8230, 0x8218, 0x8218, 0x6230, 0xA208, 0x6128, 0x2148,
  0x6118, 0x8200, 0x8110, 0x4140, 0x4130, 0x8208, 0x8208, 0x8210, 0x4148, 0x4140, 0x8208, 0x8120, 0x6110, 0x0000, 0x0000, 0x0000,
  0x0000, 0x2000, 0x2000, 0x4108, 0x2000, 0x4108, 0x4108, 0x4108, 0x4108, 0x2000, 0x6110, 0x4108, 0x4108, 0x4108, 0x4108, 0x2000,
  0x6108, 0x6108, 0x4108, 0x4108, 0x4108, 0x6108, 0x4108, 0x4108, 0x8210, 0x4108, 0x4108, 0x4108, 0x4108, 0x2000, 0x6108, 0x2108,
  0x4108, 0x6108, 0x6108, 0x4108, 0x6108, 0x4108, 0x4108, 0x4108, 0x6108, 0x4108, 0x2000, 0x6108, 0x4108, 0x4108, 0x6108, 0x6108,
  0x4108, 0x6108, 0x6108, 0x4108, 0x4108, 0x4108, 0x6108, 0x4108, 0x4108, 0xA210, 0x4108, 0x6108, 0x4108, 0x6108, 0x4108, 0x8210,
  0x6108, 0x4108, 0x6108, 0x6108, 0x6108, 0x2000, 0x8210, 0x6108, 0x4108, 0x4108, 0x6108, 0x6108, 0x6108, 0xA210, 0x4108, 0x6108,
  0x6108, 0x4108, 0x4108, 0x2000, 0x8110, 0x6108, 0x4008, 0x8110, 0x0000, 0xA631, 0xD39C, 0xEF7B, 0xEF7B, 0x34AD, 0x9294, 0x4108,
  0x0000, 0x2000, 0x0000, 0x0000, 0x0000, 0x0000, 0xC318, 0xC318, 0x0000, 0x2000, 0x2000, 0x0000, 0x6A4A, 0xC318, 0x0000, 0x2000,
  0x2000, 0x2000, 0x2000, 0x2000, 0x2000, 0x2000, 0x0000, 0x0000, 0x0000, 0x2000, 0x2000, 0x2000, 0x2000, 0x2000, 0x2000, 0x2000,
  0x2000, 0x2000, 0x2000, 0x2000, 0x2000, 0x2000, 0x2000, 0x2000, 0x2000, 0x2000, 0x2000, 0x2000, 0x2000, 0x2000, 0x2000, 0x2000,
  0x2000, 0x2000, 0x2000, 0x2000, 0x2000, 0x2000, 0x2000, 0x2000, 0x2000, 0x2000, 0x2000, 0x2000, 0x2000, 0x2000, 0x2000, 0x0000,
  0x2178, 0x21B0, 0x0008, 0x2000, 0x2000, 0x2000, 0x2000, 0x2000, 0x2000, 0x2000, 0x2000, 0x2000, 0x0048, 0x0080, 0x0080, 0x0090,
  0x00A0, 0x00C0, 0x00D8, 0x00D8, 0x00B8, 0x00C0, 0x00D8, 0x00E8, 0x0040, 0x0000, 0x2000, 0x2000, 0x2000, 0x0000, 0x8631, 0x0C63,
  0x6108, 0x4108, 0x4108, 0x4108, 0x2000, 0x4108, 0x4108, 0x4108, 0x4108, 0x4108, 0x4108, 0x0000, 0x4108, 0x6108, 0x4108, 0x4108,
  0x4108, 0x4108, 0x2000, 0x4108, 0x2000, 0x2000, 0x2008, 0x4108, 0x4108, 0x2000, 0x4108, 0x4108, 0x4108, 0x4108, 0x2008, 0x4108,
  0x2000, 0x4108, 0x4108, 0x4108, 0x4108, 0x4108, 0x4008, 0x2008, 0x2000, 0x4108, 0x2000, 0x2000, 0x2000, 0x2000, 0x2000, 0x2000,
  0x2008, 0x2000, 0x2000, 0x2000, 0x2000, 0x2000, 0x2000, 0x2000, 0x4008, 0x2000, 0x2000, 0x2000, 0x2000, 0x2000, 0x2000, 0x2000,
  0x2000, 0x2020, 0x0188, 0x21B8, 0x21A0, 0x21A8, 0x21B8, 0x21B8, 0x41C0, 0x42C8, 0x42C8, 0x42E0, 0x41C0, 0x0030, 0x0000, 0x2008,
  0x4108, 0x4108, 0x4108, 0x4108, 0x4108, 0x6108, 0x6108, 0x6108, 0x6108, 0x6108, 0x6108, 0x6108, 0x6108, 0x6108, 0x6108, 0x6110,
  0x6110, 0x8110, 0x8208, 0x8108, 0x6118, 0x6118, 0x8108, 0x8110, 0x6120, 0x8210, 0x6120, 0x8230, 0xA210, 0x6138, 0x4140, 0x8208,
  0x8100, 0x6118, 0x4140, 0x4120, 0x6100, 0x8200, 0x6120, 0x4148, 0x6120, 0x8208, 0x8210, 0x4108, 0x0000, 0x0000, 0x0000, 0x0000,
  0x2000, 0x2000, 0x2000, 0x4108, 0x4108, 0x2000, 0x2008, 0x4108, 0x2000, 0x6108, 0x6108, 0x4108, 0x4108, 0x4108, 0x4108, 0x4108,
  0x4108, 0x6110, 0x4108, 0x4108, 0x4108, 0x4108, 0x2000, 0x8210, 0x4108, 0x4108, 0x4108, 0x4108, 0x4108, 0x4108, 0x6108, 0x6108,
  0x4108, 0x4108, 0x4108, 0x4108, 0x4108, 0x6108, 0x4108, 0x4108, 0x4108, 0x2000, 0x4108, 0x6110, 0x4108, 0x4108, 0x6108, 0x6108,
  0x6108, 0x4108, 0xA210, 0x4108, 0x4108, 0x4108, 0x4108, 0x2000, 0x8210, 0x6108, 0x6108, 0x6108, 0x6108, 0x6108, 0x4108, 0x6108,
  0x8210, 0x4108, 0x4108, 0x4108, 0x4108, 0x2000, 0x8210, 0x4108, 0x4108, 0x4108, 0x6108, 0x6108, 0x4108, 0x8210, 0x8210, 0x4108,
  0x4108, 0x4108, 0x4108, 0x2000, 0x8210, 0x4108, 0x6108, 0x0000, 0x8631, 0xD39C, 0xCF7B, 0xCF7B, 0x14A5, 0x3084, 0x2000, 0x0000,
  0x2000, 0x2000, 0x2000, 0x2000, 0x2000, 0x0000, 0x8631, 0x38C6, 0xC318, 0x0000, 0x2000, 0x2000, 0x0000, 0x0000, 0x2000, 0x2000,
  0x2000, 0x2000, 0x2000, 0x2000, 0x2000, 0x2000, 0x2000, 0x2000, 0x2000, 0x2000, 0x2000, 0x2000, 0x2000, 0x2000, 0x2000, 0x2000,
  0x2000, 0x2000, 0x2000, 0x2000, 0x2000, 0x2000, 0x2000, 0x2000, 0x2000, 0x2000, 0x2000, 0x2000, 0x2000, 0x2000, 0x2000, 0x2000,
  0x2000, 0x2000, 0x2000, 0x2000, 0x2000, 0x2000, 0x2000, 0x2000, 0x2000, 0x2000, 0x2000, 0x2000, 0x2000, 0x2000, 0x0000, 0x4188,
  0x20C8, 0x0010, 0x0000, 0x2000, 0x2000, 0x2000, 0x2000, 0x2000, 0x2000, 0x2000, 0x2000, 0x2000, 0x2000, 0x0048, 0x0088, 0x0080,
  0x0098, 0x00C0, 0x00C8, 0x00A0, 0x00B8, 0x00D8, 0x00D8, 0x00D8, 0x00D0, 0x0018, 0x2000, 0x2000, 0x2000, 0x0000, 0x0000, 0x0C63,
  0xC739, 0x0000, 0x4108, 0x4108, 0x2000, 0x4108, 0x4108, 0x4108, 0x4108, 0x4108, 0x4108, 0x2000, 0x6108, 0x4008, 0x4108, 0x4108,
  0x4108, 0x4108, 0x2000, 0x4108, 0x4108, 0x2000, 0x4008, 0x4108, 0x4108, 0x2000, 0x6108, 0x2008, 0x4108, 0x4108, 0x4108, 0x4108,
  0x2000, 0x2008, 0x4108, 0x2008, 0x4108, 0x4108, 0x4108, 0x2000, 0x2000, 0x4108, 0x2000, 0x2000, 0x2000, 0x2000, 0x2000, 0x2000,
  0x2000, 0x2000, 0x2000, 0x2000, 0x2000, 0x2000, 0x0000, 0x2000, 0x2000, 0x2000, 0x2000, 0x2000, 0x2000, 0x2000, 0x2000, 0x2000,
  0x2158, 0x01A8, 0x00A0, 0x2098, 0x21A0, 0x21A8, 0x21B0, 0x21B8, 0x21B8, 0x21C0, 0x22E0, 0x2198, 0x0010, 0x0000, 0x2008, 0x4108,
  0x4108, 0x4108, 0x4108, 0x4108, 0x4108, 0x4108, 0x6108, 0x6108, 0x6108, 0x6108, 0x6108, 0x6108, 0x6108, 0x6108, 0x6110, 0x6110,
  0x6108, 0x8208, 0x8210, 0x6118, 0x6108, 0x8108, 0x6120, 0x6118, 0x8108, 0x6130, 0x8118, 0x8208, 0x4148, 0x6230, 0x8200, 0x8208,
  0x4138, 0x4140, 0x6110, 0x8100, 0x6100, 0x4138, 0x4148, 0x8218, 0x8210, 0x6110, 0x0000, 0x0000, 0x0000, 0x0000, 0x0000, 0x2000,
  0x2000, 0x2000, 0x4108, 0x4108, 0x6108, 0x4108, 0x6108, 0x6108, 0x6108, 0x6108, 0x4108, 0x4108, 0x4108, 0x4108, 0x4108, 0x4108,
  0x4108, 0x6108, 0x8210, 0x6110, 0x6108, 0x6108, 0x6108, 0x6108, 0x4108, 0x4108, 0x4108, 0x4108, 0x4108, 0x4108, 0x4108, 0x8210,
  0x6108, 0x4108, 0x4108, 0x6108, 0x4108, 0x8210, 0x8210, 0x6108, 0x6108, 0x6108, 0x8210, 0x6108, 0x6108, 0x6108, 0x4108, 0x4108,
  0x6108, 0x4108, 0x8110, 0xA210, 0x8210, 0x8210, 0x8210, 0x6108, 0x6108, 0x4108, 0x6108, 0x6108, 0x6108, 0x6108, 0x6108, 0x4108,
  0x8210, 0x8210, 0x6108, 0x6108, 0x6108, 0x8210, 0x6108, 0x6108, 0x6108, 0x6108, 0x6108, 0x6108, 0x6108, 0x4108, 0x8210, 0x6108,
  0x6108, 0x6110, 0x8210, 0x8210, 0x6108, 0x6108, 0x2000, 0xE318, 0xB29C, 0xCF7B, 0x6D6B, 0xD39C, 0x1084, 0x0000, 0x0000, 0x0000,
  0x0000, 0x2000, 0x2000, 0x0000, 0x0000, 0x0000, 0x0000, 0x8A52, 0xF7BD, 0xA218, 0x0000, 0x2000, 0x4008, 0x2000, 0x2000, 0x2000,
  0x2000, 0x2000, 0x2000, 0x2000, 0x2000, 0x2000, 0x2000, 0x2000, 0x2000, 0x2000, 0x2000, 0x2000, 0x2000, 0x2000, 0x2000, 0x2000,
  0x2000, 0x2000, 0x2000, 0x2000, 0x2000, 0x2000, 0x2000, 0x2000, 0x2000, 0x2000, 0x2000, 0x2000, 0x2000, 0x2000, 0x2000, 0x2000,
  0x2000, 0x2000, 0x2000, 0x2000, 0x2000, 0x2000, 0x2000, 0x2000, 0x2000, 0x2000, 0x2000, 0x2000, 0x2000, 0x2000, 0x2198, 0x21E0,
  0x0018, 0x0000, 0x0000, 0x2000, 0x2000, 0x2000, 0x2000, 0x2000, 0x2000, 0x2000, 0x2000, 0x2000, 0x2000, 0x2000, 0x0048, 0x0080,
  0x0090, 0x0088, 0x0088, 0x00A8, 0x00C0, 0x00C8, 0x00D8, 0x00D0, 0x00E8, 0x00A8, 0x2000, 0x2000, 0x0000, 0x2000, 0x0000, 0x2421,
  0x2C63, 0x4108, 0x4108, 0x4108, 0x4108, 0x4108, 0x6108, 0x6108, 0x6108, 0x4108, 0x4108, 0x6108, 0x4108, 0x4108, 0x4108, 0x4108,
  0x4108, 0x4108, 0x4108, 0x2000, 0x4108, 0x4108, 0x4108, 0x4108, 0x4108, 0x4108, 0x4108, 0x2008, 0x4108, 0x4108, 0x4108, 0x4108,
  0x4108, 0x2000, 0x4108, 0x4108, 0x4108, 0x4108, 0x4108, 0x2000, 0x4108, 0x2000, 0x2000, 0x2000, 0x2000, 0x2000, 0x2000, 0x2000,
  0x2000, 0x2000, 0x2000, 0x2000, 0x2000, 0x2000, 0x2000, 0x2000, 0x2000, 0x2000, 0x2000, 0x2000, 0x2000, 0x2000, 0x2000, 0x2000,
  0x21A0, 0x0088, 0x2088, 0x2198, 0x21A0, 0x21A0, 0x21A8, 0x21B0, 0x21C0, 0x21D0, 0x2168, 0x0000, 0x0000, 0x2008, 0x4108, 0x4108,
  0x4108, 0x4108, 0x4108, 0x4108, 0x4108, 0x4108, 0x6108, 0x4108, 0x6108, 0x6108, 0x6108, 0x6108, 0x6108, 0x6110, 0x6110, 0x8110,
  0x8108, 0x6118, 0x6118, 0x6108, 0x8110, 0x6120, 0x6110, 0x6118, 0x6130, 0x8110, 0x6220, 0x4140, 0x6110, 0x8200, 0x8210, 0x4140,
  0x6130, 0x8208, 0x8208, 0x6110, 0x4150, 0x6138, 0xA208, 0xA228, 0x6110, 0x0000, 0x0000, 0x0000, 0x0000, 0x2000, 0x2000, 0x2000,
  0x2000, 0x2000, 0x4108, 0x4108, 0x6108, 0x4108, 0x4108, 0x4108, 0x4108, 0x6108, 0x4108, 0x4108, 0x4108, 0x4108, 0x4108, 0x4108,
  0x2000, 0x6108, 0x6108, 0x6108, 0x6108, 0x4108, 0x4108, 0x6108, 0x4108, 0x6108, 0x4108, 0x4108, 0x4108, 0x4108, 0x4108, 0x8210,
  0x4108, 0x4108, 0x4108, 0x6108, 0x4108, 0x8210, 0x6108, 0x4108, 0x4108, 0x4108, 0x6108, 0x6108, 0x6108, 0x6108, 0x4108, 0x4108,
  0x6108, 0x4108, 0x6108, 0x8210, 0x6108, 0x6108, 0x6108, 0x4108, 0x6108, 0x4108, 0x6108, 0x6108, 0x6108, 0x6108, 0x6108, 0x4108,
  0x8210, 0x8110, 0x4108, 0x4108, 0x4108, 0x6108, 0x6110, 0x4108, 0x6108, 0x6108, 0x6108, 0x4108, 0x4108, 0x4108, 0x8210, 0x6108,
  0x6108, 0x6108, 0x6108, 0x8210, 0x8208, 0x4108, 0x6108, 0x508C, 0xCF7B, 0x6D6B, 0x518C, 0xEF7B, 0x0000, 0x0000, 0x0000, 0x0000,
  0x0000, 0x2000, 0x0000, 0x0000, 0x0000, 0x0000, 0x2000, 0x0000, 0x8A52, 0x6529, 0x0000, 0x2000, 0x2000, 0x2000, 0x2000, 0x2000,
  0x2000, 0x2000, 0x2000, 0x2000, 0x2000, 0x2000, 0x2000, 0x2000, 0x2000, 0x2000, 0x2000, 0x2000, 0x2000, 0x2000, 0x2000, 0x2000,
  0x2000, 0x2000, 0x2000, 0x2000, 0x2000, 0x2000, 0x2000, 0x2000, 0x2000, 0x2000, 0x2000, 0x2000, 0x2000, 0x2000, 0x2000, 0x2000,
  0x2000, 0x2000, 0x2000, 0x2000, 0x2000, 0x2000, 0x2000, 0x2000, 0x2000, 0x2000, 0x2000, 0x2000, 0x0000, 0x21A0, 0x21E8, 0x0030,
  0x0000, 0x2000, 0x2000, 0x2000, 0x2000, 0x2000, 0x2000, 0x2000, 0x2000, 0x2000, 0x2000, 0x2000, 0x2000, 0x2000, 0x2000, 0x0058,
  0x0090, 0x0088, 0x0098, 0x00A8, 0x00B8, 0x00C8, 0x00D8, 0x00E8, 0x00E0, 0x00F8, 0x0060, 0x0000, 0x0000, 0x0000, 0x0000, 0x0000,
  0xCB5A, 0x6529, 0x0000, 0x4108, 0x4108, 0x4108, 0x6108, 0x4108, 0x4108, 0x4108, 0x4108, 0x4108, 0x4108, 0x4108, 0x4108, 0x4108,
  0x4008, 0x4108, 0x4108, 0x2000, 0x6108, 0x4108, 0x4108, 0x4108, 0x4108, 0x4108, 0x4108, 0x4108, 0x4108, 0x4108, 0x4108, 0x4108,
  0x4108, 0x2000, 0x4108, 0x4108, 0x4108, 0x4008, 0x4108, 0x2000, 0x4108, 0x2000, 0x4008, 0x2000, 0x2000, 0x2000, 0x2000, 0x2000,
  0x2000, 0x2000, 0x2000, 0x2000, 0x2000, 0x2000, 0x2000, 0x2000, 0x2000, 0x2000, 0x2000, 0x2000, 0x2000, 0x2000, 0x0000, 0x0000,
  0x0080, 0x2088, 0x2188, 0x2190, 0x2198, 0x21A0, 0x21A0, 0x21B8, 0x21B8, 0x0038, 0x0000, 0x2000, 0x2008, 0x4108, 0x4108, 0x4108,
  0x4108, 0x4108, 0x4108, 0x6108, 0x6108, 0x6108, 0x6108, 0x6108, 0x6108, 0x6108, 0x6108, 0x6110, 0x6110, 0x6110, 0x6108, 0x8210,
  0x6118, 0x6218, 0x8208, 0x8118, 0x6128, 0x6108, 0x4120, 0x6128, 0x8208, 0x6130, 0x4138, 0x6108, 0x8200, 0x6120, 0x2148, 0x6218,
  0x8208, 0x8208, 0x6120, 0x4150, 0x6228, 0xC210, 0xA218, 0x4108, 0x0000, 0x0000, 0x0000, 0x0000, 0x2000, 0x2000, 0x4108, 0x2108,
  0x4100, 0x4108, 0x2000, 0x6108, 0x4108, 0x4008, 0x4108, 0x4108, 0x4108, 0x6108, 0x6108, 0x4108, 0x4108, 0x4108, 0x4108, 0x4108,
  0x2000, 0x8210, 0x4108, 0x4108, 0x4108, 0x4108, 0x2000, 0x6108, 0x4108, 0x4108, 0x6108, 0x6108, 0x6108, 0x4108, 0x6108, 0x6108,
  0x4108, 0x4108, 0x4108, 0x4108, 0x6108, 0x6108, 0x2000, 0x4108, 0x4108, 0x4108, 0x4108, 0x8210, 0x4108, 0x4108, 0x4108, 0x6108,
  0x6108, 0x4108, 0xA210, 0x4108, 0x4108, 0x4108, 0x4108, 0x4108, 0x8210, 0x6108, 0x4108, 0x4108, 0x6108, 0x6108, 0x4108, 0x4108,
  0x8210, 0x4108, 0x4108, 0x4108, 0x4108, 0x4108, 0x8210, 0x4108, 0x6108, 0x6108, 0x6108, 0x6108, 0x4108, 0x6108, 0x6108, 0x4108,
  0x6108, 0x4108, 0x4108, 0x4108, 0x8210, 0x0000, 0x8E73, 0xCF7B, 0x2C63, 0x518C, 0x3084, 0x2000, 0x0000, 0x2000, 0x2000, 0x2000,
  0x2000, 0x0000, 0xA210, 0x6D6B, 0x4108, 0x0000, 0x0000, 0x2000, 0x0000, 0x0000, 0x2000, 0x2000, 0x2000, 0x2000, 0x2000, 0x2000,
  0x2000, 0x2000, 0x2000, 0x2000, 0x2000, 0x2000, 0x2000, 0x2000, 0x2000, 0x2000, 0x2000, 0x2000, 0x2000, 0x2000, 0x2000, 0x2000,
  0x2000, 0x2000, 0x2000, 0x2000, 0x2000, 0x2000, 0x2000, 0x2000, 0x2000, 0x2000, 0x2000, 0x2000, 0x2000, 0x2000, 0x2000, 0x2000,
  0x2000, 0x2000, 0x2000, 0x2000, 0x2000, 0x2000, 0x2000, 0x2000, 0x2000, 0x2008, 0x2000, 0x2000, 0x21A8, 0x21F0, 0x0040, 0x0000,
  0x2000, 0x2000, 0x2000, 0x2000, 0x2000, 0x2000, 0x2000, 0x2000, 0x2000, 0x2000, 0x2000, 0x2000, 0x2000, 0x2000, 0x2000, 0x2008,
  0x0078, 0x0090, 0x0090, 0x00A0, 0x00B0, 0x00C8, 0x00E0, 0x00B8, 0x00B0, 0x00E8, 0x00C8, 0x0010, 0x0000, 0x2000, 0x2000, 0x0000,
  0x0421, 0xAA52, 0x0000, 0x4108, 0x2000, 0x4108, 0x6108, 0x2000, 0x2000, 0x2000, 0x2000, 0x2000, 0x6108, 0x4108, 0x4108, 0x4008,
  0x4008, 0x4108, 0x2000, 0x4108, 0x6108, 0x4108, 0x4108, 0x4108, 0x2000, 0x2000, 0x4108, 0x4108, 0x4108, 0x4108, 0x4108, 0x4108,
  0x2000, 0x2000, 0x4108, 0x2000, 0x2000, 0x2000, 0x2000, 0x2000, 0x2000, 0x4108, 0x2000, 0x4008, 0x2008, 0x2000, 0x2008, 0x2000,
  0x2000, 0x4108, 0x2000, 0x2000, 0x2000, 0x2000, 0x0000, 0x2000, 0x2000, 0x2000, 0x2000, 0x2000, 0x2000, 0x2000, 0x2000, 0x0000,
  0x2088, 0x2088, 0x2188, 0x2190, 0x2198, 0x2198, 0x21B8, 0x2198, 0x0018, 0x0000, 0x2008, 0x4108, 0x4108, 0x4108, 0x4108, 0x4108,
  0x4108, 0x4108, 0x4108, 0x6108, 0x6108, 0x6108, 0x6108, 0x6108, 0x6108, 0x6108, 0x6110, 0x6110, 0x8110, 0x8108, 0x6110, 0x6120,
  0x8210, 0x8208, 0x6120, 0x6120, 0x8110, 0x4128, 0x6110, 0x8110, 0x4140, 0x6128, 0x8100, 0x8108, 0x4130, 0x4140, 0x8210, 0x8208,
  0x8108, 0x4138, 0x4148, 0x8210, 0xA218, 0x8210, 0x2000, 0x0000, 0x0000, 0x0000, 0x2000, 0x2000, 0x2000, 0x4108, 0x2000, 0x4108,
  0x4108, 0x4008, 0x2000, 0x6108, 0x4108, 0x4108, 0x4108, 0x4108, 0x4108, 0x4108, 0x6108, 0x4008, 0x4108, 0x4108, 0x4108, 0x2000,
  0x6108, 0x6108, 0x4108, 0x4108, 0x4108, 0x4108, 0x4108, 0x4108, 0x6108, 0x4108, 0x4108, 0x4108, 0x4108, 0x2000, 0x6108, 0x4108,
  0x6108, 0x4108, 0x4108, 0x4108, 0x8210, 0x4108, 0x4108, 0x4108, 0x4108, 0x4108, 0x4108, 0x6108, 0x6108, 0x4108, 0x4108, 0x6108,
  0x4108, 0x6110, 0x8210, 0x4108, 0x6108, 0x4108, 0x4108, 0x4108, 0x6108, 0x8210, 0x4108, 0x4108, 0x4108, 0x6108, 0x2000, 0x8210,
  0x6108, 0x4108, 0x4108, 0x6108, 0x6108, 0x4108, 0x6108, 0x6108, 0x4108, 0x4108, 0x4108, 0x4108, 0x2008, 0x8210, 0x6108, 0x6108,
  0x4108, 0x4108, 0x4108, 0x4108, 0x0000, 0xEB5A, 0x1084, 0xCB5A, 0xAE73, 0x518C, 0x6108, 0x0000, 0x2000, 0x0000, 0x2000, 0x2000,
  0x2000, 0x0000, 0x0000, 0x8631, 0x0C63, 0x8210, 0x0000, 0x2000, 0x2008, 0x2000, 0x2000, 0x2000, 0x2000, 0x2000, 0x2000, 0x2000,
  0x2000, 0x2000, 0x2000, 0x2000, 0x2000, 0x2000, 0x2000, 0x2000, 0x2000, 0x2000, 0x2000, 0x2000, 0x2000, 0x2000, 0x2000, 0x2000,
  0x2000, 0x2000, 0x2000, 0x2000, 0x2000, 0x2000, 0x2000, 0x2000, 0x2000, 0x2000, 0x2000, 0x2000, 0x2000, 0x2000, 0x2000, 0x2000,
  0x2000, 0x2000, 0x2000, 0x2000, 0x2000, 0x2000, 0x2000, 0x2000, 0x2008, 0x2000, 0x2008, 0x21A8, 0x21F0, 0x0060, 0x0000, 0x2000,
  0x2000, 0x2000, 0x2000, 0x2000, 0x2000, 0x2000, 0x2000, 0x2000, 0x2000, 0x2000, 0x2000, 0x2000, 0x2000, 0x2000, 0x2000, 0x2000,
  0x2018, 0x0088, 0x0088, 0x0098, 0x00B8, 0x00C0, 0x0098, 0x00A0, 0x00D0, 0x00D8, 0x00E8, 0x0078, 0x2000, 0x2008, 0x2000, 0x2000,
  0x0000, 0x494A, 0xE318, 0x2000, 0x2000, 0x6108, 0x4108, 0x4108, 0x4108, 0x4108, 0x4108, 0x2000, 0x4108, 0x4108, 0x4108, 0x4108,
  0x4108, 0x4108, 0x2000, 0x6108, 0x4108, 0x4108, 0x4108, 0x4108, 0x4108, 0x2000, 0x4108, 0x4108, 0x4108, 0x4108, 0x4108, 0x4108,
  0x2000, 0x4108, 0x4108, 0x2008, 0x4008, 0x4008, 0x4000, 0x4008, 0x2000, 0x4108, 0x2008, 0x2008, 0x4008, 0x2000, 0x2000, 0x2000,
  0x4108, 0x2000, 0x2000, 0x2000, 0x2000, 0x2000, 0x2000, 0x2000, 0x2008, 0x2000, 0x2000, 0x2000, 0x2000, 0x2000, 0x2000, 0x0000,
  0x2178, 0x2180, 0x2188, 0x2188, 0x0090, 0x21B0, 0x2170, 0x0000, 0x0000, 0x2008, 0x4008, 0x4108, 0x4108, 0x4108, 0x4108, 0x4108,
  0x4108, 0x4108, 0x4108, 0x4108, 0x6108, 0x6108, 0x6108, 0x6108, 0x6108, 0x6110, 0x6110, 0x8108, 0x8208, 0x6118, 0x6120, 0x8208,
  0x8210, 0x6128, 0x6110, 0x8118, 0x6130, 0x6108, 0x6120, 0x4148, 0x6118, 0x8200, 0x8110, 0x4140, 0x4130, 0x8108, 0x8208, 0x8110,
  0x4148, 0x6238, 0xA208, 0xA218, 0x6110, 0x0000, 0x0000, 0x0000, 0x0000, 0x2000, 0x2000, 0x2000, 0x2000, 0x4108, 0x4108, 0x4108,
  0x4108, 0x4108, 0x6108, 0x4108, 0x4108, 0x4108, 0x4108, 0x4108, 0x4108, 0x4108, 0x6108, 0x4108, 0x4108, 0x4108, 0x4108, 0x4108,
  0x6108, 0x4108, 0x4108, 0x4108, 0x4108, 0x4108, 0x4108, 0x4108, 0x6108, 0x4108, 0x4108, 0x4108, 0x2008, 0x4108, 0x6108, 0x4108,
  0x6108, 0x4108, 0x4108, 0x6108, 0x4108, 0x4108, 0x4108, 0x4108, 0x4108, 0x4108, 0x4108, 0x4108, 0x6108, 0x6108, 0x6108, 0x6108,
  0x4108, 0x8210, 0x4108, 0x4108, 0x6108, 0x4108, 0x4108, 0x4108, 0x4108, 0x8110, 0x6108, 0x4108, 0x6108, 0x6108, 0x6108, 0x8210,
  0x4108, 0x4108, 0x4108, 0x6108, 0x6108, 0x4108, 0x4108, 0x8210, 0x4108, 0x4108, 0x4108, 0x4108, 0x6108, 0x8210, 0x6108, 0x4108,
  0x4108, 0x4108, 0x6108, 0x0000, 0xE739, 0x9294, 0x0C63, 0x2C63, 0x518C, 0xC210, 0x0000, 0x2000, 0x0000, 0x0000, 0x2000, 0x0000,
  0x0000, 0x0000, 0x0000, 0x0000, 0x6529, 0xA631, 0x0000, 0x2000, 0x2000, 0x2000, 0x2000, 0x2000, 0x2000, 0x2000, 0x2000, 0x2000,
  0x2000, 0x2000, 0x2000, 0x2000, 0x2000, 0x2000, 0x2000, 0x2000, 0x2000, 0x2000, 0x2000, 0x2000, 0x2000, 0x2000, 0x2000, 0x2000,
  0x2000, 0x2000, 0x2000, 0x2000, 0x2000, 0x2000, 0x2000, 0x2000, 0x2000, 0x2000, 0x2000, 0x2000, 0x2000, 0x2000, 0x2000, 0x2000,
  0x2000, 0x2000, 0x2000, 0x2000, 0x2000, 0x2000, 0x2000, 0x2000, 0x2000, 0x2008, 0x21B0, 0x21F0, 0x0080, 0x0000, 0x0000, 0x2000,
  0x2000, 0x2000, 0x2000, 0x2000, 0x2000, 0x2000, 0x2000, 0x2000, 0x2000, 0x2000, 0x2000, 0x2000, 0x2000, 0x2000, 0x2000, 0x2000,
  0x2000, 0x0038, 0x0088, 0x0080, 0x0090, 0x0090, 0x00B8, 0x00D0, 0x00D8, 0x00D8, 0x00D8, 0x00D0, 0x2018, 0x2000, 0x0000, 0x2000,
  0x0000, 0x4529, 0xC739, 0x0000, 0x4108, 0x6108, 0x2000, 0x4108, 0x4108, 0x4108, 0x4108, 0x4108, 0x2000, 0x6108, 0x4108, 0x4108,
  0x4108, 0x4108, 0x4108, 0x4108, 0x2008, 0x4108, 0x4108, 0x4108, 0x4108, 0x4108, 0x2108, 0x4108, 0x4108, 0x4108, 0x4108, 0x4008,
  0x2000, 0x4108, 0x2000, 0x4008, 0x4108, 0x4108, 0x2008, 0x2008, 0x2000, 0x2000, 0x4108, 0x2000, 0x4008, 0x4108, 0x2000, 0x2000,
  0x4108, 0x2000, 0x2000, 0x2000, 0x2000, 0x2000, 0x2000, 0x2000, 0x2008, 0x2000, 0x2000, 0x2000, 0x2000, 0x0000, 0x2000, 0x2000,
  0x2170, 0x2180, 0x2080, 0x2090, 0x21A8, 0x2048, 0x0000, 0x2000, 0x2000, 0x4108, 0x4108, 0x4108, 0x4108, 0x4108, 0x4108, 0x4108,
  0x4108, 0x4108, 0x6108, 0x6108, 0x6108, 0x6108, 0x6108, 0x6108, 0x6110, 0x8110, 0x8210, 0x6110, 0x6120, 0x6218, 0x8208, 0x8218,
  0x6128, 0x6110, 0x6120, 0x6128, 0x8208, 0x4138, 0x4140, 0x6108, 0x8100, 0x6128, 0x4148, 0x8218, 0x8208, 0x8200, 0x6120, 0x4150,
  0x8220, 0xA218, 0xA220, 0x4108, 0x0000, 0x0000, 0x0000, 0x0000, 0x2000, 0x2000, 0x2000, 0x2000, 0x2000, 0x4108, 0x6108, 0x6108,
  0x6108, 0x4108, 0x6108, 0x4108, 0x4108, 0x4108, 0x4108, 0x4108, 0x4108, 0x4008, 0x4108, 0x6108, 0x6108, 0x8210, 0x8210, 0x6108,
  0x6108, 0x4108, 0x4108, 0x4108, 0x4108, 0x4108, 0x4108, 0x2000, 0x4108, 0x6108, 0x6108, 0x8210, 0x6108, 0x8108, 0x6108, 0x6108,
  0x4108, 0x4108, 0x4108, 0x4108, 0x6108, 0x4008, 0x4108, 0x4108, 0x4108, 0x4108, 0x4108, 0x2000, 0x6108, 0x6108, 0x8210, 0x8210,
  0x6108, 0x6108, 0x4108, 0x4108, 0x6108, 0x6108, 0x4108, 0x4108, 0x4108, 0x6108, 0x8210, 0x6108, 0x6108, 0x6108, 0x8210, 0x6108,
  0x4108, 0x6108, 0x6108, 0x4108, 0x4108, 0x6108, 0x4008, 0x8210, 0x8210, 0x8210, 0x8210, 0x8210, 0x8210, 0x6108, 0x6108, 0x4108,
  0x4108, 0x6108, 0x2000, 0xE318, 0x3084, 0x2C63, 0x4D6B, 0x9294, 0x4521, 0x0000, 0x2000, 0x0000, 0x0000, 0x2000, 0x0000, 0xA210,
  0x6108, 0x0000, 0x2000, 0x4008, 0x0000, 0x0000, 0x2000, 0x2000, 0x2000, 0x2000, 0x2000, 0x2000, 0x2000, 0x2000, 0x2000, 0x2000,
  0x2000, 0x2000, 0x2000, 0x2000, 0x2000, 0x2000, 0x2000, 0x2000, 0x2000, 0x2000, 0x2000, 0x2000, 0x2000, 0x2000, 0x2000, 0x2000,
  0x2000, 0x2000, 0x2000, 0x2000, 0x2000, 0x2000, 0x2000, 0x2000, 0x2000, 0x2000, 0x2000, 0x2000, 0x2000, 0x2000, 0x2000, 0x2000,
  0x2000, 0x2000, 0x2000, 0x2000, 0x2000, 0x2000, 0x2008, 0x2000, 0x0010, 0x21B8, 0x20E0, 0x0090, 0x0008, 0x0000, 0x2000, 0x2000,
  0x2000, 0x2000, 0x2000, 0x2000, 0x2000, 0x2000, 0x2000, 0x2000, 0x2000, 0x2000, 0x2000, 0x2000, 0x2000, 0x2000, 0x2000, 0x2000,
  0x2000, 0x0000, 0x0058, 0x0068, 0x0080, 0x00A8, 0x00B8, 0x00C0, 0x00D8, 0x00E8, 0x00E0, 0x00E8, 0x0078, 0x0000, 0x2000, 0x2000,
  0x0000, 0x6108, 0x2842, 0x4108, 0x4108, 0x4108, 0x4108, 0x4108, 0x4108, 0x4108, 0x4108, 0x4108, 0x2000, 0x4108, 0x6108, 0x6108,
  0x6108, 0x6108, 0x6108, 0x4108, 0x4108, 0x4108, 0x4108, 0x4108, 0x4108, 0x4108, 0x2000, 0x4108, 0x4108, 0x6108, 0x6108, 0x4108,
  0x4108, 0x4108, 0x2008, 0x4008, 0x4108, 0x4108, 0x2000, 0x2000, 0x2000, 0x2000, 0x4108, 0x4008, 0x4108, 0x4108, 0x4008, 0x4108,
  0x2000, 0x2000, 0x2000, 0x2000, 0x2000, 0x2000, 0x2000, 0x2000, 0x2000, 0x2000, 0x2000, 0x2000, 0x2000, 0x2000, 0x2000, 0x2000,
  0x0078, 0x0070, 0x2090, 0x2198, 0x0028, 0x0000, 0x2000, 0x2000, 0x4108, 0x4108, 0x4108, 0x4108, 0x4108, 0x4108, 0x4108, 0x4108,
  0x4108, 0x4108, 0x6108, 0x6108, 0x6108, 0x6108, 0x6110, 0x6110, 0x6108, 0x8208, 0x8218, 0x6120, 0x6110, 0x8208, 0x6120, 0x6120,
  0x8210, 0x4128, 0x6118, 0x8110, 0x4140, 0x6128, 0x8100, 0x8108, 0x4130, 0x4138, 0x6110, 0x8208, 0x8208, 0x6140, 0x4148, 0x8210,
  0xA218, 0x8220, 0x2000, 0x0000, 0x0000, 0x0000, 0x0000, 0x2000, 0x2000, 0x2000, 0x2000, 0x2000, 0x2000, 0x6108, 0x2008, 0x4108,
  0x4108, 0x2000, 0x4108, 0x6108, 0x4108, 0x4108, 0x4108, 0x4108, 0x4108, 0x2000, 0x6108, 0x4108, 0x4108, 0x4108, 0x4108, 0x2008,
  0x6108, 0x4108, 0x4108, 0x4108, 0x4108, 0x4108, 0x4108, 0x4108, 0x8210, 0x4108, 0x4108, 0x4108, 0x2000, 0x2108, 0x6108, 0x4108,
  0x4108, 0x4108, 0x4108, 0x4108, 0x6108, 0x4108, 0x4108, 0x4108, 0x4108, 0x4108, 0x2000, 0x6108, 0x6108, 0x4108, 0x4108, 0x4108,
  0x2000, 0x8110, 0x6108, 0x4108, 0x6108, 0x4108, 0x4108, 0x6108, 0x2000, 0xA210, 0x4108, 0x4108, 0x4108, 0x4108, 0x4108, 0x8210,
  0x4108, 0x4108, 0x4108, 0x4108, 0x4108, 0x4108, 0x4108, 0xA210, 0x4108, 0x6108, 0x6108, 0x4108, 0x4108, 0x6108, 0x4108, 0x4108,
  0x4108, 0x6108, 0x4108, 0xCE7B, 0x2C63, 0xCA5A, 0x718C, 0x2942, 0x0000, 0x2000, 0x0000, 0x2000, 0x2000, 0x2000, 0x8210, 0x38C6,
  0x9AD6, 0x6529, 0x0000, 0x4108, 0x2000, 0x0000, 0x0000, 0x2000, 0x2000, 0x2000, 0x2000, 0x2000, 0x2000, 0x2000, 0x2000, 0x2000,
  0x2000, 0x2000, 0x2000, 0x2000, 0x2000, 0x2000, 0x2000, 0x2000, 0x2000, 0x2000, 0x2000, 0x2000, 0x2000, 0x2000, 0x2000, 0x2000,
  0x2000, 0x2000, 0x2000, 0x2000, 0x2000, 0x2000, 0x2000, 0x2000, 0x2000, 0x2000, 0x2000, 0x2000, 0x2000, 0x2000, 0x2000, 0x2000,
  0x2000, 0x2000, 0x2000, 0x2000, 0x2000, 0x2008, 0x2000, 0x2010, 0x42C0, 0x21E0, 0x00A0, 0x0018, 0x0000, 0x2000, 0x2000, 0x2000,
  0x2000, 0x2000, 0x2000, 0x2000, 0x2000, 0x2000, 0x2000, 0x2000, 0x2000, 0x2000, 0x2000, 0x2000, 0x2000, 0x2000, 0x2000, 0x2000,
  0x2000, 0x2000, 0x0018, 0x0088, 0x0090, 0x0098, 0x00A8, 0x00C0, 0x00E0, 0x00C8, 0x0070, 0x00C8, 0x00D0, 0x0010, 0x2000, 0x0000,
  0x2000, 0x0000, 0x8631, 0xC218, 0x0000, 0x6108, 0x2000, 0x4108, 0x4108, 0x4108, 0x4108, 0x2000, 0x2000, 0x6108, 0x2000, 0x4108,
  0x4108, 0x2000, 0x2000, 0x6108, 0x4108, 0x4108, 0x4108, 0x4108, 0x4108, 0x2008, 0x2000, 0x6108, 0x2000, 0x4108, 0x4108, 0x2008,
  0x2000, 0x4108, 0x2000, 0x4108, 0x4008, 0x4108, 0x2008, 0x2008, 0x2000, 0x2000, 0x4108, 0x2000, 0x2008, 0x4108, 0x2000, 0x2000,
  0x4108, 0x2000, 0x2000, 0x2000, 0x2000, 0x2000, 0x2008, 0x2000, 0x2000, 0x2000, 0x2000, 0x2000, 0x2000, 0x2000, 0x2000, 0x2000,
  0x0060, 0x2088, 0x2070, 0x0008, 0x0000, 0x2008, 0x2000, 0x4108, 0x4108, 0x4108, 0x4108, 0x4108, 0x4108, 0x4108, 0x4108, 0x4108,
  0x4108, 0x4108, 0x6108, 0x6108, 0x6108, 0x6110, 0x6110, 0x6108, 0x6108, 0x6118, 0x6220, 0x8208, 0x8210, 0x6128, 0x8218, 0x6218,
  0x6130, 0x8108, 0x6120, 0x2140, 0x6110, 0x8200, 0x6110, 0x4140, 0x6128, 0x8208, 0x8208, 0x6110, 0x4148, 0x6130, 0xA208, 0xA220,
  0x6110, 0x0000, 0x0000, 0x0000, 0x0000, 0x2000, 0x2000, 0x2000, 0x2000, 0x2000, 0x4108, 0x2000, 0x4108, 0x4108, 0x4108, 0x4108,
  0x4108, 0x4108, 0x4108, 0x6108, 0x4108, 0x4108, 0x4108, 0x4108, 0x4108, 0x4108, 0x8210, 0x4108, 0x4108, 0x4108, 0x4108, 0x4108,
  0x6108, 0x6108, 0x4108, 0x4108, 0x4108, 0x6108, 0x4008, 0x8210, 0x8210, 0x4108, 0x4108, 0x4108, 0x4108, 0x2000, 0x6108, 0x6108,
  0x4108, 0x4108, 0x4108, 0x4108, 0x4108, 0x6108, 0x4108, 0x4108, 0x4108, 0x4108, 0x2000, 0xA210, 0x6108, 0x6108, 0x4108, 0x4108,
  0x4108, 0x6108, 0x8210, 0x4108, 0x6108, 0x4108, 0x4108, 0x4108, 0x6108, 0x8210, 0x4108, 0x6108, 0x6108, 0x6108, 0x4108, 0x6110,
  0x6108, 0x4108, 0x4108, 0x4108, 0x6108, 0x2000, 0x8210, 0x6108, 0x6108, 0x6108, 0x6108, 0x4108, 0x2000, 0x6108, 0x4108, 0x4108,
  0x6108, 0x0000, 0xEB62, 0xEF7B, 0x694A, 0xAE73, 0xEB5A, 0x0000, 0x2008, 0x0000, 0x2000, 0x2000, 0x2000, 0x0000, 0xB294, 0xFFFF,
  0xFFFF, 0x9DF7, 0xEB5A, 0x0000, 0x0000, 0x0000, 0x2000, 0x2000, 0x2000, 0x2000, 0x2000, 0x2000, 0x2000, 0x2000, 0x2000, 0x2000,
  0x2000, 0x2000, 0x2000, 0x2000, 0x2000, 0x2000, 0x2000, 0x2000, 0x2000, 0x2000, 0x2000, 0x2000, 0x2000, 0x2000, 0x2000, 0x2000,
  0x2000, 0x2000, 0x2000, 0x2000, 0x2000, 0x2000, 0x2000, 0x2000, 0x2000, 0x2000, 0x2000, 0x2000, 0x2000, 0x2000, 0x2000, 0x2000,
  0x2000, 0x2000, 0x2000, 0x2000, 0x2008, 0x2000, 0x2010, 0x42C8, 0x41E0, 0x00B0, 0x0030, 0x0000, 0x2000, 0x2000, 0x2000, 0x2000,
  0x2000, 0x2000, 0x2000, 0x2000, 0x2000, 0x2000, 0x2000, 0x2000, 0x2000, 0x2000, 0x2000, 0x2000, 0x2000, 0x2000, 0x2000, 0x2000,
  0x2000, 0x2000, 0x2000, 0x0060, 0x0098, 0x0098, 0x00B0, 0x00A0, 0x0060, 0x0030, 0x0030, 0x0088, 0x00F8, 0x0048, 0x0000, 0x0000,
  0x0000, 0x0000, 0x0321, 0x4529, 0x0000, 0x6108, 0x4108, 0x4108, 0x4108, 0x4108, 0x4108, 0x2000, 0x6210, 0x6108, 0x4108, 0x4108,
  0x4108, 0x4108, 0x2000, 0x6108, 0x4108, 0x4108, 0x4108, 0x4108, 0x4108, 0x2000, 0x6108, 0x4108, 0x4108, 0x4108, 0x4108, 0x4108,
  0x2000, 0x4108, 0x4108, 0x4108, 0x4108, 0x4108, 0x2008, 0x2008, 0x0000, 0x4108, 0x4108, 0x4108, 0x2108, 0x2000, 0x4108, 0x2000,
  0x2008, 0x2000, 0x2000, 0x2000, 0x2000, 0x2108, 0x2000, 0x2000, 0x4008, 0x2000, 0x2000, 0x2000, 0x2000, 0x2000, 0x2000, 0x0000,
  0x0080, 0x0050, 0x0000, 0x2000, 0x2008, 0x4108, 0x4108, 0x4108, 0x4108, 0x4108, 0x4108, 0x4108, 0x4108, 0x4108, 0x4108, 0x4108,
  0x4108, 0x6108, 0x6108, 0x6110, 0x6110, 0x6108, 0x6108, 0x6110, 0x6120, 0x6118, 0x8208, 0x8218, 0x6228, 0x8210, 0x6128, 0x6128,
  0x8108, 0x4138, 0x4138, 0x6108, 0x8100, 0x6120, 0x4140, 0x6218, 0xA208, 0x8208, 0x6128, 0x4148, 0x6118, 0xA208, 0x8220, 0x4108,
  0x0000, 0x0000, 0x0000, 0x0000, 0x2000, 0x2000, 0x4008, 0x2000, 0x2000, 0x4108, 0x4108, 0x4108, 0x6108, 0x2008, 0x4108, 0x4108,
  0x4108, 0x4108, 0x4108, 0x4108, 0x4108, 0x4108, 0x4108, 0x4108, 0x2000, 0x8210, 0x6108, 0x4108, 0x4108, 0x4108, 0x4108, 0x4108,
  0x4108, 0x8210, 0x4108, 0x4108, 0x4108, 0x4108, 0x4108, 0x8210, 0x4108, 0x6108, 0x4108, 0x4108, 0x4108, 0x4108, 0x6108, 0x6108,
  0x4108, 0x4108, 0x4108, 0x2000, 0x6108, 0x8210, 0x4108, 0x4108, 0x4108, 0x2000, 0x6108, 0x8210, 0x4108, 0x6108, 0x4108, 0x4108,
  0x4108, 0x4108, 0x6108, 0x4108, 0x4108, 0x4108, 0x6108, 0x4108, 0x8210, 0x6108, 0x6108, 0x6108, 0x6108, 0x6108, 0x4108, 0x4108,
  0x8210, 0x2000, 0x4108, 0x4108, 0x4008, 0x4108, 0xA210, 0x4108, 0x6108, 0x4108, 0x4108, 0x4108, 0x4108, 0x6108, 0x6108, 0x4108,
  0x0000, 0x6531, 0x308C, 0xCB5A, 0x6D6B, 0xAE73, 0x0000, 0x0000, 0x0000, 0x0000, 0x0000, 0x0000, 0x0000, 0x0000, 0x0421, 0xD39C,
  0xFFFF, 0xFFFF, 0x5DEF, 0xCF7B, 0x2000, 0x0000, 0x2000, 0x2000, 0x2000, 0x2000, 0x2000, 0x2000, 0x2000, 0x2000, 0x2000, 0x2000,
  0x2000, 0x2000, 0x2000, 0x2000, 0x2000, 0x2000, 0x2000, 0x2000, 0x2000, 0x2000, 0x2000, 0x2000, 0x2000, 0x2000, 0x2000, 0x2000,
  0x2000, 0x2000, 0x2000, 0x2000, 0x2000, 0x2000, 0x2000, 0x2000, 0x2000, 0x2000, 0x2000, 0x2000, 0x2000, 0x2000, 0x2000, 0x2000,
  0x2000, 0x2000, 0x2000, 0x2008, 0x2000, 0x2018, 0x42C8, 0x21E0, 0x00B0, 0x0048, 0x0000, 0x2000, 0x2000, 0x2000, 0x2000, 0x2000,
  0x2000, 0x2000, 0x2000, 0x2000, 0x2000, 0x2000, 0x2000, 0x2000, 0x2000, 0x2000, 0x2000, 0x2000, 0x2000, 0x2000, 0x2000, 0x2000,
  0x2000, 0x2000, 0x2000, 0x0018, 0x0090, 0x0090, 0x0070, 0x0048, 0x0038, 0x0048, 0x0038, 0x0028, 0x0080, 0x0058, 0x0000, 0x0000,
  0x2000, 0x0000, 0x8210, 0x8631, 0x0000, 0x4108, 0x6108, 0x2000, 0x4108, 0x2000, 0x2000, 0x2000, 0x8210, 0x4108, 0x4108, 0x4108,
  0x4108, 0x4108, 0x2000, 0x4108, 0x6108, 0x2008, 0x4108, 0x4108, 0x4008, 0x2000, 0x6108, 0x2000, 0x4108, 0x4108, 0x4108, 0x4108,
  0x4108, 0x2000, 0x4108, 0x2000, 0x2000, 0x2000, 0x4008, 0x2000, 0x2000, 0x4108, 0x2008, 0x2108, 0x2008, 0x2000, 0x2000, 0x2000,
  0x2000, 0x4108, 0x2000, 0x2000, 0x2000, 0x2000, 0x2000, 0x4000, 0x2000, 0x2000, 0x2000, 0x2000, 0x2000, 0x2000, 0x0000, 0x2000,
  0x0028, 0x0000, 0x2000, 0x2008, 0x4108, 0x4108, 0x4108, 0x4108, 0x4108, 0x4108, 0x4108, 0x4108, 0x4108, 0x4108, 0x4108, 0x4108,
  0x4108, 0x6108, 0x6110, 0x6110, 0x6108, 0x6108, 0x6118, 0x6120, 0x8110, 0x8108, 0x6128, 0x6220, 0x8210, 0x6130, 0x8218, 0x8110,
  0x2140, 0x4128, 0x8200, 0x8208, 0x4130, 0x4138, 0x6108, 0x8208, 0x8208, 0x4140, 0x6148, 0xA210, 0xA218, 0x8218, 0x2000, 0x0000,
  0x0000, 0x0000, 0x2000, 0x2000, 0x2000, 0x2000, 0x2000, 0x4108, 0x6108, 0x6108, 0x6108, 0x6108, 0x4108, 0x4108, 0x4108, 0x4108,
  0x4108, 0x4108, 0x4108, 0x2000, 0x6108, 0x6108, 0x8210, 0x8210, 0x8210, 0x8210, 0x4108, 0x4108, 0x4108, 0x4108, 0x4108, 0x4108,
  0x4108, 0x4108, 0x8210, 0x8210, 0x8210, 0x8210, 0x8210, 0x4108, 0x4108, 0x4108, 0x4108, 0x4108, 0x4108, 0x4108, 0x4108, 0x8210,
  0x8210, 0x8210, 0x8210, 0x8210, 0x4108, 0x8210, 0x8210, 0x8210, 0x8210, 0x6108, 0x6210, 0x4108, 0x4108, 0x4108, 0x6108, 0x6108,
  0x6108, 0x4108, 0x2000, 0x6108, 0x8210, 0xA210, 0xA210, 0x8210, 0x6110, 0x4108, 0x6108, 0x6108, 0x6108, 0x6108, 0x6108, 0x4108,
  0x6208, 0x8210, 0x8210, 0xA210, 0x8210, 0x8210, 0x6108, 0x4108, 0x4108, 0x4108, 0x4108, 0x4108, 0x4108, 0x4108, 0x8210, 0x6108,
  0x8210, 0xAE73, 0xEB5A, 0xEB5A, 0x518C, 0xC318, 0x0000, 0x0000, 0x0000, 0x0000, 0x2000, 0x0000, 0x2000, 0x0000, 0x0000, 0x0000,
  0x694A, 0x18C6, 0x9AD6, 0x59CE, 0x9294, 0xE318, 0x2000, 0x2000, 0x2000, 0x2000, 0x2000, 0x2000, 0x2000, 0x2000, 0x2000, 0x2000,
  0x2000, 0x2000, 0x2000, 0x2000, 0x2000, 0x2000, 0x2000, 0x2000, 0x2000, 0x2000, 0x2000, 0x2000, 0x2000, 0x2000, 0x2000, 0x2000,
  0x2000, 0x2000, 0x2000, 0x2000, 0x2000, 0x2000, 0x2000, 0x2000, 0x2000, 0x2000, 0x2000, 0x2000, 0x2000, 0x2000, 0x2000, 0x2000,
  0x2000, 0x2000, 0x2008, 0x2000, 0x0018, 0x42D0, 0x42E0, 0x00B8, 0x0058, 0x0000, 0x0000, 0x2000, 0x2000, 0x2000, 0x2000, 0x2000,
  0x2000, 0x2000, 0x2000, 0x2000, 0x2000, 0x2000, 0x2000, 0x2000, 0x2000, 0x2000, 0x2000, 0x2000, 0x2000, 0x2000, 0x2000, 0x2000,
  0x2000, 0x2000, 0x2000, 0x2008, 0x0048, 0x0030, 0x0030, 0x0048, 0x0050, 0x0030, 0x0020, 0x0050, 0x00B0, 0x00E0, 0x0020, 0x0000,
  0x2000, 0x0000, 0x4108, 0x2421, 0x2000, 0x2000, 0x6108, 0x6108, 0x8110, 0x6108, 0x4108, 0x6108, 0x4108, 0x4108, 0x4108, 0x4108,
  0x4108, 0x4108, 0x4108, 0x2000, 0x4108, 0x4108, 0x6108, 0x6108, 0x4108, 0x6108, 0x4108, 0x2000, 0x4108, 0x4108, 0x4108, 0x4108,
  0x4108, 0x2000, 0x4108, 0x4108, 0x4108, 0x4108, 0x4108, 0x4100, 0x4108, 0x2000, 0x2000, 0x2008, 0x2008, 0x2000, 0x2000, 0x4108,
  0x2000, 0x2000, 0x4108, 0x4108, 0x4108, 0x2000, 0x2000, 0x2000, 0x2000, 0x2000, 0x2000, 0x2000, 0x2000, 0x2000, 0x0000, 0x0000,
  0x0000, 0x2000, 0x2000, 0x4108, 0x4108, 0x4108, 0x4108, 0x4108, 0x4108, 0x4108, 0x4108, 0x4108, 0x4108, 0x4108, 0x4108, 0x4108,
  0x4108, 0x6110, 0x6110, 0x6108, 0x6108, 0x6118, 0x6118, 0x6108, 0x8110, 0x6128, 0x8218, 0x8218, 0x6130, 0x8108, 0x4120, 0x4140,
  0x6110, 0x8100, 0x6110, 0x6140, 0x6128, 0x6108, 0x8200, 0x6110, 0x4148, 0x6128, 0x8210, 0xA228, 0x4110, 0x0000, 0x0000, 0x0000,
  0x0000, 0x2000, 0x2000, 0x2000, 0x2000, 0x2000, 0x4108, 0x4108, 0x4108, 0x4108, 0x4108, 0x2000, 0x4108, 0x4008, 0x4108, 0x4108,
  0x4108, 0x4108, 0x2000, 0x4108, 0x6108, 0x4108, 0x4108, 0x4108, 0x4108, 0x6108, 0x4108, 0x4108, 0x4108, 0x4108, 0x4108, 0x4108,
  0x2000, 0x6108, 0x6108, 0x6108, 0x6108, 0x6108, 0x4108, 0x6108, 0x4108, 0x4108, 0x4108, 0x4108, 0x4108, 0x4108, 0x4108, 0x8210,
  0x4108, 0x6108, 0x6108, 0x6108, 0x6210, 0x8210, 0x4008, 0x4108, 0x4108, 0x2000, 0x4108, 0x4108, 0x4108, 0x4108, 0x4108, 0x4108,
  0x6108, 0x4108, 0x6108, 0x4108, 0x4108, 0x6108, 0x6108, 0x4108, 0x8210, 0x6108, 0x6108, 0x6108, 0x6108, 0x6108, 0x6108, 0x2108,
  0x6210, 0x4108, 0x6108, 0x6108, 0x6108, 0x4108, 0x6108, 0x4108, 0x4108, 0x4108, 0x4108, 0x4108, 0x4108, 0x4108, 0xA210, 0x0000,
  0xCB5A, 0xAE73, 0x8A52, 0xCF7B, 0xC739, 0x0000, 0x2000, 0x0000, 0x0000, 0x2000, 0x2000, 0x2000, 0x0000, 0x2000, 0x4108, 0x4108,
  0x0000, 0x4108, 0x8E73, 0x96B5, 0xF8BD, 0x3084, 0x2000, 0x2000, 0x2000, 0x2000, 0x2000, 0x2000, 0x2000, 0x2000, 0x2000, 0x2000,
  0x2000, 0x2000, 0x2000, 0x2000, 0x2000, 0x2000, 0x2000, 0x2000, 0x2000, 0x2000, 0x2000, 0x2000, 0x2000, 0x2000, 0x2000, 0x2000,
  0x2000, 0x2000, 0x2000, 0x2000, 0x2000, 0x2000, 0x2000, 0x2000, 0x2000, 0x2000, 0x2000, 0x2000, 0x2000, 0x2000, 0x2000, 0x2000,
  0x2000, 0x2008, 0x2000, 0x2018, 0x42C8, 0x42E0, 0x00C0, 0x0078, 0x0000, 0x0000, 0x2000, 0x2000, 0x2000, 0x2000, 0x2000, 0x2000,
  0x2000, 0x2000, 0x2000, 0x2000, 0x2000, 0x2000, 0x2000, 0x2000, 0x2000, 0x2000, 0x2000, 0x2000, 0x2000, 0x2000, 0x2000, 0x2000,
  0x2000, 0x2008, 0x2018, 0x0040, 0x0040, 0x0038, 0x0028, 0x0018, 0x0030, 0x0078, 0x00C0, 0x00E0, 0x00D8, 0x00E8, 0x0058, 0x0000,
  0x2000, 0x2000, 0x2000, 0x2421, 0x4108, 0x2000, 0x6108, 0x4108, 0x6108, 0x4108, 0x4108, 0x4108, 0x4108, 0x4108, 0x4108, 0x4108,
  0x4108, 0x4108, 0x4108, 0x2000, 0x4108, 0x4108, 0x4108, 0x4108, 0x4108, 0x4108, 0x4108, 0x2008, 0x4108, 0x4108, 0x4108, 0x4108,
  0x4108, 0x2000, 0x4108, 0x2008, 0x4108, 0x4108, 0x4108, 0x2000, 0x4108, 0x2000, 0x2000, 0x2000, 0x2000, 0x2000, 0x2000, 0x2008,
  0x2000, 0x4108, 0x2000, 0x4108, 0x4000, 0x2000, 0x2000, 0x2000, 0x2000, 0x2000, 0x2000, 0x2000, 0x2000, 0x2000, 0x2000, 0x2000,
  0x2000, 0x2000, 0x4108, 0x4108, 0x4108, 0x4108, 0x4108, 0x4108, 0x4108, 0x4108, 0x4108, 0x4108, 0x4108, 0x4108, 0x4108, 0x6108,
  0x6110, 0x6108, 0x6108, 0x6108, 0x6118, 0x6118, 0x8108, 0x6110, 0x4120, 0x8208, 0x6128, 0x6130, 0x8108, 0x4130, 0x4138, 0x8108,
  0x8100, 0x4120, 0x2140, 0x6118, 0x8208, 0x8200, 0x6130, 0x4148, 0x6118, 0x8210, 0x8218, 0x2108, 0x0000, 0x0000, 0x0000, 0x2000,
  0x2000, 0x2000, 0x2000, 0x2000, 0x2000, 0x2000, 0x6108, 0x4108, 0x4108, 0x4108, 0x4108, 0x2000, 0x4108, 0x4108, 0x4108, 0x4108,
  0x4108, 0x4108, 0x2000, 0x6108, 0x4108, 0x4108, 0x4108, 0x4108, 0x4108, 0x6108, 0x6108, 0x4108, 0x4108, 0x4108, 0x4108, 0x4108,
  0x4108, 0x8210, 0x4108, 0x6108, 0x4108, 0x4108, 0x4108, 0x6108, 0x4108, 0x4108, 0x4108, 0x4108, 0x4108, 0x2000, 0x6108, 0x6108,
  0x4108, 0x6108, 0x6108, 0x4108, 0x8210, 0x4108, 0x4108, 0x4108, 0x4108, 0x4108, 0x4108, 0x6210, 0x4108, 0x4108, 0x4108, 0x4108,
  0x4108, 0x4108, 0xA210, 0x4108, 0x4108, 0x4108, 0x4108, 0x4108, 0x6108, 0x8210, 0x6108, 0x6108, 0x6108, 0x6108, 0x4108, 0x6108,
  0x8210, 0x4108, 0x6108, 0x6108, 0x6108, 0x4108, 0x8210, 0x4108, 0x6108, 0x6108, 0x4108, 0x6108, 0x2000, 0x8210, 0x2000, 0x2421,
  0xCF7B, 0xCB5A, 0xAE73, 0xCB5A, 0x0000, 0x2000, 0x2000, 0x0000, 0x0000, 0x0000, 0x0000, 0xD39C, 0xEF7B, 0x2000, 0x0000, 0x0000,
  0x0000, 0x0000, 0x0000, 0x8631, 0x3084, 0x2421, 0x0000, 0x2000, 0x2000, 0x2000, 0x2000, 0x2000, 0x2000, 0x2000, 0x2000, 0x2000,
  0x2000, 0x2000, 0x2000, 0x2000, 0x2000, 0x2000, 0x2000, 0x2000, 0x2000, 0x2000, 0x2000, 0x2000, 0x2000, 0x2000, 0x2000, 0x2000,
  0x2000, 0x2000, 0x2000, 0x2000, 0x2000, 0x2000, 0x2000, 0x2000, 0x2000, 0x2000, 0x2000, 0x2000, 0x2000, 0x2000, 0x2000, 0x2000,
  0x2008, 0x2000, 0x2020, 0x42D0, 0x42E0, 0x00B8, 0x0090, 0x0008, 0x0000, 0x2000, 0x2000, 0x2000, 0x2000, 0x2000, 0x2000, 0x2000,
  0x2000, 0x2000, 0x2000, 0x2000, 0x2000, 0x2000, 0x2000, 0x2000, 0x2000, 0x2000, 0x2000, 0x2000, 0x2000, 0x2000, 0x2000, 0x2000,
  0x2000, 0x0028, 0x0040, 0x0038, 0x0038, 0x0030, 0x0030, 0x0060, 0x00A0, 0x00C0, 0x00C8, 0x00D0, 0x00D8, 0x00E8, 0x0098, 0x0000,
  0x0000, 0x2000, 0x0000, 0x0419, 0x8210, 0x2000, 0x4108, 0x4108, 0x4108, 0x4108, 0x4108, 0x2000, 0x6108, 0x4108, 0x4108, 0x4108,
  0x4108, 0x4108, 0x2000, 0x4108, 0x6108, 0x4008, 0x4108, 0x4108, 0x4108, 0x2000, 0x6108, 0x4108, 0x4108, 0x4108, 0x4108, 0x4108,
  0x2000, 0x2000, 0x6108, 0x2000, 0x4108, 0x2008, 0x4008, 0x2000, 0x2000, 0x4108, 0x2000, 0x2000, 0x2000, 0x2008, 0x2108, 0x2000,
  0x2000, 0x4108, 0x2000, 0x2000, 0x2000, 0x2000, 0x2000, 0x2000, 0x2000, 0x2000, 0x2000, 0x2000, 0x2000, 0x2000, 0x2000, 0x2000,
  0x4108, 0x4108, 0x4108, 0x4108, 0x4108, 0x4108, 0x4108, 0x4108, 0x4108, 0x4108, 0x4108, 0x4108, 0x4108, 0x4108, 0x6108, 0x6108,
  0x6108, 0x6108, 0x6110, 0x4118, 0x6108, 0x8108, 0x6120, 0x6118, 0x8210, 0x4130, 0x6118, 0x6110, 0x4140, 0x6120, 0x8100, 0x8108,
  0x4138, 0x4138, 0x6108, 0x8100, 0x8108, 0x4140, 0x4140, 0x8208, 0xA220, 0x8220, 0x0000, 0x0000, 0x0000, 0x0000, 0x0000, 0x2000,
  0x2000, 0x2000, 0x2000, 0x2008, 0x2000, 0x4108, 0x4108, 0x4108, 0x4108, 0x4108, 0x4108, 0x4108, 0x4108, 0x6108, 0x2000, 0x4108,
  0x4108, 0x2000, 0x4108, 0x8108, 0x4108, 0x4108, 0x4108, 0x4108, 0x4108, 0x4008, 0x6108, 0x4108, 0x4108, 0x4108, 0x4108, 0x2000,
  0x8210, 0x6108, 0x4108, 0x4108, 0x4108, 0x4108, 0x4108, 0x4108, 0x6110, 0x4108, 0x4108, 0x4108, 0x4108, 0x4108, 0x8210, 0x4108,
  0x6108, 0x4108, 0x4108, 0x4108, 0x4108, 0x4108, 0x4108, 0x4108, 0x4108, 0x4108, 0x4108, 0x6108, 0x6108, 0x2000, 0x4108, 0x4108,
  0x4008, 0x8210, 0x6108, 0x4108, 0x4108, 0x4108, 0x4108, 0x4108, 0x4108, 0x8210, 0x4108, 0x4108, 0x4108, 0x4108, 0x2000, 0xA210,
  0x6108, 0x4108, 0x4108, 0x4108, 0x4108, 0x4108, 0x6108, 0x8210, 0x4108, 0x4108, 0x4108, 0x4108, 0x4108, 0xA210, 0x2000, 0xEB5A,
  0xEB5A, 0xEB5A, 0x8E73, 0x4108, 0x0000, 0x0000, 0x2000, 0x0000, 0x0000, 0x0000, 0x0000, 0xE318, 0x718C, 0x34A5, 0xA210, 0x0000,
  0x2000, 0x2000, 0x4108, 0x0000, 0x0000, 0x0000, 0x2000, 0x2000, 0x2000, 0x2000, 0x2000, 0x2000, 0x2000, 0x2000, 0x2000, 0x2000,
  0x2000, 0x2000, 0x2000, 0x2000, 0x2000, 0x2000, 0x2000, 0x2000, 0x2000, 0x2000, 0x2000, 0x2000, 0x2000, 0x2000, 0x2000, 0x2000,
  0x2000, 0x2000, 0x2000, 0x2000, 0x2000, 0x2000, 0x2000, 0x2000, 0x2000, 0x2000, 0x2000, 0x2000, 0x2000, 0x2000, 0x2000, 0x2008,
  0x2000, 0x2020, 0x42D0, 0x42E8, 0x00B8, 0x00A8, 0x0018, 0x0000, 0x2000, 0x2000, 0x2000, 0x2000, 0x2000, 0x2000, 0x2000, 0x2000,
  0x2000, 0x2000, 0x2000, 0x2000, 0x2000, 0x2000, 0x2000, 0x2000, 0x2000, 0x2000, 0x2000, 0x2000, 0x2000, 0x2000, 0x2000, 0x2000,
  0x2000, 0x0020, 0x0030, 0x0018, 0x0000, 0x0040, 0x0098, 0x0098, 0x00A0, 0x00B0, 0x00C0, 0x00D0, 0x00D8, 0x00E8, 0x00D0, 0x0010,
  0x0000, 0x0000, 0x0000, 0xA210, 0xA210, 0x0000, 0x4008, 0x4108, 0x4108, 0x4108, 0x4108, 0x4108, 0x6108, 0x6108, 0x4008, 0x4108,
  0x2000, 0x2108, 0x2000, 0x6108, 0x4108, 0x4108, 0x4108, 0x4108, 0x4108, 0x2108, 0x4108, 0x4108, 0x4108, 0x4108, 0x4108, 0x4108,
  0x0000, 0x4108, 0x4108, 0x4108, 0x4108, 0x4108, 0x2000, 0x2000, 0x2000, 0x2008, 0x2008, 0x4108, 0x4008, 0x2000, 0x4108, 0x2000,
  0x4108, 0x2008, 0x2000, 0x2000, 0x2000, 0x2000, 0x2000, 0x2000, 0x2000, 0x2000, 0x2000, 0x2000, 0x2000, 0x2000, 0x2000, 0x2000,
  0x4108, 0x4108, 0x4108, 0x4108, 0x4108, 0x4108, 0x4108, 0x4108, 0x4108, 0x4108, 0x4108, 0x4108, 0x4108, 0x6110, 0x6108, 0x6108,
  0x6108, 0x6110, 0x4118, 0x6108, 0x6108, 0x6120, 0x8110, 0x8220, 0x6238, 0x8110, 0x6120, 0x4138, 0x6110, 0x8100, 0x6110, 0x4140,
  0x6228, 0x8208, 0x8200, 0x6110, 0x2148, 0x4128, 0x8208, 0x8228, 0x6108, 0x0000, 0x0000, 0x0000, 0x0000, 0x2000, 0x2000, 0x2000,
  0x2000, 0x2008, 0x4108, 0x4108, 0x4108, 0x6108, 0x2000, 0x4108, 0x4108, 0x4108, 0x4108, 0x4108, 0x2000, 0x6108, 0x6108, 0x6108,
  0x6108, 0x6108, 0x8210, 0x4108, 0x4108, 0x4108, 0x4108, 0x4108, 0x4108, 0x2108, 0x4108, 0x6108, 0x6108, 0x6108, 0x6108, 0x6108,
  0x6108, 0x4108, 0x4108, 0x4108, 0x4108, 0x4108, 0x4108, 0x4008, 0x6108, 0x6108, 0x6108, 0x6108, 0x4108, 0x6108, 0x6108, 0x4108,
  0x4108, 0x4108, 0x4108, 0x4108, 0x4108, 0x4108, 0x4108, 0x4108, 0x4108, 0x4108, 0x4108, 0x4108, 0x6108, 0x6108, 0x8210, 0x8210,
  0x6108, 0x8110, 0x4108, 0x4108, 0x4108, 0x4108, 0x4108, 0x4108, 0x4108, 0x4108, 0x6108, 0x6108, 0x8210, 0x6108, 0x8210, 0x8210,
  0x4108, 0x6108, 0x4108, 0x4108, 0x4108, 0x4108, 0x4108, 0x8210, 0x6108, 0x8110, 0x8210, 0x6108, 0x8210, 0x0000, 0xA631, 0x6D6B,
  0xAA52, 0x6D73, 0x4529, 0x0000, 0x2000, 0x0000, 0x0000, 0x0000, 0x2000, 0x0000, 0x2000, 0x0000, 0x0000, 0x0421, 0x6108, 0x0000,
  0x2000, 0x2000, 0x2000, 0x2000, 0x2000, 0x2000, 0x2000, 0x2000, 0x2000, 0x2000, 0x2000, 0x2000, 0x2000, 0x2000, 0x2000, 0x2000,
  0x2000, 0x2000, 0x2000, 0x2000, 0x2000, 0x2000, 0x2000, 0x2000, 0x2000, 0x2000, 0x2000, 0x2000, 0x2000, 0x2000, 0x2000, 0x2000,
  0x2000, 0x2000, 0x2000, 0x2000, 0x2000, 0x2000, 0x2000, 0x2000, 0x2000, 0x2000, 0x2000, 0x2000, 0x2000, 0x2000, 0x2008, 0x2000,
  0x2020, 0x42D0, 0x63E8, 0x00B8, 0x00C0, 0x0028, 0x0000, 0x2000, 0x2000, 0x2000, 0x2000, 0x2000, 0x2000, 0x2000, 0x2000, 0x2000,
  0x2000, 0x2000, 0x2000, 0x2000, 0x2000, 0x2000, 0x2000, 0x2000, 0x2000, 0x2000, 0x2000, 0x2000, 0x2000, 0x2000, 0x2000, 0x2000,
  0x2000, 0x2000, 0x2000, 0x0000, 0x0000, 0x0020, 0x0080, 0x0088, 0x00A0, 0x00B0, 0x00C8, 0x00D8, 0x00E0, 0x00E0, 0x00E8, 0x0030,
  0x0000, 0x0000, 0x0000, 0x6108, 0xC318, 0x0000, 0x4108, 0x4108, 0x4108, 0x4108, 0x4108, 0x4108, 0x4108, 0x6108, 0x4108, 0x6108,
  0x4108, 0x4108, 0x4108, 0x4108, 0x2008, 0x4108, 0x4108, 0x4108, 0x4108, 0x4108, 0x4108, 0x4108, 0x4108, 0x4108, 0x4108, 0x2008,
  0x2000, 0x6108, 0x4108, 0x4108, 0x4108, 0x2008, 0x2000, 0x2000, 0x2000, 0x2000, 0x4108, 0x2008, 0x4008, 0x4108, 0x2000, 0x2000,
  0x4108, 0x2000, 0x2000, 0x2000, 0x2000, 0x2000, 0x2000, 0x2000, 0x2000, 0x2000, 0x2000, 0x2000, 0x2000, 0x2000, 0x2000, 0x2000,
  0x4108, 0x4108, 0x4108, 0x4108, 0x4108, 0x4108, 0x4108, 0x4108, 0x4108, 0x6108, 0x6108, 0x6108, 0x6108, 0x6108, 0x6108, 0x6110,
  0x6118, 0x6110, 0x6108, 0x6118, 0x6120, 0x8210, 0x6128, 0x6120, 0x8108, 0x4138, 0x4130, 0x6100, 0x8100, 0x4128, 0x4138, 0x6110,
  0x8208, 0x8200, 0x6130, 0x4150, 0x6218, 0xA210, 0x8218, 0x2108, 0x0000, 0x0000, 0x0000, 0x0000, 0x2000, 0x2000, 0x2000, 0x2000,
  0x4108, 0x4108, 0x4108, 0x4108, 0x4108, 0x4108, 0x4108, 0x4108, 0x4108, 0x4108, 0x4108, 0x4008, 0x2000, 0x6108, 0x4108, 0x6108,
  0x6108, 0x4108, 0x6108, 0x4108, 0x4108, 0x4108, 0x4108, 0x4108, 0x4108, 0x2000, 0x4108, 0x6108, 0x4108, 0x6108, 0x6108, 0x6108,
  0x6108, 0x4108, 0x4108, 0x4108, 0x4108, 0x4108, 0x4108, 0x2000, 0x6108, 0x6108, 0x6108, 0x6108, 0x4108, 0x6110, 0x4108, 0x4108,
  0x4108, 0x4108, 0x4108, 0x4108, 0x4108, 0x4108, 0x4108, 0x6108, 0x6108, 0x6108, 0x4108, 0x4108, 0x8210, 0x6108, 0x8210, 0x6108,
  0x4108, 0x6108, 0x4108, 0x4108, 0x4108, 0x4108, 0x4108, 0x4108, 0x2000, 0x4108, 0x6108, 0x4108, 0x6108, 0x6108, 0x6108, 0x6108,
  0x4108, 0x6108, 0x4108, 0x6108, 0x4108, 0x6108, 0x4008, 0x8210, 0x6108, 0x8210, 0x8210, 0x6108, 0x6108, 0x6108, 0xEB5A, 0xCB5A,
  0x4D6B, 0x494A, 0x0000, 0x2000, 0x0000, 0x0000, 0x0000, 0x2000, 0x0000, 0x0000, 0x2000, 0x2000, 0x2000, 0x0000, 0x0000, 0x2000,
  0x2000, 0x2000, 0x2000, 0x2000, 0x2000, 0x2000, 0x2000, 0x2000, 0x2000, 0x2000, 0x2000, 0x2000, 0x2000, 0x2000, 0x2000, 0x2000,
  0x2000, 0x2000, 0x2000, 0x2000, 0x2000, 0x2000, 0x2000, 0x2000, 0x2000, 0x2000, 0x2000, 0x2000, 0x2000, 0x2000, 0x2000, 0x2000,
  0x2000, 0x2000, 0x2000, 0x2000, 0x2000, 0x2000, 0x2000, 0x2000, 0x2000, 0x2000, 0x2000, 0x2000, 0x2000, 0x2008, 0x2000, 0x2020,
  0x42D0, 0x62F0, 0x20B0, 0x00C0, 0x0040, 0x0000, 0x2008, 0x2000, 0x2000, 0x2000, 0x2000, 0x2000, 0x2000, 0x2000, 0x2000, 0x2000,
  0x2000, 0x2000, 0x2000, 0x2000, 0x2000, 0x2000, 0x2000, 0x2000, 0x2000, 0x2000, 0x2000, 0x2000, 0x2000, 0x2000, 0x2000, 0x2000,
  0x2000, 0x2000, 0x2000, 0x2000, 0x0000, 0x0000, 0x0068, 0x0088, 0x00B0, 0x00C8, 0x00C8, 0x00B0, 0x00A0, 0x00D8, 0x00F0, 0x0068,
  0x0000, 0x2000, 0x0000, 0x4108, 0xC318, 0x0000, 0x2000, 0x4108, 0x4108, 0x4108, 0x4108, 0x4108, 0x2000, 0x6108, 0x6108, 0x6108,
  0x6108, 0x4108, 0x6108, 0x4108, 0x2000, 0x4108, 0x4108, 0x4108, 0x4108, 0x4108, 0x2000, 0x4108, 0x4108, 0x4108, 0x4108, 0x4108,
  0x4108, 0x4108, 0x4108, 0x4108, 0x4108, 0x2008, 0x2000, 0x2000, 0x2000, 0x2000, 0x4108, 0x2008, 0x4108, 0x4108, 0x2000, 0x4108,
  0x2008, 0x2000, 0x2000, 0x2000, 0x2000, 0x2000, 0x2000, 0x2000, 0x2000, 0x2000, 0x2000, 0x2008, 0x2000, 0x2000, 0x2000, 0x2000,
  0x4108, 0x4108, 0x4108, 0x4108, 0x4108, 0x4108, 0x4108, 0x4108, 0x4108, 0x6108, 0x6110, 0x6110, 0x6108, 0x6108, 0x6110, 0x6118,
  0x6110, 0x8108, 0x6120, 0x6118, 0x6110, 0x6130, 0x6118, 0x6110, 0x2140, 0x4120, 0x8200, 0x6108, 0x4130, 0x4138, 0x6108, 0x8100,
  0x8108, 0x4148, 0x4148, 0x8210, 0xA218, 0x8210, 0x0000, 0x0000, 0x0000, 0x0000, 0x0000, 0x2000, 0x2000, 0x2000, 0x2000, 0x4108,
  0x4108, 0x4108, 0x4108, 0x4108, 0x2000, 0x4108, 0x4108, 0x2108, 0x4108, 0x4108, 0x4108, 0x2000, 0x4108, 0x6108, 0x4108, 0x4108,
  0x4108, 0x4108, 0x4108, 0x6108, 0x4108, 0x4108, 0x4108, 0x4108, 0x4108, 0x2000, 0x8210, 0x4108, 0x4108, 0x4108, 0x4108, 0x2000,
  0x6108, 0x4108, 0x4108, 0x4108, 0x4108, 0x4108, 0x4108, 0x4108, 0x8210, 0x4108, 0x4108, 0x4108, 0x4108, 0x4108, 0x6210, 0x4108,
  0x4108, 0x4108, 0x4108, 0x4108, 0x4108, 0x6108, 0x4108, 0x6108, 0x6108, 0x6108, 0x2000, 0x6108, 0x6108, 0x4108, 0x4108, 0x4108,
  0x4108, 0x6208, 0x6108, 0x4108, 0x4108, 0x4108, 0x4108, 0x4108, 0x2000, 0x8210, 0x4108, 0x4108, 0x4108, 0x4108, 0x4108, 0x8210,
  0x4108, 0x4108, 0x6108, 0x6108, 0x6108, 0x4108, 0x6108, 0x8210, 0x4108, 0x4108, 0x4108, 0x4108, 0x0000, 0x0842, 0x2C63, 0xCB5A,
  0x2C63, 0x6108, 0x0000, 0x2000, 0x0000, 0x0000, 0x0000, 0x0000, 0xE739, 0xA639, 0x0000, 0x0000, 0x0000, 0x2000, 0x2000, 0x2000,
  0x2000, 0x2000, 0x2000, 0x2000, 0x2000, 0x2000, 0x2000, 0x2000, 0x2000, 0x2000, 0x2000, 0x2000, 0x2000, 0x2000, 0x2000, 0x2000,
  0x2000, 0x2000, 0x2000, 0x2000, 0x2000, 0x2000, 0x2000, 0x2000, 0x2000, 0x2000, 0x2000, 0x2000, 0x2000, 0x2000, 0x2000, 0x2000,
  0x2000, 0x2000, 0x2000, 0x2000, 0x2000, 0x2000, 0x2000, 0x2000, 0x2000, 0x2000, 0x2000, 0x2000, 0x2008, 0x2000, 0x0020, 0x42D0,
  0x62F0, 0x20B8, 0x00C0, 0x0060, 0x0000, 0x0000, 0x2000, 0x2000, 0x2000, 0x2000, 0x2000, 0x2000, 0x2000, 0x2000, 0x2000, 0x2000,
  0x2000, 0x2000, 0x2000, 0x2000, 0x2000, 0x2000, 0x2000, 0x2000, 0x2000, 0x2000, 0x2000, 0x2000, 0x2000, 0x2000, 0x2000, 0x2000,
  0x2000, 0x2000, 0x2000, 0x2000, 0x0000, 0x0000, 0x0050, 0x0090, 0x0098, 0x00A0, 0x00B0, 0x00B8, 0x00C0, 0x00D8, 0x00E8, 0x0090,
  0x0000, 0x2000, 0x0000, 0x2000, 0xE318, 0x0000, 0x2008, 0x4108, 0x4108, 0x4108, 0x4108, 0x2000, 0x4108, 0x6210, 0x4008, 0x4108,
  0x4108, 0x4108, 0x2000, 0x6108, 0x2000, 0x4108, 0x4108, 0x4108, 0x4108, 0x2000, 0x2000, 0x6108, 0x2000, 0x4108, 0x4108, 0x4108,
  0x2000, 0x4108, 0x2000, 0x4008, 0x2008, 0x4008, 0x2108, 0x4008, 0x2000, 0x2000, 0x4108, 0x2000, 0x4108, 0x4108, 0x2008, 0x2000,
  0x4108, 0x2000, 0x2000, 0x2000, 0x2000, 0x2000, 0x2000, 0x2000, 0x4008, 0x2000, 0x2000, 0x2000, 0x2000, 0x2000, 0x2000, 0x2000,
  0x4108, 0x4108, 0x4108, 0x4108, 0x4108, 0x4108, 0x4108, 0x4108, 0x4108, 0x4108, 0x6108, 0x6108, 0x6108, 0x6118, 0x6118, 0x6108,
  0x8110, 0x6120, 0x8210, 0x4118, 0x4128, 0x6108, 0x6120, 0x2140, 0x6110, 0x8200, 0x6118, 0x2140, 0x6128, 0x8208, 0x8200, 0x6118,
  0x2148, 0x4128, 0x8210, 0xA220, 0x6108, 0x0000, 0x0000, 0x0000, 0x0000, 0x2000, 0x2000, 0x2000, 0x2000, 0x2000, 0x2000, 0x6108,
  0x4108, 0x4108, 0x4108, 0x4108, 0x4108, 0x4108, 0x6108, 0x4108, 0x2108, 0x2008, 0x4108, 0x2000, 0x6108, 0x4108, 0x4108, 0x4108,
  0x4108, 0x4108, 0x4108, 0x6108, 0x4108, 0x4108, 0x4108, 0x4108, 0x2000, 0x6108, 0x6108, 0x4108, 0x4108, 0x4108, 0x4108, 0x2000,
  0x4108, 0x6108, 0x4108, 0x4108, 0x4108, 0x4108, 0x2000, 0x8210, 0x6108, 0x4108, 0x4108, 0x4108, 0x4108, 0x4108, 0x6108, 0x4108,
  0x4108, 0x4108, 0x4108, 0x2000, 0x6108, 0x8210, 0x4108, 0x4108, 0x4108, 0x4108, 0x4108, 0x8210, 0x4108, 0x4108, 0x4108, 0x4108,
  0x4108, 0x6108, 0x8210, 0x4108, 0x4108, 0x4108, 0x4108, 0x2000, 0x6108, 0x8210, 0x4108, 0x4108, 0x4108, 0x4108, 0x4108, 0x6108,
  0x6108, 0x4108, 0x4108, 0x6108, 0x6108, 0x4108, 0x8210, 0x4108, 0x4108, 0x4108, 0x4108, 0x4108, 0x8210, 0x0C63, 0xCB5A, 0x2C6B,
  0x8631, 0x0000, 0x2000, 0x0000, 0x0000, 0x0000, 0x2000, 0x0000, 0xC318, 0xC739, 0xE741, 0xE320, 0x0000, 0x2000, 0x2000, 0x2000,
  0x2000, 0x2000, 0x2000, 0x2000, 0x2000, 0x2000, 0x2000, 0x2000, 0x2000, 0x2000, 0x2000, 0x2000, 0x2000, 0x2000, 0x2000, 0x2000,
  0x2000, 0x2000, 0x2000, 0x2000, 0x2000, 0x2000, 0x2000, 0x2000, 0x2000, 0x2000, 0x2000, 0x2000, 0x2000, 0x2000, 0x2000, 0x2000,
  0x2000, 0x2000, 0x2000, 0x2000, 0x2000, 0x2000, 0x2000, 0x2000, 0x2000, 0x2000, 0x2000, 0x2008, 0x2000, 0x2020, 0x22C8, 0x42F0,
  0x20B8, 0x00C0, 0x0080, 0x0000, 0x0000, 0x2000, 0x2000, 0x2000, 0x2000, 0x2000, 0x2000, 0x2000, 0x2000, 0x2000, 0x2000, 0x2000,
  0x2000, 0x2000, 0x2000, 0x2000, 0x2000, 0x2000, 0x2000, 0x2000, 0x2000, 0x2000, 0x2000, 0x2000, 0x2000, 0x2000, 0x2000, 0x2000,
  0x2000, 0x2000, 0x2000, 0x0000, 0x0000, 0x2000, 0x0038, 0x0088, 0x0088, 0x00A8, 0x00C8, 0x00D8, 0x00D8, 0x00D8, 0x00E8, 0x00A8,
  0x0000, 0x2000, 0x0000, 0x2000, 0x0421, 0x2000, 0x4108, 0x4108, 0x4108, 0x4108, 0x4108, 0x2000, 0x8210, 0x6108, 0x4108, 0x4108,
  0x4108, 0x4108, 0x4000, 0x6108, 0x4108, 0x4108, 0x4008, 0x2008, 0x4108, 0x2000, 0x6108, 0x4108, 0x4108, 0x4108, 0x4108, 0x4108,
  0x2000, 0x4108, 0x4108, 0x2000, 0x4008, 0x2008, 0x4108, 0x4108, 0x2000, 0x4108, 0x4108, 0x4108, 0x4008, 0x2000, 0x4108, 0x2000,
  0x4000, 0x4108, 0x2000, 0x2000, 0x2000, 0x4100, 0x2000, 0x2000, 0x2008, 0x2000, 0x2000, 0x2000, 0x2000, 0x2000, 0x2000, 0x2000,
  0x4108, 0x4108, 0x4108, 0x4108, 0x4108, 0x4108, 0x4108, 0x6108, 0x6110, 0x6108, 0x6108, 0x6110, 0x6118, 0x6110, 0x8208, 0x8218,
  0x6120, 0x6110, 0x6120, 0x6120, 0x6108, 0x4130, 0x4130, 0x6100, 0x8200, 0x6128, 0x4140, 0x6118, 0x6100, 0x8200, 0x6130, 0x4150,
  0x6110, 0x8218, 0x8220, 0x2000, 0x0000, 0x0000, 0x0000, 0x0000, 0x2000, 0x2000, 0x2000, 0x2000, 0x2000, 0x2000, 0x4108, 0x4108,
  0x4108, 0x4108, 0x4108, 0x4108, 0x4108, 0x4108, 0x4108, 0x4108, 0x4108, 0x4108, 0x4108, 0x4108, 0x6108, 0x4108, 0x4108, 0x4108,
  0x4108, 0x4108, 0x4108, 0x4108, 0x6108, 0x4108, 0x4108, 0x4108, 0x4108, 0x6108, 0x4108, 0x4108, 0x4108, 0x4108, 0x4108, 0x4108,
  0x4108, 0x6108, 0x6108, 0x6108, 0x4108, 0x4108, 0x4108, 0x8210, 0x4108, 0x4108, 0x4108, 0x4108, 0x4108, 0x4108, 0x4108, 0x6108,
  0x4108, 0x4108, 0x4108, 0x4108, 0xA210, 0x6108, 0x4108, 0x4108, 0x4108, 0x4108, 0x8210, 0x6108, 0x4108, 0x4108, 0x4108, 0x4108,
  0x6108, 0x4108, 0x8210, 0x6108, 0x6108, 0x6108, 0x6108, 0x4108, 0x8210, 0x6108, 0x4108, 0x4108, 0x6108, 0x4108, 0x6108, 0x4108,
  0x8210, 0x6108, 0x6108, 0x6108, 0x6108, 0x6108, 0x8210, 0x4108, 0x4108, 0x4108, 0x6108, 0x0000, 0xA639, 0x0B63, 0xEB5A, 0xEB5A,
  0x2000, 0x0000, 0x0000, 0x0000, 0x0000, 0x2000, 0x2000, 0x2000, 0x0000, 0x0000, 0x8210, 0xC318, 0x0000, 0x2000, 0x2000, 0x2000,
  0x2000, 0x2000, 0x2000, 0x2000, 0x2000, 0x2000, 0x2000, 0x2000, 0x2000, 0x2000, 0x2000, 0x2000, 0x2000, 0x2000, 0x2000, 0x2000,
  0x2000, 0x2000, 0x2000, 0x2000, 0x2000, 0x2000, 0x2000, 0x2000, 0x2000, 0x2000, 0x2000, 0x2000, 0x2000, 0x2000, 0x2000, 0x2000,
  0x2000, 0x2000, 0x2000, 0x2000, 0x2000, 0x2000, 0x2000, 0x2000, 0x2000, 0x2000, 0x2008, 0x2000, 0x2020, 0x42D0, 0x42F0, 0x00B8,
  0x00B8, 0x0090, 0x0000, 0x2000, 0x2000, 0x2000, 0x2000, 0x2000, 0x2000, 0x2000, 0x2000, 0x2000, 0x2000, 0x2000, 0x2000, 0x2000,
  0x2000, 0x2000, 0x2000, 0x2000, 0x2000, 0x2000, 0x2000, 0x2000, 0x2000, 0x2000, 0x2000, 0x2000, 0x2000, 0x2000, 0x2000, 0x2000,
  0x2000, 0x2000, 0x2000, 0x2000, 0x2000, 0x2000, 0x2020, 0x00A0, 0x00A0, 0x00B0, 0x00C0, 0x00D0, 0x00D8, 0x00D8, 0x00E8, 0x00C0,
  0x0000, 0x0000, 0x2000, 0x0000, 0x2421, 0x2000, 0x4108, 0x4108, 0x4108, 0x4108, 0x2000, 0x4108, 0x6110, 0x4108, 0x4108, 0x4108,
  0x4108, 0x4108, 0x4108, 0x4108, 0x6108, 0x2000, 0x4008, 0x4108, 0x2000, 0x2000, 0x6108, 0x2000, 0x4108, 0x4108, 0x4108, 0x4108,
  0x2000, 0x2000, 0x4108, 0x2000, 0x2000, 0x2000, 0x4108, 0x2000, 0x4008, 0x4108, 0x2000, 0x4108, 0x4000, 0x2000, 0x2000, 0x4008,
  0x2000, 0x2008, 0x2000, 0x4008, 0x2000, 0x2000, 0x2000, 0x4108, 0x2000, 0x2000, 0x2000, 0x2000, 0x2000, 0x2000, 0x2000, 0x2000,
  0x4108, 0x4108, 0x4108, 0x4108, 0x4108, 0x4108, 0x4108, 0x6110, 0x6108, 0x6108, 0x6110, 0x4118, 0x6108, 0x8108, 0x8220, 0x8218,
  0x8218, 0x4130, 0x6110, 0x6118, 0x4140, 0x6120, 0x6100, 0x6108, 0x4138, 0x4138, 0x8208, 0x8200, 0x6108, 0x4148, 0x4140, 0x6208,
  0x8218, 0x6110, 0x0000, 0x0000, 0x0000, 0x0000, 0x2000, 0x2000, 0x0000, 0x2000, 0x2000, 0x4108, 0x4108, 0x4108, 0x6108, 0x2000,
  0x4108, 0x4108, 0x4108, 0x4108, 0x4108, 0x2008, 0x4108, 0x6108, 0x6108, 0x6108, 0x6108, 0x6108, 0x4108, 0x4108, 0x4108, 0x4108,
  0x4108, 0x4108, 0x4108, 0x4000, 0x6110, 0x6108, 0x6108, 0x6108, 0x6108, 0x6108, 0x4108, 0x4108, 0x4108, 0x4108, 0x4108, 0x4108,
  0x2000, 0x6108, 0xA210, 0x8210, 0x6108, 0x6108, 0x8210, 0x6108, 0x4108, 0x4108, 0x4108, 0x4108, 0x4108, 0x4108, 0x2008, 0x8210,
  0x8110, 0x8210, 0x8210, 0x8210, 0x6108, 0x6108, 0x8210, 0x6108, 0x8210, 0x8110, 0x8210, 0x4108, 0x4108, 0x4108, 0x4108, 0x6108,
  0x6108, 0x4108, 0x6108, 0x8210, 0x8210, 0x8210, 0x8210, 0x6108, 0x6108, 0x4108, 0x6108, 0x6108, 0x6108, 0x6108, 0x6108, 0x4108,
  0x8210, 0xA210, 0x8210, 0x8210, 0x6108, 0x8210, 0x6108, 0x4108, 0x4108, 0x4108, 0x4108, 0x6108, 0xCB5A, 0xCB5A, 0x2C6B, 0x4529,
  0x0000, 0x2000, 0x0000, 0x0000, 0x0000, 0x2000, 0x0000, 0x0000, 0x0000, 0x2000, 0x0000, 0x0000, 0x2000, 0x2000, 0x2000, 0x2000,
  0x2000, 0x2000, 0x2000, 0x2000, 0x2000, 0x2000, 0x2000, 0x2000, 0x2000, 0x2000, 0x2000, 0x2000, 0x2000, 0x2000, 0x2000, 0x2000,
  0x2000, 0x2000, 0x2000, 0x2000, 0x2000, 0x2000, 0x2000, 0x2000, 0x2000, 0x2000, 0x2000, 0x2000, 0x2000, 0x2000, 0x2000, 0x2000,
  0x2000, 0x2000, 0x2000, 0x2000, 0x2000, 0x2000, 0x2000, 0x2000, 0x2000, 0x2008, 0x0000, 0x0018, 0x42D0, 0x62F8, 0x21C0, 0x00B8,
  0x00A8, 0x0010, 0x0000, 0x2000, 0x2000, 0x2000, 0x2000, 0x2000, 0x2000, 0x2000, 0x2000, 0x2000, 0x2000, 0x2000, 0x2000, 0x2000,
  0x2000, 0x2000, 0x2000, 0x2000, 0x2000, 0x2000, 0x2000, 0x2000, 0x2000, 0x2000, 0x2000, 0x2000, 0x2000, 0x2000, 0x2000, 0x2000,
  0x2000, 0x2000, 0x2000, 0x2000, 0x2000, 0x2000, 0x0008, 0x0088, 0x00A0, 0x00B0, 0x00C8, 0x00C8, 0x00C0, 0x00D0, 0x00E8, 0x00D0,
  0x0010, 0x0000, 0x0000, 0x0000, 0x6529, 0x2000, 0x2000, 0x6108, 0x8210, 0x6108, 0x6108, 0x6108, 0x4108, 0x4108, 0x4108, 0x4108,
  0x4108, 0x4108, 0x4108, 0x2000, 0x4108, 0x4108, 0x4108, 0x6108, 0x4108, 0x6108, 0x4108, 0x2008, 0x4108, 0x4108, 0x4108, 0x4100,
  0x2000, 0x2000, 0x4108, 0x4108, 0x4108, 0x4108, 0x4108, 0x2000, 0x4108, 0x4108, 0x2108, 0x2108, 0x4008, 0x2000, 0x2008, 0x4008,
  0x2000, 0x4008, 0x4108, 0x4108, 0x4108, 0x2000, 0x2000, 0x2000, 0x2000, 0x2000, 0x2000, 0x2000, 0x2000, 0x2000, 0x2000, 0x2000,
  0x4108, 0x4108, 0x4108, 0x4108, 0x6108, 0x6110, 0x6108, 0x6108, 0x6108, 0x4118, 0x4118, 0x6100, 0x6108, 0x6120, 0x8110, 0x6120,
  0x6238, 0x8208, 0x4128, 0x4138, 0x6110, 0x8100, 0x6118, 0x4140, 0x6128, 0x8208, 0x8100, 0x4118, 0x2150, 0x6128, 0x8210, 0x8220,
  0x4108, 0x0000, 0x0000, 0x0000, 0x0000, 0x2000, 0x2000, 0x2000, 0x2000, 0x4100, 0x2000, 0x4008, 0x4108, 0x2000, 0x4108, 0x4108,
  0x2008, 0x4108, 0x4108, 0x4108, 0x4108, 0x2000, 0x6108, 0x4108, 0x4108, 0x4108, 0x4108, 0x2000, 0x6108, 0x4108, 0x4108, 0x4108,
  0x4108, 0x4108, 0x2000, 0x4108, 0x6108, 0x4008, 0x4108, 0x4108, 0x2000, 0x6108, 0x4108, 0x4108, 0x4108, 0x4108, 0x4108, 0x4108,
  0x2000, 0x8210, 0x4108, 0x4108, 0x4108, 0x4108, 0x4108, 0x8210, 0x4108, 0x4108, 0x4108, 0x6108, 0x4108, 0x4108, 0x4108, 0x8110,
  0x4108, 0x6108, 0x6108, 0x4108, 0x8210, 0xA210, 0x4108, 0x4108, 0x4108, 0x4108, 0x6108, 0x6108, 0x4108, 0x4108, 0x4108, 0x4108,
  0x6108, 0x4108, 0x8210, 0x6108, 0x4108, 0x4108, 0x4108, 0x2000, 0x6110, 0x4108, 0x6108, 0x6108, 0x6108, 0x6108, 0x6108, 0x2108,
  0xA210, 0x4108, 0x4108, 0x4108, 0x4108, 0x4108, 0x8210, 0x4108, 0x6108, 0x6108, 0x0000, 0x6529, 0x0C63, 0xEB5A, 0xAA52, 0x0000,
  0x0000, 0x0000, 0x2000, 0x0000, 0x0000, 0x4108, 0xA631, 0xE318, 0x2000, 0x0000, 0x2000, 0x2000, 0x2000, 0x2000, 0x2000, 0x2000,
  0x2000, 0x2000, 0x2000, 0x2000, 0x2000, 0x2000, 0x2000, 0x2000, 0x2000, 0x2000, 0x2000, 0x2000, 0x2000, 0x2000, 0x2000, 0x2000,
  0x2000, 0x2000, 0x2000, 0x2000, 0x2000, 0x2000, 0x2000, 0x2000, 0x2000, 0x2000, 0x2000, 0x2000, 0x2000, 0x2000, 0x2000, 0x2000,
  0x2000, 0x2000, 0x2000, 0x2000, 0x2000, 0x2000, 0x2000, 0x2000, 0x2008, 0x0000, 0x0020, 0x42C8, 0x62F0, 0x41C0, 0x00B0, 0x00C0,
  0x0020, 0x0000, 0x2000, 0x2000, 0x2000, 0x2000, 0x2000, 0x2000, 0x2000, 0x2000, 0x2000, 0x2000, 0x2000, 0x2000, 0x2000, 0x2000,
  0x2000, 0x2000, 0x2000, 0x2000, 0x2000, 0x2000, 0x2000, 0x2000, 0x2000, 0x2000, 0x2000, 0x2000, 0x2000, 0x2000, 0x2000, 0x2000,
  0x2000, 0x2000, 0x2000, 0x2000, 0x2000, 0x2000, 0x0000, 0x0070, 0x00A0, 0x00A8, 0x00A8, 0x00B8, 0x00C8, 0x00D8, 0x00E0, 0x00D0,
  0x0010, 0x0000, 0x2000, 0x0000, 0x8631, 0x6108, 0x2000, 0x4108, 0x4108, 0x6108, 0x4108, 0x2000, 0x6108, 0x2008, 0x4108, 0x6108,
  0x4108, 0x4108, 0x4108, 0x2000, 0x6108, 0x2108, 0x4108, 0x4108, 0x2000, 0x2000, 0x4108, 0x2000, 0x4108, 0x4108, 0x4108, 0x4108,
  0x2000, 0x0000, 0x4108, 0x2000, 0x4008, 0x4108, 0x4108, 0x2000, 0x4108, 0x2008, 0x2108, 0x4108, 0x4108, 0x2008, 0x2008, 0x4000,
  0x2000, 0x4108, 0x2000, 0x4108, 0x2008, 0x4108, 0x2000, 0x2000, 0x2000, 0x2000, 0x2000, 0x2000, 0x2000, 0x2000, 0x2000, 0x2000,
  0x4108, 0x4108, 0x4108, 0x4108, 0x6110, 0x6108, 0x6108, 0x6110, 0x4120, 0x6110, 0x8100, 0x6118, 0x4120, 0x6108, 0x6128, 0x6120,
  0xA208, 0x4138, 0x4130, 0x8208, 0x8200, 0x6128, 0x4148, 0x6218, 0x8208, 0x8100, 0x4128, 0x2148, 0x8210, 0x8218, 0x6118, 0x2000,
  0x0000, 0x0000, 0x0000, 0x0000, 0x2000, 0x2000, 0x2000, 0x2000, 0x4108, 0x4108, 0x4008, 0x4108, 0x4108, 0x4108, 0x4108, 0x6108,
  0x4108, 0x4108, 0x4108, 0x4108, 0x4108, 0x4108, 0x6108, 0x4108, 0x4108, 0x4108, 0x4108, 0x4008, 0x6108, 0x4108, 0x4108, 0x4108,
  0x4108, 0x4108, 0x2000, 0x8210, 0x4108, 0x4108, 0x4108, 0x4108, 0x4108, 0x4108, 0x6108, 0x2008, 0x4108, 0x4108, 0x4108, 0x4108,
  0x6108, 0x6108, 0x4108, 0x4108, 0x4108, 0x4108, 0x4108, 0x6108, 0x6108, 0x4108, 0x4108, 0x4108, 0x6108, 0x2000, 0x8210, 0x4108,
  0x4108, 0x6108, 0x6108, 0x4108, 0x8208, 0x6108, 0x4108, 0x4108, 0x4108, 0x4108, 0x4108, 0x6108, 0x4108, 0x6108, 0x6108, 0x6108,
  0x4108, 0x4108, 0x8210, 0x4108, 0x4108, 0x4108, 0x4108, 0x4108, 0x6108, 0x8210, 0x4108, 0x6108, 0x6108, 0x6108, 0x4108, 0x6108,
  0x8210, 0x4108, 0x6108, 0x6108, 0x6108, 0x4108, 0x6110, 0x4108, 0x4108, 0x6108, 0x4108, 0x8A52, 0xCA5A, 0xEB62, 0x4421, 0x0000,
  0x2000, 0x0000, 0x2000, 0x2000, 0x2000, 0x2000, 0xC318, 0xA631, 0x0842, 0xE318, 0x0000, 0x2000, 0x2000, 0x2000, 0x2000, 0x2000,
  0x2000, 0x2000, 0x2000, 0x2000, 0x2000, 0x2000, 0x2000, 0x2000, 0x2000, 0x2000, 0x2000, 0x2000, 0x2000, 0x2000, 0x2000, 0x2000,
  0x2000, 0x2000, 0x2000, 0x2000, 0x2000, 0x2000, 0x2000, 0x2000, 0x2000, 0x2000, 0x2000, 0x2000, 0x2000, 0x2000, 0x2000, 0x2000,
  0x2000, 0x2000, 0x2000, 0x2000, 0x2000, 0x2000, 0x2000, 0x2008, 0x2000, 0x2020, 0x42C8, 0x42F0, 0x41C0, 0x00A8, 0x00C8, 0x0038,
  0x0000, 0x2008, 0x2000, 0x2000, 0x2000, 0x2000, 0x2000, 0x2000, 0x2000, 0x2000, 0x2000, 0x2000, 0x2000, 0x2000, 0x2000, 0x2000,
  0x2000, 0x2000, 0x2000, 0x2000, 0x2000, 0x2000, 0x2000, 0x2000, 0x2000, 0x2000, 0x2000, 0x2000, 0x2000, 0x2000, 0x2000, 0x2000,
  0x2000, 0x2000, 0x2000, 0x2000, 0x2000, 0x2000, 0x0000, 0x0068, 0x00A0, 0x00A0, 0x00B8, 0x00D8, 0x00E0, 0x00E0, 0x00E0, 0x00D8,
  0x0018, 0x0000, 0x2000, 0x0000, 0xC739, 0x8210, 0x2000, 0x4108, 0x6108, 0x4108, 0x4108, 0x2000, 0x6108, 0x4108, 0x6108, 0x4108,
  0x4108, 0x4108, 0x2000, 0x6108, 0x6108, 0x4108, 0x4108, 0x4108, 0x4108, 0x2000, 0x4108, 0x2000, 0x4108, 0x4108, 0x4108, 0x4108,
  0x2000, 0x2000, 0x4108, 0x2000, 0x4108, 0x4108, 0x4108, 0x2000, 0x2008, 0x4108, 0x2000, 0x4108, 0x4108, 0x4108, 0x4108, 0x2000,
  0x4008, 0x4108, 0x2000, 0x2000, 0x2008, 0x2108, 0x2000, 0x2000, 0x2000, 0x2000, 0x2008, 0x2000, 0x2000, 0x2000, 0x2000, 0x2000,
  0x4108, 0x4108, 0x4108, 0x6108, 0x6108, 0x6108, 0x6110, 0x4118, 0x6108, 0x6108, 0x6118, 0x6110, 0x4110, 0x4120, 0x8110, 0x8210,
  0x2140, 0x6118, 0x8200, 0x8208, 0x4138, 0x6130, 0x8208, 0x8200, 0x8110, 0x4140, 0x4138, 0x8210, 0x8228, 0x4110, 0x0000, 0x0000,
  0x0000, 0x0000, 0x2000, 0x0000, 0x2000, 0x2000, 0x2000, 0x2000, 0x6108, 0x4008, 0x4108, 0x4108, 0x4108, 0x4108, 0x4108, 0x6108,
  0x4108, 0x4008, 0x2008, 0x4108, 0x2000, 0x6108, 0x4108, 0x4108, 0x4108, 0x4108, 0x4108, 0x4108, 0x4108, 0x6108, 0x4108, 0x4108,
  0x4108, 0x2000, 0x4108, 0x6108, 0x4108, 0x4108, 0x4108, 0x4108, 0x4108, 0x4108, 0x6108, 0x4108, 0x4008, 0x4108, 0x4108, 0x2000,
  0x8110, 0x4108, 0x4108, 0x4108, 0x4108, 0x4108, 0x4108, 0x4108, 0x6108, 0x4108, 0x4108, 0x4108, 0x2008, 0x4108, 0x8210, 0x4108,
  0x6108, 0x4108, 0x4108, 0x4108, 0x4108, 0x4108, 0x4108, 0x4108, 0x4108, 0x4108, 0x4108, 0x6108, 0x6108, 0x4108, 0x6108, 0x6108,
  0x2000, 0x8210, 0x6108, 0x4108, 0x4108, 0x4108, 0x4108, 0x4108, 0x4108, 0x8210, 0x4108, 0x4108, 0x4108, 0x4108, 0x4108, 0xA210,
  0x6108, 0x6108, 0x6108, 0x6108, 0x6108, 0x4108, 0x6108, 0x6110, 0x4108, 0x2000, 0x0421, 0xEB5A, 0xCB5A, 0x8A52, 0x2000, 0x0000,
  0x0000, 0x2000, 0x0000, 0x0000, 0x2000, 0x0000, 0x0000, 0x0000, 0x6108, 0x6108, 0x0000, 0x2000, 0x2000, 0x2000, 0x2000, 0x2000,
  0x2000, 0x2000, 0x2000, 0x2000, 0x2000, 0x2000, 0x2000, 0x2000, 0x2000, 0x2000, 0x2000, 0x2000, 0x2000, 0x2000, 0x2000, 0x2000,
  0x2000, 0x2000, 0x2000, 0x2000, 0x2000, 0x2000, 0x2000, 0x2000, 0x2000, 0x2000, 0x2000, 0x2000, 0x2000, 0x2000, 0x2000, 0x2000,
  0x2000, 0x2000, 0x2000, 0x2000, 0x2000, 0x2000, 0x2008, 0x2000, 0x0018, 0x42C8, 0x62F0, 0x41C8, 0x00A8, 0x00C8, 0x2050, 0x0000,
  0x2008, 0x2000, 0x2000, 0x2000, 0x2000, 0x2000, 0x2000, 0x2000, 0x2000, 0x2000, 0x2000, 0x2000, 0x2000, 0x2000, 0x2000, 0x2000,
  0x2000, 0x2000, 0x2000, 0x2000, 0x2000, 0x2000, 0x2000, 0x2000, 0x2000, 0x2000, 0x2000, 0x2000, 0x2000, 0x2000, 0x2000, 0x2000,
  0x2000, 0x2000, 0x2000, 0x2000, 0x2000, 0x2000, 0x2000, 0x0060, 0x00A0, 0x00A0, 0x00B8, 0x00C8, 0x00D0, 0x00D8, 0x00E0, 0x00E0,
  0x2020, 0x2000, 0x2000, 0x0000, 0xE739, 0x8210, 0x2000, 0x4108, 0x4108, 0x4108, 0x4108, 0x4108, 0x6108, 0x8210, 0x4108, 0x4108,
  0x4108, 0x4108, 0x2000, 0x6108, 0x4108, 0x4108, 0x4108, 0x4108, 0x4108, 0x4108, 0x4108, 0x4108, 0x4108, 0x4108, 0x4108, 0x4108,
  0x2000, 0x4108, 0x4108, 0x4108, 0x4108, 0x4108, 0x4108, 0x4108, 0x2000, 0x4108, 0x2108, 0x2008, 0x4108, 0x4108, 0x4008, 0x2000,
  0x4108, 0x2000, 0x2008, 0x2000, 0x2000, 0x2000, 0x2000, 0x2000, 0x2000, 0x2000, 0x2000, 0x2000, 0x2000, 0x2000, 0x2000, 0x2000,
  0x4108, 0x4108, 0x4108, 0x6108, 0x6108, 0x6118, 0x6118, 0x6108, 0x6108, 0x4120, 0x6110, 0x6118, 0x4128, 0x6100, 0x6120, 0x4138,
  0x6110, 0x8100, 0x6118, 0x4140, 0x6128, 0x8208, 0x8200, 0x6120, 0x4150, 0x6120, 0x8210, 0x8128, 0x4108, 0x0000, 0x0000, 0x0000,
  0x0000, 0x0000, 0x2000, 0x2000, 0x4108, 0x4108, 0x4108, 0x4108, 0x4108, 0x4108, 0x4108, 0x4108, 0x4108, 0x4108, 0x4108, 0x4108,
  0x6108, 0x6108, 0x6108, 0x6108, 0x6108, 0x6108, 0x4108, 0x4108, 0x4108, 0x4108, 0x4108, 0x4108, 0x4108, 0x8210, 0x6108, 0x6108,
  0x6108, 0x6108, 0x6108, 0x4108, 0x4108, 0x4108, 0x4108, 0x4108, 0x4108, 0x4108, 0x4108, 0x8210, 0x6108, 0x4108, 0x6108, 0x6110,
  0x6108, 0x4108, 0x4108, 0x4108, 0x4108, 0x4108, 0x4108, 0x4108, 0x6108, 0x6110, 0x6108, 0x6108, 0x6108, 0x8210, 0x6108, 0x4108,
  0x4108, 0x4108, 0x4108, 0x4108, 0x4108, 0x6108, 0x4108, 0x4108, 0x4108, 0x4108, 0x4108, 0x4108, 0x8210, 0x8210, 0xA210, 0x8210,
  0x6108, 0x8210, 0x4108, 0x4108, 0x4108, 0x4108, 0x4108, 0x4108, 0x4108, 0x6108, 0x8210, 0x8210, 0x8210, 0x8210, 0x8210, 0x8210,
  0x4108, 0x6108, 0x6108, 0x6108, 0x6108, 0x6108, 0x4108, 0x8210, 0x6108, 0x4108, 0x2842, 0xCB5A, 0xEB5A, 0x6529, 0x0000, 0x2000,
  0x0000, 0x2000, 0x2000, 0x0000, 0x0000, 0x0000, 0x2000, 0x2000, 0x0000, 0x0000, 0x2000, 0x2000, 0x2000, 0x2000, 0x2000, 0x2000,
  0x2000, 0x2000, 0x2000, 0x2000, 0x2000, 0x2000, 0x2000, 0x2000, 0x2000, 0x2000, 0x2000, 0x2000, 0x2000, 0x2000, 0x2000, 0x2000,
  0x2000, 0x2000, 0x2000, 0x2000, 0x2000, 0x2000, 0x2000, 0x2000, 0x2000, 0x2000, 0x2000, 0x2000, 0x2000, 0x2000, 0x2000, 0x2000,
  0x2000, 0x2000, 0x2000, 0x2000, 0x2000, 0x2008, 0x2000, 0x2018, 0x22C8, 0x42F0, 0x41C8, 0x00A0, 0x00C8, 0x0068, 0x0000, 0x2008,
  0x2000, 0x2000, 0x2000, 0x2000, 0x2000, 0x2000, 0x2000, 0x2000, 0x2000, 0x2000, 0x2000, 0x2000, 0x2000, 0x2000, 0x2000, 0x2000,
  0x2000, 0x2000, 0x2000, 0x2000, 0x2000, 0x2000, 0x2000, 0x2000, 0x2000, 0x2000, 0x2000, 0x2000, 0x2000, 0x2000, 0x2000, 0x2000,
  0x2000, 0x2000, 0x2000, 0x2000, 0x2000, 0x2000, 0x2000, 0x0050, 0x0098, 0x00A0, 0x00B8, 0x00D0, 0x00D8, 0x00D8, 0x00E0, 0x00D8,
  0x0018, 0x0000, 0x0000, 0x0000, 0x0842, 0x8210, 0x2000, 0x4108, 0x4108, 0x4108, 0x4108, 0x4108, 0x6108, 0x8210, 0x4108, 0x4108,
  0x4108, 0x4108, 0x4108, 0x4108, 0x4108, 0x4108, 0x4108, 0x4108, 0x4108, 0x4108, 0x4008, 0x4108, 0x4108, 0x4108, 0x4108, 0x4108,
  0x2008, 0x4108, 0x4108, 0x4108, 0x4108, 0x4108, 0x4108, 0x4008, 0x2000, 0x4108, 0x4108, 0x2000, 0x4108, 0x4108, 0x2000, 0x2000,
  0x2108, 0x2000, 0x2000, 0x2000, 0x2000, 0x2000, 0x2000, 0x2000, 0x2000, 0x2000, 0x4108, 0x4008, 0x2008, 0x2000, 0x2000, 0x2000,
  0x4108, 0x4108, 0x6108, 0x6110, 0x6118, 0x6110, 0x6108, 0x6110, 0x4118, 0x6108, 0x4120, 0x6120, 0x8108, 0x4138, 0x6128, 0x8208,
  0x8100, 0x6128, 0x4140, 0x8218, 0x8208, 0x8208, 0x4138, 0x4148, 0x8210, 0x8118, 0x6120, 0x2000, 0x0000, 0x0000, 0x0000, 0x0000,
  0x2000, 0x2000, 0x2008, 0x2000, 0x4108, 0x4108, 0x2108, 0x4108, 0x4108, 0x4108, 0x4108, 0x4108, 0x4108, 0x4108, 0x2000, 0x4108,
  0x6108, 0x4108, 0x4108, 0x4108, 0x4108, 0x6108, 0x4108, 0x4108, 0x4108, 0x4108, 0x4108, 0x4108, 0x4108, 0x6108, 0x4108, 0x4108,
  0x4108, 0x2000, 0x4108, 0x4108, 0x4108, 0x4108, 0x4108, 0x4108, 0x4108, 0x2000, 0x6108, 0x4108, 0x4108, 0x4108, 0x4108, 0x4108,
  0x6108, 0x4108, 0x4108, 0x4108, 0x4108, 0x6108, 0x4108, 0x2008, 0x8210, 0x6108, 0x6108, 0x6108, 0x4108, 0x6108, 0x6108, 0x4108,
  0x4108, 0x6108, 0x4108, 0x4108, 0x4108, 0x6108, 0x4108, 0x4108, 0x4108, 0x4108, 0x4108, 0x4108, 0x6210, 0x4108, 0x6108, 0x6108,
  0x4108, 0x6108, 0x4108, 0x4108, 0x4108, 0x4108, 0x4108, 0x4108, 0x2000, 0x8210, 0x6108, 0x6108, 0x6108, 0x6108, 0x4108, 0x8210,
  0x6108, 0x6108, 0x6108, 0x6108, 0x6108, 0x4108, 0x4108, 0x8210, 0x2000, 0x8210, 0xCB5A, 0xCB5A, 0xAA5A, 0x6108, 0x0000, 0x0000,
  0x0000, 0x2000, 0x0000, 0x2000, 0xA210, 0x0000, 0x0000, 0x0000, 0x2000, 0x0000, 0x2000, 0x2000, 0x2000, 0x2000, 0x2000, 0x2000,
  0x2000, 0x2000, 0x2000, 0x2000, 0x2000, 0x2000, 0x2000, 0x2000, 0x2000, 0x2000, 0x2000, 0x2000, 0x2000, 0x2000, 0x2000, 0x2000,
  0x2000, 0x2000, 0x2000, 0x2000, 0x2000, 0x2000, 0x2000, 0x2000, 0x2000, 0x2000, 0x2000, 0x2000, 0x2000, 0x2000, 0x2000, 0x2000,
  0x2000, 0x2000, 0x2000, 0x2000, 0x2008, 0x2000, 0x2018, 0x22C8, 0x42F0, 0x42D0, 0x00A0, 0x00C0, 0x0088, 0x0000, 0x2000, 0x2000,
  0x2000, 0x2000, 0x2000, 0x2000, 0x2000, 0x2000, 0x2000, 0x2000, 0x2000, 0x2000, 0x2000, 0x2000, 0x2000, 0x2000, 0x2000, 0x2000,
  0x2000, 0x2000, 0x2000, 0x2000, 0x2000, 0x2000, 0x2000, 0x2000, 0x2000, 0x2000, 0x2000, 0x2000, 0x2000, 0x2000, 0x2000, 0x2000,
  0x2000, 0x2000, 0x2000, 0x2000, 0x2000, 0x2000, 0x2000, 0x0048, 0x0098, 0x00A0, 0x00B8, 0x00C8, 0x00C0, 0x00C8, 0x00E0, 0x00D0,
  0x0010, 0x0000, 0x2000, 0x0000, 0x494A, 0x8210, 0x2000, 0x4108, 0x4108, 0x4108, 0x4108, 0x4108, 0x6110, 0x6108, 0x4108, 0x4108,
  0x4108, 0x4008, 0x4108, 0x4108, 0x4108, 0x4108, 0x4108, 0x4108, 0x4108, 0x4108, 0x2000, 0x4108, 0x4108, 0x4108, 0x4108, 0x4108,
  0x4108, 0x4108, 0x4108, 0x4108, 0x4108, 0x4108, 0x4108, 0x4108, 0x2008, 0x2000, 0x4108, 0x2008, 0x4108, 0x4108, 0x2000, 0x2000,
  0x2008, 0x2000, 0x2000, 0x2000, 0x2000, 0x4008, 0x4008, 0x2000, 0x2000, 0x2000, 0x4008, 0x4000, 0x2000, 0x2000, 0x2000, 0x2000,
  0x6108, 0x6108, 0x6110, 0x6110, 0x6108, 0x6108, 0x6118, 0x6110, 0x6110, 0x4120, 0x6110, 0x8110, 0x4138, 0x6120, 0x8200, 0x8208,
  0x6130, 0x4130, 0x6108, 0x8200, 0x6110, 0x4148, 0x6138, 0x8210, 0x6128, 0x4110, 0x0000, 0x0000, 0x0000, 0x0000, 0x2000, 0x2000,
  0x2000, 0x2000, 0x4108, 0x2000, 0x4108, 0x4108, 0x4108, 0x2000, 0x6108, 0x4108, 0x4108, 0x4108, 0x4108, 0x4108, 0x2000, 0x6108,
  0x4108, 0x4108, 0x4108, 0x4108, 0x4108, 0x6108, 0x6108, 0x4108, 0x4108, 0x4108, 0x4108, 0x2000, 0x4108, 0x6108, 0x4108, 0x4108,
  0x4108, 0x4108, 0x4108, 0x6108, 0x4108, 0x4108, 0x4108, 0x4108, 0x4108, 0x2000, 0x6108, 0x4108, 0x4108, 0x4108, 0x4108, 0x2008,
  0x6108, 0x4108, 0x4108, 0x4108, 0x4108, 0x4108, 0x4008, 0x6108, 0x8108, 0x4108, 0x4108, 0x4108, 0x4108, 0x4108, 0x8210, 0x4108,
  0x6108, 0x6108, 0x4108, 0x4108, 0x4108, 0x6108, 0x4108, 0x6108, 0x6108, 0x6108, 0x4108, 0x6108, 0x6108, 0x4108, 0x6108, 0x6108,
  0x4108, 0x6108, 0x6108, 0x4108, 0x6108, 0x4108, 0x4108, 0x4108, 0x4108, 0xA210, 0x4108, 0x6108, 0x4108, 0x6108, 0x4108, 0x8210,
  0x6108, 0x4108, 0x6108, 0x6108, 0x6108, 0x4108, 0x6108, 0xA210, 0x2000, 0x6529, 0xCB5A, 0xCB5A, 0xE739, 0x0000, 0x2000, 0x0000,
  0x0000, 0x2000, 0x0000, 0x6108, 0x8A52, 0x494A, 0xC739, 0xA210, 0x0000, 0x2000, 0x2000, 0x2000, 0x2000, 0x2000, 0x2000, 0x2000,
  0x2000, 0x2000, 0x2000, 0x2000, 0x2000, 0x2000, 0x2000, 0x2000, 0x2000, 0x2000, 0x2000, 0x2000, 0x2000, 0x2000, 0x2000, 0x2000,
  0x2000, 0x2000, 0x2000, 0x2000, 0x2000, 0x2000, 0x2000, 0x2000, 0x2000, 0x2000, 0x2000, 0x2000, 0x2000, 0x2000, 0x2000, 0x2000,
  0x2000, 0x2000, 0x2000, 0x2008, 0x0000, 0x0018, 0x22C8, 0x42F0, 0x42D8, 0x00A8, 0x00B8, 0x0098, 0x0008, 0x0000, 0x2000, 0x2000,
  0x2000, 0x2000, 0x2000, 0x2000, 0x2000, 0x2000, 0x2000, 0x2000, 0x2000, 0x2000, 0x2000, 0x2000, 0x2000, 0x2000, 0x2000, 0x2000,
  0x2000, 0x2000, 0x2000, 0x2000, 0x2000, 0x2000, 0x2000, 0x2000, 0x2000, 0x2000, 0x2000, 0x2000, 0x2000, 0x2000, 0x2000, 0x2000,
  0x2000, 0x2000, 0x2000, 0x2000, 0x2000, 0x2000, 0x0000, 0x0038, 0x0080, 0x0080, 0x00A0, 0x00A8, 0x00A8, 0x00C8, 0x00E8, 0x00D0,
  0x0010, 0x0000, 0x2000, 0x0000, 0x694A, 0x4108, 0x2000, 0x4108, 0x4108, 0x4108, 0x4108, 0x4108, 0x8210, 0x4108, 0x4108, 0x4108,
  0x4108, 0x4108, 0x2000, 0x6108, 0x4108, 0x4108, 0x4108, 0x4108, 0x4108, 0x2000, 0x4108, 0x6108, 0x4108, 0x4108, 0x4108, 0x4108,
  0x2000, 0x4108, 0x4108, 0x4108, 0x4108, 0x4108, 0x4108, 0x4108, 0x2000, 0x4108, 0x4108, 0x2000, 0x2000, 0x2008, 0x2000, 0x2000,
  0x4108, 0x4108, 0x4108, 0x4108, 0x4008, 0x4008, 0x4008, 0x2000, 0x4108, 0x2000, 0x2008, 0x2000, 0x2000, 0x2000, 0x2008, 0x2000,
  0x6108, 0x6110, 0x6110, 0x6108, 0x6110, 0x6118, 0x6108, 0x6120, 0x4128, 0x6100, 0x4120, 0x4140, 0x8210, 0x8100, 0x6118, 0x4140,
  0x6120, 0x8208, 0x8100, 0x6120, 0x2150, 0x6120, 0x8210, 0x6128, 0x2008, 0x0000, 0x0000, 0x0000, 0x0000, 0x0000, 0x2000, 0x2000,
  0x2000, 0x4108, 0x4108, 0x4108, 0x4108, 0x4108, 0x4108, 0x2000, 0x4108, 0x4108, 0x4008, 0x4108, 0x4108, 0x2000, 0x4108, 0x6108,
  0x4108, 0x4108, 0x4108, 0x4108, 0x4108, 0x4108, 0x6108, 0x4108, 0x4108, 0x4108, 0x4108, 0x2000, 0x6108, 0x4108, 0x4108, 0x4108,
  0x4108, 0x4108, 0x4108, 0x6108, 0x4108, 0x4108, 0x4108, 0x4108, 0x2000, 0x6108, 0x6108, 0x4108, 0x4108, 0x4108, 0x4108, 0x4108,
  0x4108, 0x6108, 0x4108, 0x4108, 0x4108, 0x4108, 0x2000, 0x8210, 0x4108, 0x4108, 0x4108, 0x4108, 0x4108, 0x4108, 0x8108, 0x6108,
  0x4108, 0x4108, 0x4108, 0x2000, 0x6108, 0x6110, 0x4008, 0x4108, 0x4108, 0x4108, 0x4108, 0x8210, 0x4108, 0x4108, 0x4108, 0x6108,
  0x6108, 0x4108, 0x8210, 0x4108, 0x4108, 0x4108, 0x4108, 0x2000, 0x8210, 0x6108, 0x6108, 0x6108, 0x6108, 0x6108, 0x6108, 0x6108,
  0x8210, 0x4108, 0x4108, 0x4108, 0x6108, 0x2000, 0xA210, 0x6108, 0x4108, 0x2842, 0xCA5A, 0xCB5A, 0xC318, 0x0000, 0x2000, 0x0000,
  0x0000, 0x0000, 0x2000, 0x2000, 0x0000, 0x8210, 0x4529, 0xC318, 0x0000, 0x2000, 0x2000, 0x2000, 0x2000, 0x2000, 0x2000, 0x2000,
  0x2000, 0x2000, 0x2000, 0x2000, 0x2000, 0x2000, 0x2000, 0x2000, 0x2000, 0x2000, 0x2000, 0x2000, 0x2000, 0x2000, 0x2000, 0x2000,
  0x2000, 0x2000, 0x2000, 0x2000, 0x2000, 0x2000, 0x2000, 0x2000, 0x2000, 0x2000, 0x2000, 0x2000, 0x2000, 0x2000, 0x2000, 0x2000,
  0x2000, 0x2000, 0x2008, 0x2000, 0x2018, 0x22C8, 0x42F0, 0x42D8, 0x00A8, 0x00B0, 0x00A8, 0x0010, 0x0000, 0x2000, 0x2000, 0x2000,
  0x2000, 0x2000, 0x2000, 0x2000, 0x2000, 0x2000, 0x2000, 0x2000, 0x2000, 0x2000, 0x2000, 0x2000, 0x2000, 0x2000, 0x2000, 0x2000,
  0x2000, 0x2000, 0x2000, 0x2000, 0x2000, 0x2000, 0x2000, 0x2000, 0x2000, 0x2000, 0x2000, 0x2000, 0x2000, 0x2000, 0x2000, 0x2000,
  0x2000, 0x2000, 0x2000, 0x2000, 0x2000, 0x2000, 0x2000, 0x0040, 0x0088, 0x0098, 0x00B0, 0x00C8, 0x00D8, 0x00E0, 0x00E8, 0x00C0,
  0x0000, 0x0000, 0x0000, 0x0000, 0x494A, 0x2000, 0x4000, 0x4108, 0x4108, 0x4108, 0x4108, 0x4108, 0x6108, 0x4108, 0x4108, 0x4108,
  0x4108, 0x4108, 0x4108, 0x6108, 0x6108, 0x4108, 0x4108, 0x4108, 0x4108, 0x2000, 0x6108, 0x4108, 0x4108, 0x4108, 0x4108, 0x4108,
  0x4108, 0x6108, 0x4108, 0x4108, 0x4108, 0x4108, 0x4108, 0x2000, 0x2000, 0x6108, 0x2008, 0x4108, 0x4108, 0x2008, 0x4108, 0x2000,
  0x2008, 0x4108, 0x4108, 0x4108, 0x4108, 0x4108, 0x2000, 0x2000, 0x4108, 0x2000, 0x2000, 0x2000, 0x2000, 0x2000, 0x2000, 0x2000,
  0x6110, 0x6108, 0x6108, 0x6118, 0x6118, 0x6108, 0x6120, 0x6120, 0x8108, 0x4130, 0x4128, 0x8208, 0x8100, 0x4128, 0x4138, 0x6118,
  0x8208, 0x8108, 0x4138, 0x4148, 0x8110, 0x8218, 0x4120, 0x0000, 0x0000, 0x0000, 0x0000, 0x0000, 0x2000, 0x2000, 0x2000, 0x2000,
  0x2000, 0x4108, 0x4108, 0x4108, 0x4108, 0x4108, 0x4108, 0x4108, 0x4108, 0x6108, 0x4108, 0x4108, 0x6108, 0x4108, 0x6108, 0x4108,
  0x4108, 0x4108, 0x4108, 0x4108, 0x4108, 0x2108, 0x6108, 0x6108, 0x6108, 0x6108, 0x4108, 0x6108, 0x6108, 0x4108, 0x4108, 0x4108,
  0x4108, 0x4108, 0x4108, 0x4108, 0x6108, 0x6108, 0x6108, 0x6108, 0x4108, 0x6210, 0x4108, 0x4108, 0x4108, 0x4108, 0x4108, 0x4108,
  0x4108, 0x6108, 0x6108, 0x6108, 0x6108, 0x4108, 0x6108, 0x6108, 0x4108, 0x4108, 0x4108, 0x4108, 0x4108, 0x4108, 0x4108, 0x8210,
  0x6108, 0x6108, 0x6108, 0x4108, 0x6110, 0x6108, 0x6108, 0x6108, 0x6110, 0x6108, 0x6108, 0x6108, 0x4108, 0x4108, 0x4108, 0x4108,
  0x6108, 0x4108, 0x6108, 0x8210, 0x6108, 0x6108, 0x6108, 0x4108, 0x8210, 0x4108, 0x6108, 0x6108, 0x6108, 0x6108, 0x6108, 0x6108,
  0x8210, 0x6108, 0x6108, 0x6108, 0x6108, 0x6108, 0x6108, 0x4108, 0x8210, 0x694A, 0xAA52, 0x2842, 0x2000, 0x2000, 0x2000, 0x2000,
  0x0000, 0x0000, 0x2000, 0x2000, 0x2108, 0x0000, 0x0000, 0x0000, 0x2000, 0x2000, 0x2000, 0x2000, 0x0000, 0x2000, 0x2000, 0x2000,
  0x2000, 0x2000, 0x2000, 0x2000, 0x2000, 0x2000, 0x2000, 0x2000, 0x2000, 0x2000, 0x2000, 0x2000, 0x2000, 0x2000, 0x2000, 0x2000,
  0x2000, 0x2000, 0x2000, 0x2000, 0x2000, 0x2000, 0x2000, 0x2000, 0x2000, 0x2000, 0x2000, 0x2000, 0x2000, 0x2000, 0x2000, 0x2000,
  0x2000, 0x2008, 0x2000, 0x0018, 0x22C8, 0x42F8, 0x42E0, 0x00B0, 0x00B0, 0x00B8, 0x0028, 0x0000, 0x2000, 0x2000, 0x2000, 0x2000,
  0x2000, 0x2000, 0x2000, 0x2000, 0x2000, 0x2000, 0x2000, 0x2000, 0x2000, 0x2000, 0x2000, 0x2000, 0x2000, 0x2000, 0x2000, 0x2000,
  0x2000, 0x2000, 0x2000, 0x2000, 0x2000, 0x2000, 0x2000, 0x2000, 0x2000, 0x2000, 0x2000, 0x2000, 0x2000, 0x2000, 0x2000, 0x2000,
  0x2000, 0x2000, 0x2000, 0x2000, 0x2000, 0x2000, 0x4000, 0x0048, 0x0088, 0x0088, 0x00A0, 0x00B0, 0x00C0, 0x00C8, 0x00D8, 0x00A8,
  0x2000, 0x2000, 0x0000, 0x4108, 0x8A52, 0x2000, 0x4108, 0x4108, 0x4108, 0x4108, 0x4108, 0x4108, 0x4000, 0x6108, 0x4108, 0x4108,
  0x4108, 0x4108, 0x4108, 0x4108, 0x6108, 0x4108, 0x4108, 0x6108, 0x4108, 0x4108, 0x6108, 0x4108, 0x4108, 0x4108, 0x4108, 0x4108,
  0x4108, 0x4108, 0x4108, 0x4108, 0x4108, 0x4108, 0x4108, 0x0000, 0x4108, 0x4108, 0x4108, 0x4108, 0x4108, 0x4108, 0x4108, 0x2008,
  0x2000, 0x4108, 0x2000, 0x4108, 0x2008, 0x4108, 0x2000, 0x4108, 0x2000, 0x2000, 0x2000, 0x2000, 0x2000, 0x2000, 0x2000, 0x2000,
  0x6108, 0x6108, 0x4118, 0x6110, 0x6110, 0x4128, 0x6110, 0x8110, 0x4130, 0x6120, 0x8100, 0x8108, 0x4130, 0x2130, 0x6108, 0x8200,
  0x8210, 0x4148, 0x6130, 0x8210, 0x8128, 0x4118, 0x0000, 0x0000, 0x0000, 0x0000, 0x0000, 0x0000, 0x2000, 0x2000, 0x4108, 0x4108,
  0x4108, 0x6108, 0x4108, 0x4108, 0x4108, 0x4108, 0x4108, 0x4108, 0x2008, 0x6108, 0x6108, 0x6108, 0x6108, 0x4108, 0x6108, 0x4108,
  0x4108, 0x4108, 0x4108, 0x4108, 0x4108, 0x4108, 0x4108, 0x6108, 0x6108, 0x6108, 0x4108, 0x4108, 0x4108, 0x4108, 0x4108, 0x4108,
  0x4108, 0x4108, 0x4108, 0x4108, 0x8210, 0x6108, 0x6108, 0x6108, 0x4108, 0x6108, 0x4108, 0x4108, 0x4108, 0x4108, 0x4108, 0x4108,
  0x4108, 0x6108, 0x8210, 0x6108, 0x6108, 0x4108, 0x8110, 0x6108, 0x4108, 0x4108, 0x4108, 0x4108, 0x4108, 0x4108, 0x4108, 0x8210,
  0x8210, 0x8108, 0x6110, 0x8210, 0x8210, 0x8210, 0x8210, 0x6108, 0x6108, 0x6108, 0x8210, 0x6108, 0x4108, 0x4108, 0x6108, 0x4108,
  0x4108, 0x4108, 0x6108, 0x8210, 0x6108, 0x6108, 0x6108, 0x4108, 0x8210, 0x4108, 0x6108, 0x6108, 0x6108, 0x6108, 0x6108, 0x4108,
  0x8210, 0x8210, 0x6108, 0x8210, 0x8210, 0x8210, 0x6108, 0x2000, 0x0321, 0x8A52, 0xAA52, 0x6529, 0x0000, 0x2000, 0x2000, 0x2000,
  0x0000, 0x0000, 0x0000, 0x0000, 0x0000, 0x0000, 0x0000, 0x0000, 0x2000, 0x2000, 0x2000, 0x2000, 0x2000, 0x2000, 0x2000, 0x2000,
  0x2000, 0x2000, 0x2000, 0x2000, 0x2000, 0x2000, 0x2000, 0x2000, 0x2000, 0x2000, 0x2000, 0x2000, 0x2000, 0x2000, 0x2000, 0x2000,
  0x2000, 0x2000, 0x2000, 0x2000, 0x2000, 0x2000, 0x2000, 0x2000, 0x2000, 0x2000, 0x2000, 0x2000, 0x2000, 0x2000, 0x2000, 0x2000,
  0x2008, 0x2000, 0x2010, 0x22C0, 0x42F0, 0x42E0, 0x00B8, 0x00A8, 0x00C8, 0x0040, 0x0000, 0x2000, 0x2000, 0x2000, 0x2000, 0x2000,
  0x2000, 0x2000, 0x2000, 0x2000, 0x2000, 0x2000, 0x2000, 0x2000, 0x2000, 0x2000, 0x2000, 0x2000, 0x2000, 0x2000, 0x2000, 0x2000,
  0x2000, 0x2000, 0x2000, 0x2000, 0x2000, 0x2000, 0x2000, 0x2000, 0x2000, 0x2000, 0x2000, 0x2000, 0x2000, 0x2000, 0x2000, 0x2000,
  0x2000, 0x2000, 0x2000, 0x2000, 0x2000, 0x2000, 0x2000, 0x0048, 0x0080, 0x0080, 0x0090, 0x00A8, 0x00C0, 0x00D0, 0x00E8, 0x00A0,
  0x2000, 0x4008, 0x0000, 0xA210, 0x8A52, 0x0000, 0x4108, 0x4108, 0x4108, 0x4108, 0x4108, 0x4108, 0x2000, 0x6108, 0x6108, 0x6108,
  0x6108, 0x4108, 0x6108, 0x2000, 0x6108, 0x6108, 0x6108, 0x6108, 0x6108, 0x6108, 0x4108, 0x4108, 0x8210, 0x6108, 0x4108, 0x4108,
  0x4108, 0x4108, 0x4108, 0x4108, 0x4108, 0x4108, 0x4108, 0x4108, 0x4108, 0x4108, 0x6108, 0x4108, 0x4108, 0x4108, 0x2008, 0x2008,
  0x2000, 0x2000, 0x4108, 0x4108, 0x4108, 0x4108, 0x4000, 0x4108, 0x2000, 0x2008, 0x2000, 0x2000, 0x2000, 0x2008, 0x2000, 0x2000,
  0x6110, 0x4110, 0x4108, 0x4110, 0x4120, 0x6108, 0x6118, 0x4130, 0x6110, 0x8100, 0x6110, 0x2138, 0x4120, 0x6100, 0x8100, 0x6120,
  0x4148, 0x6118, 0x8208, 0x4128, 0x2010, 0x0000, 0x0000, 0x0000, 0x0000, 0x2000, 0x0000, 0x2000, 0x2000, 0x2000, 0x2000, 0x2008,
  0x2000, 0x6108, 0x4108, 0x4108, 0x4108, 0x4108, 0x4108, 0x2008, 0x4108, 0x6108, 0x4008, 0x4108, 0x4108, 0x2000, 0x4108, 0x6108,
  0x4108, 0x4108, 0x4108, 0x4108, 0x4108, 0x2000, 0x8210, 0x4108, 0x4108, 0x4108, 0x4108, 0x2000, 0x8210, 0x4108, 0x4108, 0x4108,
  0x4108, 0x4108, 0x2000, 0x6108, 0x6108, 0x4108, 0x4108, 0x4108, 0x4008, 0x6108, 0x4108, 0x4108, 0x4108, 0x4108, 0x4108, 0x4108,
  0x4008, 0x8210, 0x4108, 0x4108, 0x4108, 0x4108, 0x4108, 0x8210, 0x4108, 0x4108, 0x4108, 0x4108, 0x4108, 0x2000, 0x6108, 0x8210,
  0x4108, 0x6108, 0x6108, 0x4108, 0x6108, 0x8210, 0x2000, 0x4108, 0x4108, 0x4008, 0x4108, 0x8210, 0x4108, 0x6108, 0x6108, 0x6108,
  0x4108, 0x2000, 0x8210, 0x6108, 0x4108, 0x4108, 0x4108, 0x2100, 0x8210, 0x6108, 0x6108, 0x6108, 0x6108, 0x6108, 0x6108, 0x4108,
  0xA210, 0x4108, 0x4108, 0x6108, 0x6108, 0x4108, 0x8210, 0x2000, 0xC739, 0xAA52, 0xAA52, 0xA210, 0x0000, 0x2000, 0x0000, 0x2000,
  0x0000, 0x4108, 0x8E73, 0x2C63, 0x2842, 0x2421, 0x8210, 0x0000, 0x0000, 0x0000, 0x0000, 0x2000, 0x2000, 0x2000, 0x2000, 0x2000,
  0x2000, 0x2000, 0x2000, 0x2000, 0x2000, 0x2000, 0x2000, 0x2000, 0x2000, 0x2000, 0x2000, 0x2000, 0x2000, 0x2000, 0x2000, 0x2000,
  0x2000, 0x2000, 0x2000, 0x2000, 0x2000, 0x2000, 0x2000, 0x2000, 0x2000, 0x2000, 0x2000, 0x2000, 0x2000, 0x2000, 0x2000, 0x2008,
  0x0000, 0x0010, 0x42B8, 0x42E8, 0x62D8, 0x20A0, 0x00A0, 0x00C8, 0x0058, 0x0000, 0x2000, 0x2000, 0x2000, 0x2000, 0x2000, 0x2000,
  0x2000, 0x2000, 0x2000, 0x2000, 0x2000, 0x2000, 0x2000, 0x2000, 0x2000, 0x2000, 0x2000, 0x2000, 0x2000, 0x2000, 0x2000, 0x2000,
  0x2000, 0x2000, 0x2000, 0x2000, 0x2000, 0x2000, 0x2000, 0x2000, 0x2000, 0x2000, 0x2000, 0x2000, 0x2000, 0x2000, 0x2000, 0x2000,
  0x2000, 0x2000, 0x2000, 0x2008, 0x0018, 0x0018, 0x0018, 0x0038, 0x0048, 0x0040, 0x0048, 0x0058, 0x0070, 0x0078, 0x0070, 0x0040,
  0x0000, 0x2000, 0x0000, 0x0421, 0x494A, 0x0000, 0x4108, 0x4108, 0x4108, 0x4108, 0x4108, 0x2008, 0x4108, 0x6108, 0x4108, 0x4108,
  0x4108, 0x4108, 0x4108, 0x4108, 0x8210, 0x4108, 0x4108, 0x4108, 0x4108, 0x2000, 0x6108, 0x4108, 0x6108, 0x4108, 0x4108, 0x4108,
  0x4108, 0x2000, 0x4108, 0x2008, 0x4108, 0x4108, 0x4108, 0x2000, 0x4108, 0x4108, 0x4108, 0x4108, 0x4108, 0x4108, 0x4008, 0x4108,
  0x2000, 0x2008, 0x2000, 0x4008, 0x4008, 0x2108, 0x2000, 0x4108, 0x4108, 0x4008, 0x2008, 0x2000, 0x2000, 0x2000, 0x2000, 0x2000,
  0x4110, 0x6108, 0x4118, 0x6110, 0x6108, 0x4128, 0x4120, 0x8108, 0x8100, 0x4120, 0x2138, 0x6110, 0x6100, 0x6108, 0x4138, 0x4140,
  0x6108, 0x6108, 0x2120, 0x0008, 0x0000, 0x0000, 0x0000, 0x0000, 0x2000, 0x2000, 0x2000, 0x2000, 0x2000, 0x4008, 0x4108, 0x4108,
  0x2008, 0x4108, 0x4108, 0x4108, 0x4108, 0x4108, 0x4108, 0x2000, 0x6108, 0x4108, 0x4108, 0x2000, 0x0000, 0x2000, 0x0000, 0x4108,
  0x0000, 0x0000, 0x0000, 0x2000, 0x0000, 0x2000, 0x4108, 0x0000, 0x2000, 0x2000, 0x2000, 0x2000, 0x2000, 0x2000, 0x0000, 0x2000,
  0x2000, 0x0000, 0x0000, 0x4108, 0x2000, 0x2000, 0x2000, 0x2000, 0x2000, 0x2000, 0x6108, 0x4108, 0x4108, 0x4108, 0x4108, 0x2000,
  0x6108, 0x6108, 0x4108, 0x4108, 0x4108, 0x4108, 0x2008, 0x4108, 0x2000, 0x2000, 0x2000, 0x2000, 0x2000, 0x0000, 0x6108, 0x4008,
  0x2100, 0x2000, 0x2000, 0x2000, 0x2000, 0x2000, 0x0000, 0x2000, 0x2000, 0x2000, 0x2000, 0x6108, 0x4108, 0x2000, 0x4000, 0x2000,
  0x0000, 0x2000, 0x6108, 0x2000, 0x2000, 0x4108, 0x4108, 0x4108, 0x4108, 0x4108, 0x2000, 0x4108, 0x4108, 0x4108, 0x0000, 0x6108,
  0x6108, 0x4108, 0x4108, 0x4108, 0x4108, 0x2000, 0x4108, 0x4108, 0x2842, 0xAA52, 0x2842, 0x2000, 0x2000, 0x0000, 0x0000, 0x2000,
  0x0000, 0x6531, 0x59CE, 0xD7BD, 0x96B5, 0x34A5, 0x7294, 0x6D73, 0x8A52, 0xC739, 0x6529, 0x4108, 0x0000, 0x0000, 0x0000, 0x0000,
  0x0000, 0x0000, 0x0000, 0x0000, 0x0000, 0x0000, 0x0000, 0x0000, 0x0000, 0x0000, 0x0000, 0x0000, 0x0000, 0x0000, 0x0000, 0x0000,
  0x0000, 0x0000, 0x0000, 0x0000, 0x0000, 0x0000, 0x0000, 0x0000, 0x0000, 0x0000, 0x0000, 0x0000, 0x0000, 0x0000, 0x0000, 0x0000,
  0x0020, 0x21C8, 0x22F8, 0x42E0, 0x00A8, 0x0098, 0x00C8, 0x0078, 0x0000, 0x0000, 0x0000, 0x0000, 0x0000, 0x0000, 0x0000, 0x0000,
  0x2000, 0x2000, 0x2000, 0x2000, 0x2000, 0x2000, 0x2000, 0x2000, 0x2000, 0x2000, 0x2000, 0x2000, 0x2000, 0x2000, 0x2000, 0x2000,
  0x2000, 0x2000, 0x2000, 0x2000, 0x2000, 0x2000, 0x2000, 0x2000, 0x2000, 0x2000, 0x2000, 0x2000, 0x2000, 0x2000, 0x2000, 0x2000,
  0x2000, 0x2000, 0x2000, 0x2008, 0x0028, 0x0028, 0x0028, 0x0028, 0x0028, 0x0028, 0x0028, 0x0030, 0x0038, 0x0030, 0x0000, 0x0000,
  0x0000, 0x0000, 0x0000, 0x6631, 0xC739, 0x0000, 0x6108, 0x4108, 0x4108, 0x4108, 0x4108, 0x2000, 0x6110, 0x4108, 0x4108, 0x4108,
  0x4108, 0x4108, 0x2000, 0x8210, 0x6108, 0x4108, 0x4108, 0x4108, 0x4108, 0x2000, 0x6108, 0x4108, 0x4108, 0x4108, 0x4108, 0x4108,
  0x2000, 0x4108, 0x6108, 0x4108, 0x4108, 0x4108, 0x4108, 0x2000, 0x4108, 0x4108, 0x4108, 0x4108, 0x4108, 0x4108, 0x4108, 0x2000,
  0x2000, 0x4108, 0x2108, 0x2008, 0x2000, 0x4008, 0x2000, 0x2000, 0x4108, 0x4108, 0x4108, 0x2000, 0x4108, 0x2000, 0x2000, 0x2000,
  0x6110, 0x4118, 0x6108, 0x6110, 0x4130, 0x6118, 0x6100, 0x6108, 0x4130, 0x4128, 0x6108, 0x8200, 0x6118, 0x2148, 0x6128, 0x8208,
  0x6128, 0x2018, 0x0000, 0x0000, 0x0000, 0x0000, 0x0000, 0x2000, 0x2000, 0x2000, 0x2000, 0x4108, 0x4008, 0x4108, 0x4108, 0x4108,
  0x4108, 0x4108, 0x6108, 0x4108, 0x4108, 0x4108, 0x4108, 0x4108, 0x6108, 0x2000, 0x0000, 0x8210, 0x0421, 0x4429, 0x4529, 0x6529,
  0x4529, 0x2421, 0x2421, 0x2429, 0x2421, 0x6529, 0x4529, 0x4529, 0x4529, 0x4529, 0x6529, 0x4529, 0x4529, 0x4529, 0x2421, 0x4529,
  0x2421, 0x0421, 0x2429, 0x4529, 0x4529, 0x4529, 0x2421, 0x2421, 0x2421, 0xC318, 0x6108, 0x6108, 0x4108, 0x4108, 0x4108, 0x4108,
  0x8210, 0x6108, 0x4108, 0x2000, 0x8210, 0x0421, 0x2421, 0x0421, 0x0421, 0x0421, 0x2421, 0x0421, 0x0421, 0x2421, 0x4529, 0x2421,
  0x2421, 0x2421, 0x2421, 0x2421, 0x2421, 0x2421, 0x0421, 0x0421, 0x0421, 0x0421, 0x0421, 0x2421, 0x2421, 0x0421, 0xE318, 0xE318,
  0xC318, 0x4529, 0x2421, 0x2421, 0x2421, 0x4529, 0x4529, 0x2421, 0x0421, 0x0421, 0xE320, 0x0421, 0x0421, 0x0421, 0x0421, 0x4529,
  0x2421, 0x2421, 0x2421, 0x2421, 0x0421, 0xC318, 0x2000, 0xC318, 0x494A, 0x694A, 0x6529, 0x0000, 0x2000, 0x0000, 0x2000, 0x0000,
  0x0000, 0xC739, 0xCF7B, 0x4D6B, 0x2C63, 0x0C63, 0xCB5A, 0xAA52, 0xAA52, 0x8A52, 0x8A52, 0x4529, 0xE318, 0x0421, 0x0421, 0xE318,
  0xE320, 0x0421, 0x0421, 0x0421, 0x0421, 0x0421, 0xE318, 0xE318, 0xE318, 0xE318, 0xE318, 0xE420, 0x0421, 0x0421, 0x0421, 0x0421,
  0x0421, 0x0421, 0x0421, 0x0421, 0x0421, 0x0421, 0x0421, 0x0421, 0x0421, 0x0421, 0xE318, 0xE318, 0xE318, 0xE320, 0xE320, 0xE318,
  0x0461, 0x2491, 0xE380, 0xC368, 0xC350, 0xC360, 0xC368, 0xE320, 0x0319, 0x0421, 0x2421, 0x2421, 0x0421, 0x0421, 0xE320, 0xC318,
  0x2000, 0x2000, 0x2000, 0x2000, 0x2000, 0x2000, 0x2000, 0x2000, 0x2000, 0x2000, 0x2000, 0x2000, 0x2000, 0x2000, 0x2000, 0x2000,
  0x2000, 0x2000, 0x2000, 0x2000, 0x2000, 0x2000, 0x2000, 0x2000, 0x2000, 0x2000, 0x2000, 0x2000, 0x2000, 0x2000, 0x2000, 0x2000,
  0x2000, 0x2000, 0x2000, 0x2008, 0x0018, 0x0018, 0x0018, 0x0018, 0x0018, 0x0020, 0x0028, 0x0028, 0x0028, 0x0020, 0x0000, 0x2000,
  0x2000, 0x2000, 0x0000, 0x0842, 0x4529, 0x0000, 0x4108, 0x4008, 0x4108, 0x4108, 0x4108, 0x4108, 0x6108, 0x4108, 0x4108, 0x4108,
  0x4108, 0x6108, 0x4108, 0x4108, 0x4108, 0x4108, 0x4108, 0x4108, 0x4108, 0x4108, 0x4108, 0x4108, 0x4108, 0x4108, 0x4108, 0x4108,
  0x2000, 0x6108, 0x4108, 0x4108, 0x4108, 0x4108, 0x4108, 0x4108, 0x4108, 0x4108, 0x2000, 0x2008, 0x4108, 0x4108, 0x4108, 0x2000,
  0x4108, 0x4108, 0x2008, 0x2000, 0x2008, 0x2000, 0x4008, 0x2000, 0x2000, 0x4108, 0x2108, 0x2000, 0x2000, 0x2000, 0x4008, 0x2000,
  0x6118, 0x6108, 0x4118, 0x4128, 0x6110, 0x8100, 0x6110, 0x4130, 0x4118, 0x6108, 0x8200, 0x6128, 0x2148, 0x6118, 0x8110, 0x4120,
  0x0010, 0x0000, 0x0000, 0x0000, 0x0000, 0x0000, 0x2000, 0x2000, 0x2000, 0x2000, 0x4108, 0x4108, 0x4108, 0x4108, 0x4108, 0x4108,
  0x4108, 0x4108, 0x4108, 0x6108, 0x6108, 0x6108, 0x6108, 0x8210, 0x2000, 0x6108, 0xA639, 0x2842, 0x8631, 0x4529, 0x6529, 0x6531,
  0x6531, 0x6529, 0x6529, 0x6529, 0x6529, 0x6529, 0x6529, 0x6529, 0x6529, 0x6529, 0x6529, 0x6529, 0x6529, 0x6529, 0x6529, 0x4529,
  0x4529, 0x4529, 0x6529, 0x6531, 0x6529, 0x4529, 0x4529, 0x4529, 0x6529, 0x0321, 0x8210, 0x8210, 0x8210, 0x6108, 0x6108, 0x6110,
  0x8210, 0x2008, 0x4108, 0x2421, 0xC739, 0x6529, 0x4529, 0x2421, 0x2429, 0x4529, 0x4529, 0x4529, 0x4529, 0x4529, 0x4529, 0x4429,
  0x4529, 0x4529, 0x4529, 0x4529, 0x4529, 0x4529, 0x4429, 0x2429, 0x2429, 0x2429, 0x2429, 0x2421, 0x2421, 0x0421, 0x0421, 0x4529,
  0x6529, 0x4529, 0x2421, 0x2421, 0x0421, 0x0421, 0x0421, 0x0321, 0x0321, 0x0421, 0x0421, 0xE420, 0xE318, 0xE318, 0x0321, 0xE320,
  0x0421, 0x0421, 0x2421, 0x2421, 0x2421, 0x0421, 0x4108, 0x0421, 0x294A, 0x2842, 0xA210, 0x0000, 0x2000, 0x2000, 0x0000, 0x0000,
  0x2421, 0x4529, 0x8210, 0x8210, 0x8210, 0x8210, 0x8210, 0x8210, 0xA218, 0xA210, 0x8210, 0xC318, 0xE318, 0xE320, 0x0421, 0x0421,
  0x0421, 0x0421, 0xE320, 0x0421, 0xE320, 0xE318, 0xE318, 0xE318, 0xE318, 0xE318, 0xE320, 0xE320, 0xE318, 0xE320, 0x0321, 0x0321,
  0x0421, 0x0321, 0xE320, 0xE320, 0xE320, 0x0321, 0x0421, 0x0421, 0x0321, 0x0321, 0xE320, 0xE318, 0xE320, 0xE320, 0xE318, 0xE318,
  0xE310, 0x0311, 0xE310, 0xC308, 0xC210, 0xC308, 0xC308, 0xC318, 0xE318, 0xE318, 0x2421, 0x4529, 0x2421, 0x0421, 0x0421, 0x8210,
  0x0000, 0x2000, 0x2000, 0x2000, 0x2000, 0x2000, 0x2000, 0x2000, 0x2000, 0x2000, 0x2000, 0x2000, 0x2000, 0x2000, 0x2000, 0x2000,
  0x2000, 0x2000, 0x2000, 0x2000, 0x2000, 0x2000, 0x2000, 0x2000, 0x2000, 0x2000, 0x2000, 0x2000, 0x2000, 0x2000, 0x2000, 0x2000,
  0x2000, 0x2000, 0x2000, 0x2000, 0x2000, 0x2000, 0x0008, 0x0040, 0x0048, 0x0058, 0x0068, 0x0068, 0x0060, 0x0058, 0x0070, 0x2008,
  0x2000, 0x4008, 0x0000, 0x494A, 0xA210, 0x0000, 0x4108, 0x6108, 0x6110, 0x8110, 0x6108, 0x6108, 0x4108, 0x4108, 0x4108, 0x4108,
  0x4108, 0x6108, 0x4108, 0x2000, 0x6108, 0x4108, 0x6108, 0x6108, 0x6108, 0x6108, 0x4108, 0x4108, 0x4108, 0x6108, 0x6108, 0x4108,
  0x6108, 0x4108, 0x4108, 0x4108, 0x4108, 0x4108, 0x4108, 0x4108, 0x4108, 0x4108, 0x4108, 0x4108, 0x4108, 0x4108, 0x4108, 0x4108,
  0x4108, 0x2000, 0x4108, 0x2008, 0x2000, 0x2000, 0x2108, 0x2000, 0x2000, 0x4108, 0x4108, 0x4108, 0x2008, 0x2000, 0x2000, 0x2000,
  0x6108, 0x4120, 0x4120, 0x8108, 0x8208, 0x4120, 0x4128, 0x6110, 0x8100, 0x8208, 0x4138, 0x4130, 0x8108, 0x8120, 0x4120, 0x0000,
  0x0000, 0x0000, 0x0000, 0x0000, 0x0000, 0x2000, 0x2008, 0x4108, 0x4108, 0x2000, 0x4108, 0x4108, 0x4108, 0x4108, 0x4108, 0x4108,
  0x4108, 0x2000, 0x6108, 0x4108, 0x4108, 0x4108, 0x2000, 0x0000, 0x2421, 0x2842, 0x8631, 0x0000, 0x0000, 0x0000, 0x0000, 0x0000,
  0x0000, 0x0000, 0x0000, 0x0000, 0x0000, 0x0000, 0x0000, 0x0000, 0x0000, 0x0000, 0x0000, 0x0000, 0x0000, 0x0000, 0x0000, 0x0000,
  0x0000, 0x0000, 0x0000, 0x0000, 0x0000, 0x0000, 0x0000, 0x0000, 0x0000, 0x2000, 0xA210, 0x4108, 0x2000, 0x4108, 0x4108, 0x2000,
  0x4108, 0xA210, 0xA631, 0x4421, 0x0000, 0x0000, 0x0000, 0x0000, 0x0000, 0x0000, 0x0000, 0x0000, 0x0000, 0x0000, 0x0000, 0x0000,
  0x0000, 0x0000, 0x0000, 0x0000, 0x0000, 0x0000, 0x0000, 0x0000, 0x0000, 0x0000, 0x0000, 0x0000, 0x0000, 0x0000, 0x0000, 0x0000,
  0x0000, 0x2100, 0x0000, 0x0000, 0x0000, 0x0000, 0x2000, 0x2000, 0x2000, 0x2100, 0x2000, 0x2000, 0x2000, 0x2000, 0x2000, 0x2000,
  0x2000, 0x2000, 0x4100, 0x2000, 0x0000, 0x4108, 0x8210, 0x0421, 0xC739, 0xC739, 0x4108, 0x0000, 0x2000, 0x0000, 0x4108, 0xA631,
  0x4529, 0x0000, 0x0000, 0x4100, 0x4100, 0x4100, 0x6108, 0x6108, 0x4108, 0x4100, 0x4100, 0x2000, 0x2000, 0x2000, 0x2000, 0x4100,
  0x6108, 0x0000, 0x6108, 0x0000, 0x0000, 0x2000, 0x2000, 0x2000, 0x4100, 0x4100, 0x4100, 0x4100, 0x2000, 0x2000, 0x2000, 0x2000,
  0x2000, 0x2000, 0x2000, 0x2000, 0x4100, 0x4100, 0x4100, 0x2000, 0x2000, 0x2000, 0x2000, 0x2000, 0x2000, 0x2000, 0x2000, 0x2000,
  0x2000, 0x4108, 0x4108, 0x4100, 0x4100, 0x4108, 0x4108, 0x2000, 0x0000, 0x4108, 0x0000, 0x0000, 0x0000, 0x8210, 0x6108, 0x0000,
  0x2000, 0x2000, 0x2000, 0x2000, 0x2000, 0x2000, 0x2000, 0x2000, 0x2000, 0x2000, 0x2000, 0x2000, 0x2000, 0x2000, 0x2000, 0x2000,
  0x2000, 0x2000, 0x2000, 0x2000, 0x2000, 0x2000, 0x2000, 0x2000, 0x2000, 0x2000, 0x2000, 0x2000, 0x2000, 0x2000, 0x2000, 0x2000,
  0x2000, 0x2000, 0x2000, 0x2000, 0x2000, 0x2000, 0x2020, 0x0070, 0x0070, 0x0090, 0x00A8, 0x00C0, 0x00C8, 0x00E0, 0x00B0, 0x0000,
  0x2000, 0x0000, 0x2000, 0x494A, 0x0000, 0x2000, 0x6108, 0x4108, 0x4108, 0x4108, 0x4108, 0x4108, 0x6108, 0x4108, 0x4108, 0x4108,
  0x4108, 0x6108, 0x4108, 0x4108, 0x6108, 0x4108, 0x4108, 0x4108, 0x4108, 0x4108, 0x4108, 0x6108, 0x4108, 0x6108, 0x6108, 0x4108,
  0x4108, 0x4108, 0x4108, 0x4108, 0x4108, 0x4108, 0x4108, 0x4108, 0x4108, 0x2000, 0x6108, 0x4108, 0x4108, 0x4108, 0x4108, 0x2000,
  0x4108, 0x4108, 0x4008, 0x2008, 0x2000, 0x2000, 0x2008, 0x2000, 0x4108, 0x2000, 0x4108, 0x4108, 0x4008, 0x2000, 0x2000, 0x2000,
  0x4120, 0x6118, 0x8108, 0x8108, 0x4128, 0x4128, 0x6108, 0x8100, 0x6110, 0x4140, 0x4120, 0x8108, 0x6128, 0x2018, 0x0000, 0x0000,
  0x0000, 0x0000, 0x0000, 0x2000, 0x2000, 0x2000, 0x2000, 0x4108, 0x4108, 0x2000, 0x4108, 0x4108, 0x4108, 0x4108, 0x4108, 0x4108,
  0x2008, 0x4108, 0x6108, 0x4108, 0x4108, 0x0000, 0x6108, 0xC739, 0xE739, 0x4008, 0x0000, 0x8A4A, 0xD7BD, 0xD7C5, 0xD6C5, 0xB6C5,
  0xB6C5, 0xD6C5, 0xD7C5, 0xD7C5, 0xD6C5, 0xB6C5, 0xB6C5, 0xD7C5, 0xF7C5, 0x17CE, 0x17CE, 0xF7CD, 0xF7CD, 0xB6C5, 0xB6C5, 0xB6C5,
  0xB6C5, 0xB6C5, 0xB6C5, 0xB6C5, 0xB6C5, 0xD6C5, 0xB6C5, 0xF7CD, 0x3084, 0x0000, 0x2000, 0x8210, 0x6108, 0x6108, 0x4108, 0x4108,
  0x4529, 0x8631, 0x4108, 0x0000, 0x4942, 0x55A5, 0x95BD, 0xB6C5, 0xD7C5, 0xD6C5, 0xB6BD, 0xB6BD, 0xB6C5, 0xB6C5, 0xB6C5, 0xD6C5,
  0xD6C5, 0xB6C5, 0xB6C5, 0xB6BD, 0xB6BD, 0xD6BD, 0xD7C5, 0xD7C5, 0xD7C5, 0xD6C5, 0xB6C5, 0xB6BD, 0xD6C5, 0xD7C5, 0xD7C5, 0x55A5,
  0x6110, 0x0000, 0x2000, 0x0000, 0xCF7B, 0x79D6, 0xD6CD, 0xF7CD, 0xD7CD, 0xD7CD, 0xD7CD, 0xD7CD, 0xD7CD, 0xF7CD, 0xF7CD, 0xF7CD,
  0xF7CD, 0xD7CD, 0xF7CD, 0x79D6, 0x6529, 0x0000, 0x6108, 0xA210, 0x4529, 0x2421, 0x0000, 0x2000, 0x0000, 0xA210, 0x2842, 0x4529,
  0x0000, 0xA731, 0x18C6, 0xB6CD, 0xD6CD, 0xD7CD, 0xF7CD, 0x17D6, 0x17D6, 0xF7CD, 0xD7CD, 0xD6CD, 0xD7CD, 0x17D6, 0x18D6, 0xF7D5,
  0xD7CD, 0x3CE7, 0x3084, 0x494A, 0x79D6, 0xD6CD, 0xF7CD, 0xF7CD, 0xF7D5, 0xF7D5, 0xF7D5, 0xD7D5, 0xD7CD, 0xD7CD, 0xD7CD, 0xF7D5,
  0xF7CD, 0xF7CD, 0xF7CD, 0xF7CD, 0x17CE, 0xF7CD, 0xF7CD, 0xD6CD, 0xD6CD, 0xD6CD, 0xD6CD, 0xD6CD, 0xD6CD, 0xD6CD, 0xB6CD, 0xD6CD,
  0xD7CD, 0xF7CD, 0xF7CD, 0xF7D5, 0xD7CD, 0xD7CD, 0xD6D5, 0x58DE, 0xDBD6, 0x484A, 0x0000, 0x0000, 0xA210, 0x8210, 0x0000, 0x2000,
  0x2000, 0x2000, 0x2000, 0x2000, 0x2000, 0x2000, 0x2000, 0x2000, 0x2000, 0x2000, 0x2000, 0x2000, 0x2000, 0x2000, 0x2000, 0x2000,
  0x2000, 0x2000, 0x2000, 0x2000, 0x2000, 0x2000, 0x2000, 0x2000, 0x2000, 0x2000, 0x2000, 0x2000, 0x2000, 0x2000, 0x2000, 0x2000,
  0x2000, 0x2000, 0x2000, 0x2000, 0x2000, 0x2000, 0x2030, 0x0068, 0x0070, 0x0088, 0x00A0, 0x00B0, 0x00C0, 0x00E0, 0x0080, 0x0000,
  0x0000, 0x0000, 0xA210, 0xE741, 0x0000, 0x6108, 0x6108, 0x4108, 0x4108, 0x4108, 0x4108, 0x2000, 0x6108, 0x4108, 0x4108, 0x4108,
  0x4108, 0x4108, 0x2000, 0x8210, 0x6108, 0x4108, 0x4108, 0x4108, 0x4108, 0x4108, 0x4108, 0x4108, 0x4108, 0x4108, 0x4108, 0x4108,
  0x2000, 0x4108, 0x4108, 0x4108, 0x4108, 0x4108, 0x4108, 0x4108, 0x2000, 0x4108, 0x4108, 0x4108, 0x4108, 0x4108, 0x4108, 0x2000,
  0x4000, 0x4108, 0x2008, 0x4000, 0x2008, 0x4108, 0x2000, 0x2000, 0x4108, 0x2000, 0x2000, 0x2100, 0x2008, 0x2000, 0x2000, 0x2000,
  0x6110, 0x8100, 0x6110, 0x4130, 0x4118, 0x6108, 0x8208, 0x6120, 0x2138, 0x6110, 0x8110, 0x4128, 0x2008, 0x0000, 0x0000, 0x0000,
  0x0000, 0x0000, 0x2000, 0x2000, 0x4108, 0x2000, 0x2000, 0x4108, 0x4108, 0x4108, 0x4108, 0x4108, 0x4108, 0x4108, 0x4108, 0x4108,
  0x2000, 0x6108, 0x4108, 0x2000, 0x2000, 0x4529, 0x494A, 0x4529, 0x0000, 0xE318, 0x75A5, 0x96ED, 0x08D2, 0x24D1, 0x45D1, 0x24D1,
  0x04C9, 0x04C9, 0x24C9, 0x24D1, 0x24D1, 0x24D1, 0x24D1, 0x24D1, 0x24D1, 0x25D1, 0x25D1, 0x25D1, 0x25C9, 0x24C9, 0x25D1, 0x45D1,
  0x45D1, 0x25C9, 0x25C9, 0x25C9, 0x25D1, 0x45D1, 0x65D1, 0x04C1, 0x76ED, 0xCB52, 0x0000, 0x6108, 0xC318, 0x6108, 0x0421, 0xE739,
  0x2421, 0x0000, 0x8208, 0x349D, 0x18EE, 0x8ADA, 0x45D1, 0x45C9, 0x45C9, 0x25C1, 0x25C9, 0x45C9, 0x45C9, 0x45C9, 0x25C9, 0x25C9,
  0x25C9, 0x25C9, 0x45C9, 0x45C9, 0x45C9, 0x45C9, 0x45C9, 0x45C9, 0x45C9, 0x45C9, 0x45C9, 0x45C9, 0x45C9, 0x45D1, 0x45C9, 0x10E4,
  0x75AD, 0x0000, 0x2000, 0x0000, 0x8629, 0x79F6, 0x05D1, 0xE4C8, 0x04C9, 0x04D1, 0x04D1, 0x04D1, 0x04D1, 0x04D1, 0x24D1, 0x24D1,
  0x24D1, 0x25D1, 0xE3D0, 0xCFF3, 0xD394, 0x0000, 0x4108, 0x8210, 0x0421, 0xC318, 0x0000, 0x0000, 0xA210, 0x0842, 0x0421, 0x0000,
  0x0C53, 0xBAEE, 0xE7C1, 0xC4C8, 0x04D1, 0x04C9, 0x04C9, 0x04C9, 0x04D1, 0x04D1, 0xE4C0, 0xE4C0, 0x04D1, 0x45D9, 0xC3D8, 0x04C9,
  0xB6ED, 0xF39C, 0x2000, 0x75AD, 0xABDA, 0xC3C8, 0x24D9, 0x04D9, 0x04D1, 0x04D1, 0x04D1, 0x04D1, 0x04D1, 0x04D1, 0x04D1, 0x04D1,
  0x04D1, 0x04D1, 0x24D1, 0x04C9, 0x04C9, 0x04C9, 0xE4C8, 0xE3C8, 0xE3D0, 0x04C9, 0x04C9, 0x04D1, 0x04D1, 0x04C9, 0x04C9, 0x04D1,
  0x04D1, 0x04D1, 0x04D1, 0x04D1, 0x04D1, 0xE4D0, 0x04C9, 0xD7E5, 0xEB52, 0x0000, 0x4108, 0xC318, 0x6108, 0x0000, 0x2000, 0x2000,
  0x2000, 0x2000, 0x2000, 0x2000, 0x2000, 0x2000, 0x2000, 0x2000, 0x2000, 0x2000, 0x2000, 0x2000, 0x2000, 0x2000, 0x2000, 0x2000,
  0x2000, 0x2000, 0x2000, 0x2000, 0x2000, 0x2000, 0x2000, 0x2000, 0x2000, 0x2000, 0x2000, 0x2000, 0x2000, 0x2000, 0x2000, 0x2000,
  0x2000, 0x2000, 0x2000, 0x2000, 0x2000, 0x2000, 0x0030, 0x0060, 0x0078, 0x0090, 0x00A8, 0x00B8, 0x00C0, 0x00D8, 0x0048, 0x0000,
  0x2008, 0x0000, 0x6531, 0x6529, 0x0000, 0x6108, 0x4108, 0x4108, 0x4108, 0x4108, 0x4108, 0x2008, 0x4108, 0x6108, 0x4108, 0x4108,
  0x4108, 0x2000, 0x4108, 0x8210, 0x4108, 0x4108, 0x4108, 0x4108, 0x4108, 0x4108, 0x6108, 0x4108, 0x4108, 0x4108, 0x4108, 0x4108,
  0x2000, 0x4108, 0x4108, 0x4108, 0x4108, 0x4108, 0x4108, 0x4108, 0x2000, 0x6108, 0x4108, 0x4108, 0x4108, 0x4108, 0x4108, 0x2108,
  0x2000, 0x4108, 0x4108, 0x4108, 0x4108, 0x4108, 0x2000, 0x4108, 0x2000, 0x4008, 0x2008, 0x2008, 0x2000, 0x2000, 0x2000, 0x2000,
  0x6108, 0x6118, 0x4120, 0x6110, 0x8100, 0x8108, 0x4138, 0x4130, 0x6100, 0x6118, 0x2020, 0x0000, 0x0000, 0x0000, 0x0000, 0x0000,
  0x2000, 0x2000, 0x2000, 0x2000, 0x4108, 0x2000, 0x4108, 0x4108, 0x4108, 0x4108, 0x4108, 0x6108, 0x4108, 0x4108, 0x6108, 0x6108,
  0x6108, 0x6108, 0x2000, 0x8210, 0xE739, 0xE739, 0x0000, 0x0000, 0x6E63, 0x9AE6, 0x4DE3, 0x41B8, 0x46D9, 0x87E1, 0x66E1, 0x87E1,
  0x66E1, 0x66E1, 0x66E1, 0x66E1, 0x66E1, 0x87E1, 0x87E1, 0x87E9, 0x86E1, 0x67E1, 0x87E1, 0x86E1, 0x87E1, 0x87E1, 0x66E1, 0x66E1,
  0x66E1, 0x66E1, 0x87E1, 0x87E1, 0x87E1, 0x87E1, 0x87E1, 0x42C8, 0xC3D0, 0x79DE, 0x0419, 0x0000, 0x4108, 0xC318, 0xA631, 0x4108,
  0x0000, 0x0C5B, 0x59D6, 0x8EE3, 0x21B8, 0x25D9, 0xA7E9, 0x66E1, 0x87E1, 0x67E1, 0x87E1, 0x87E1, 0x87E1, 0x87E1, 0x87E1, 0x87E1,
  0x87E1, 0x87E1, 0xA7E9, 0xA7E9, 0xA7E9, 0x87E1, 0x87E9, 0x87E1, 0x87E1, 0x87E1, 0xA7E1, 0xA7E1, 0x87E1, 0xA7E1, 0x04D1, 0x00B8,
  0xD3F4, 0x307C, 0x0000, 0x4008, 0x0000, 0xF38C, 0x0DE3, 0x00D0, 0x86E1, 0xC7E9, 0xA7E9, 0x87E1, 0x87E1, 0x87E1, 0x87E9, 0xA7E9,
  0x87E9, 0xC8E1, 0xE4D8, 0x62D0, 0x18E6, 0xE318, 0x0000, 0x8210, 0xC318, 0x8210, 0x0000, 0x2421, 0xE739, 0x6108, 0x0000, 0x517C,
  0x58F6, 0xC3B8, 0xC4C8, 0x29EA, 0xA7E1, 0xA7E1, 0x66E1, 0x46E1, 0x66E1, 0xA7E1, 0x87E9, 0xA7E9, 0x05D1, 0x00B8, 0x25B9, 0x75CD,
  0x2C5B, 0x0000, 0x083A, 0xD7ED, 0x01C0, 0xC8E9, 0x87E9, 0xC7E9, 0x87E9, 0x87E9, 0x87E9, 0x87E9, 0x87E9, 0x87E9, 0x87E9, 0x87E9,
  0x87E9, 0x87E9, 0x87E9, 0xA7E9, 0xA7E9, 0x87E1, 0x87E1, 0x87E1, 0x87E9, 0x87E9, 0x87E9, 0x87E1, 0x87E1, 0x87E1, 0x87E1, 0x87E1,
  0x87E1, 0x87E1, 0x67E1, 0xA7E1, 0xC7E1, 0x00D0, 0x8AD2, 0xEF6B, 0x0000, 0x4108, 0xC318, 0x6108, 0x0000, 0x0000, 0x2000, 0x2000,
  0x2000, 0x2000, 0x2000, 0x2000, 0x2000, 0x2000, 0x2000, 0x2000, 0x2000, 0x2000, 0x2000, 0x2000, 0x2000, 0x2000, 0x2000, 0x2000,
  0x2000, 0x2000, 0x2000, 0x2000, 0x2000, 0x2000, 0x2000, 0x2000, 0x2000, 0x2000, 0x2000, 0x2000, 0x2000, 0x2000, 0x2000, 0x2000,
  0x2000, 0x2000, 0x2000, 0x2000, 0x2000, 0x0000, 0x0038, 0x0060, 0x0070, 0x0088, 0x00A0, 0x00B0, 0x00C0, 0x00C0, 0x0010, 0x2000,
  0x4108, 0x0000, 0x0842, 0xA210, 0x0000, 0x2000, 0x4108, 0x4108, 0x4108, 0x4108, 0x4108, 0x4108, 0x2000, 0x6108, 0x6108, 0x6108,
  0x6108, 0x4108, 0x6108, 0x4108, 0x4108, 0x4108, 0x4108, 0x4108, 0x4108, 0x4108, 0x4108, 0x6108, 0x4108, 0x4108, 0x4108, 0x4108,
  0x2000, 0x4108, 0x6108, 0x4108, 0x4108, 0x4108, 0x4108, 0x2000, 0x4108, 0x6108, 0x4108, 0x4108, 0x4108, 0x4108, 0x4108, 0x4108,
  0x4108, 0x4108, 0x4108, 0x4108, 0x4108, 0x4108, 0x2000, 0x4108, 0x2000, 0x2008, 0x2000, 0x2000, 0x2000, 0x2008, 0x2000, 0x2000,
  0x4120, 0x4120, 0x6108, 0x8100, 0x6118, 0x4140, 0x4120, 0x8108, 0x4128, 0x2010, 0x0000, 0x0000, 0x0000, 0x0000, 0x2000, 0x0000,
  0x2000, 0x2000, 0x2000, 0x4108, 0x4008, 0x4108, 0x4108, 0x4108, 0x4108, 0x4108, 0x4108, 0x4108, 0x4108, 0x4108, 0x4108, 0x4108,
  0x4108, 0x4108, 0xE318, 0x494A, 0x0319, 0x0000, 0x2521, 0xB6AD, 0x54ED, 0xE3C8, 0xE4D8, 0x6AF2, 0x05E9, 0x62D8, 0x63D8, 0x63D8,
  0x62D8, 0x62D8, 0x63D8, 0x63D8, 0x63D8, 0x63D8, 0x63D8, 0x63D8, 0x63D8, 0x63D8, 0x63E0, 0x63E0, 0x63D8, 0x63D8, 0x63D8, 0x63D8,
  0x63D8, 0x63E0, 0x63D8, 0x63D8, 0x63D8, 0x63D8, 0x63D8, 0xA3E0, 0x00D8, 0xECF2, 0x96AD, 0x2000, 0x0000, 0x2000, 0x0000, 0x2521,
  0xD7B5, 0xB6F5, 0x24D1, 0x82D0, 0x09EA, 0x46E9, 0x63D8, 0x63D8, 0x63E0, 0x63E0, 0x63E0, 0x63D8, 0x63D8, 0x63D8, 0x63E0, 0x63E0,
  0x63E0, 0x63E0, 0x83E0, 0x63D8, 0x63D8, 0x63E0, 0x83E0, 0x83E0, 0x63D8, 0x63E0, 0x63E0, 0x63E0, 0x63D8, 0x63D8, 0x63D8, 0x83D8,
  0x42D0, 0x79F6, 0x4942, 0x0000, 0x0000, 0x8629, 0x59EE, 0x41D8, 0x62E0, 0x62E0, 0x42D8, 0x42D8, 0x43D8, 0x63D8, 0x63D8, 0x62D8,
  0x63D8, 0x63D8, 0xA3D8, 0x01C8, 0xF0EB, 0x0F74, 0x0000, 0x6108, 0x8108, 0x2000, 0x6529, 0xE739, 0x0000, 0x0000, 0x55A5, 0x96F5,
  0x21C0, 0x66D9, 0xE8F1, 0x63E0, 0x62E0, 0x63E0, 0x63D8, 0x63D8, 0x63D0, 0x42D8, 0x62E0, 0x83C8, 0x00B0, 0x49C2, 0xD7BD, 0x283A,
  0x0000, 0x0000, 0x75A5, 0xEBEA, 0x25E1, 0x66E9, 0x21E0, 0x42E0, 0x42D8, 0x42D8, 0x42D8, 0x42D8, 0x42D8, 0x42D8, 0x42E0, 0x42E0,
  0x42E0, 0x42D8, 0x42D8, 0x42D8, 0x42D8, 0x42D8, 0x42D8, 0x42D8, 0x42D8, 0x42D8, 0x42D8, 0x42D8, 0x42D8, 0x42D8, 0x42D8, 0x42D8,
  0x42D8, 0x42D8, 0x42D8, 0x42D8, 0x63D0, 0x41C8, 0xF3CC, 0x6521, 0x0000, 0xC318, 0x4108, 0x0000, 0x2000, 0x2000, 0x2000, 0x2000,
  0x2000, 0x2000, 0x2000, 0x2000, 0x2000, 0x2000, 0x2000, 0x0000, 0x0000, 0x0000, 0x0000, 0x0000, 0x0000, 0x0000, 0x0000, 0x0000,
  0x0000, 0x0000, 0x0000, 0x0000, 0x0000, 0x0000, 0x0000, 0x0000, 0x0000, 0x0000, 0x0000, 0x0000, 0x0000, 0x0000, 0x0000, 0x0000,
  0x2000, 0x2000, 0x2000, 0x0000, 0x0000, 0x0010, 0x0050, 0x0050, 0x0058, 0x0060, 0x0068, 0x0070, 0x00C8, 0x00A8, 0x2000, 0x2000,
  0x0000, 0x4108, 0x494A, 0x0000, 0x0000, 0x0000, 0x2000, 0x2000, 0x2000, 0x2000, 0x2000, 0x2000, 0x2000, 0x6108, 0x2000, 0x4108,
  0x4108, 0x4108, 0x4108, 0x4108, 0x0000, 0x2000, 0x4008, 0x2008, 0x2000, 0x0000, 0x2000, 0x2000, 0x2000, 0x2000, 0x2000, 0x2000,
  0x0000, 0x4008, 0x4108, 0x2000, 0x2000, 0x2000, 0x2000, 0x0000, 0x4108, 0x4108, 0x4108, 0x4108, 0x4108, 0x4108, 0x4008, 0x2008,
  0x4108, 0x4108, 0x4108, 0x4108, 0x4108, 0x4108, 0x2000, 0x2000, 0x2108, 0x2108, 0x2000, 0x2008, 0x2008, 0x2000, 0x2000, 0x2000,
  0x6118, 0x6108, 0x6100, 0x4120, 0x2138, 0x6110, 0x8108, 0x4128, 0x0008, 0x0000, 0x0000, 0x0000, 0x0000, 0x0000, 0x2000, 0x2000,
  0x4108, 0x4108, 0x4108, 0x4108, 0x4008, 0x4108, 0x4108, 0x4108, 0x4108, 0x4108, 0x4108, 0x4108, 0x4108, 0x4108, 0x4108, 0x4108,
  0x2000, 0x6108, 0xC739, 0x8210, 0x0000, 0x1074, 0x9AE6, 0x8ADA, 0x21C0, 0xC8E1, 0xC8E9, 0x63E0, 0x22D8, 0x63D8, 0x63D8, 0x63D8,
  0x63D8, 0x62D8, 0x42E0, 0x42E0, 0x42D8, 0x42D8, 0x42D8, 0x42D8, 0x62D8, 0x42E0, 0x62D8, 0x63D8, 0x63D8, 0x63D8, 0x63D8, 0x62E0,
  0x42E0, 0x43D8, 0x43D8, 0x43D8, 0x43D8, 0x43D8, 0x42E0, 0x42E0, 0xA3E0, 0x00C8, 0x14ED, 0xAA4A, 0x0000, 0x0000, 0xAF6B, 0x9AE6,
  0x0CDB, 0x00C0, 0x86E1, 0x09F2, 0x83E0, 0x21D8, 0x42E0, 0x42D8, 0x42D8, 0x42D8, 0x42D8, 0x42D8, 0x42D8, 0x42D8, 0x42D8, 0x42E0,
  0x42E0, 0x42E0, 0x42D8, 0x42D8, 0x42E0, 0x42E0, 0x42E0, 0x42E0, 0x42D8, 0x42D8, 0x42D8, 0x42D8, 0x42D8, 0x42D8, 0x42D8, 0x63D8,
  0x21D8, 0xA7D9, 0x18C6, 0x8208, 0x0000, 0x0000, 0x349D, 0xECE2, 0x00D8, 0x63D8, 0x63D8, 0x63D8, 0x63D8, 0x63D8, 0x63D8, 0x63D8,
  0x63D8, 0x63D8, 0x63D8, 0x63D0, 0x05D9, 0x18CE, 0x8208, 0x2000, 0x2000, 0x2421, 0x6529, 0x0000, 0xE318, 0x38BE, 0x10DC, 0x00B8,
  0x09F2, 0xC8F1, 0x22D8, 0x43D8, 0x63D8, 0x63D8, 0x63D8, 0x63D8, 0x63D8, 0x83D8, 0x83C8, 0x21C0, 0xAEDB, 0x75A5, 0xE318, 0x0000,
  0x2000, 0x6521, 0x18E6, 0x62D8, 0x49F2, 0x42E0, 0x42E0, 0x63D8, 0x63D8, 0x63D8, 0x63D8, 0x63E0, 0x62E0, 0x42E0, 0x43E0, 0x43D8,
  0x43E0, 0x42D8, 0x42D8, 0x42D8, 0x42D8, 0x42D8, 0x42D8, 0x42D8, 0x42D8, 0x62D8, 0x63D8, 0x63D8, 0x62D8, 0x62D8, 0x62D8, 0x62D8,
  0x62D8, 0x63D8, 0x63D8, 0x63D8, 0x22B0, 0x08CA, 0x928C, 0x0000, 0x6108, 0xC318, 0x0000, 0x0000, 0x2000, 0x2000, 0x2000, 0x2000,
  0x2000, 0x2000, 0x2000, 0x2000, 0x2000, 0x0000, 0x4108, 0x4529, 0x8531, 0x8531, 0x6529, 0x6529, 0x6529, 0x6529, 0x6529, 0x6529,
  0x4529, 0x4529, 0x4529, 0x4529, 0x6529, 0x6529, 0x6529, 0x4529, 0x4529, 0x4529, 0x4529, 0x4529, 0x4529, 0x4529, 0x0421, 0x6108,
  0x2000, 0x4008, 0x0000, 0x8210, 0x4529, 0x6529, 0x6539, 0x6531, 0x2431, 0x2431, 0x4539, 0x6539, 0x6551, 0x4541, 0x4521, 0x4529,
  0x2421, 0x2421, 0x6529, 0x0421, 0x2421, 0x4529, 0x4529, 0x2421, 0x2421, 0x2421, 0x6529, 0xC318, 0x8210, 0x6108, 0x4108, 0x4108,
  0x4108, 0x4108, 0x2000, 0x8210, 0xE318, 0x4529, 0x6529, 0x6529, 0x6529, 0x4529, 0x6529, 0x4529, 0x6529, 0x6529, 0x6529, 0x6529,
  0x4529, 0x6529, 0x6529, 0x4529, 0x4529, 0x4529, 0x4529, 0x2421, 0xA210, 0x2000, 0x4108, 0x4108, 0x4108, 0x4108, 0x4108, 0x4108,
  0x4108, 0x4108, 0x4108, 0x4108, 0x4108, 0x4108, 0x2000, 0x2000, 0x4108, 0x2000, 0x4108, 0x2000, 0x4008, 0x2000, 0x4108, 0x2000,
  0x6108, 0x6108, 0x4120, 0x2128, 0x6100, 0x6110, 0x2020, 0x0000, 0x0000, 0x0000, 0x0000, 0x0000, 0x0000, 0x0000, 0x2000, 0x2000,
  0x4008, 0x4108, 0x2000, 0x4008, 0x4108, 0x4108, 0x4108, 0x4108, 0x4108, 0x4108, 0x2000, 0x4108, 0x4108, 0x4108, 0x4108, 0x4108,
  0x0000, 0xE320, 0x2429, 0x0000, 0x718C, 0x96FD, 0xA2C8, 0x25D9, 0x4AF2, 0xE5E0, 0x22D8, 0x43D8, 0x63D8, 0x63D8, 0x63D8, 0x63D8,
  0x63D8, 0x63D8, 0x62D8, 0x62D8, 0x62D8, 0x62D8, 0x43D8, 0x62D8, 0x63D8, 0x62D8, 0x63D8, 0x63D8, 0x63D8, 0x63D8, 0x63D8, 0x63D8,
  0x63D8, 0x63D8, 0x63D8, 0x63D8, 0x63D8, 0x63D8, 0x63D8, 0x63D8, 0x83C8, 0x62B0, 0xF3C4, 0x2419, 0x2000, 0x55A5, 0x34F5, 0xA3C8,
  0xA4C8, 0xC8E9, 0xE5E0, 0x22D8, 0x42D8, 0x62E0, 0x42E0, 0x62E0, 0x42D8, 0x42D8, 0x42D8, 0x42D8, 0x42D8, 0x42D8, 0x42D8, 0x42D8,
  0x43D8, 0x42D8, 0x62E0, 0x62E0, 0x62E0, 0x62E0, 0x62D8, 0x62D8, 0x42D8, 0x42D8, 0x62D8, 0x62D8, 0x42D8, 0x42D8, 0x42D8, 0x42D8,
  0x83E0, 0x00D0, 0xD3E4, 0xEB52, 0x0000, 0x0000, 0xC731, 0x75D5, 0x00C8, 0x62D8, 0x63D8, 0x63D8, 0x63D8, 0x63D8, 0x63D8, 0x63D8,
  0x63D8, 0x63D8, 0x63D8, 0xA4D8, 0x00D8, 0xB3EC, 0x4D5B, 0x0000, 0x4108, 0xA210, 0x0000, 0xE731, 0xBADE, 0xEBDA, 0x00B8, 0xE9E9,
  0x46E9, 0x22E0, 0x63E0, 0x63D8, 0x63D8, 0x63D8, 0x63D8, 0x63E0, 0x83D0, 0x62B8, 0x62B8, 0xB2D4, 0xB284, 0x2100, 0x0000, 0x2000,
  0x0000, 0x9284, 0x4DE3, 0xE4D8, 0x86E9, 0x01D8, 0x62D8, 0x42D8, 0x42D8, 0x42D8, 0x42D8, 0x62D8, 0x42E0, 0x42D8, 0x42D8, 0x42D8,
  0x42D8, 0x42D8, 0x42D8, 0x42D8, 0x42D8, 0x42D8, 0x42D8, 0x42D8, 0x42D8, 0x62D8, 0x62D8, 0x62D8, 0x62D8, 0x62D8, 0x62D8, 0x62D8,
  0x62D8, 0x63D8, 0x63D8, 0xA3D0, 0x21B0, 0x51CC, 0xE731, 0x0000, 0xC318, 0x6108, 0x0000, 0x2000, 0x2000, 0x2000, 0x2000, 0x2000,
  0x2000, 0x2000, 0x2000, 0x2000, 0x2000, 0x0000, 0xE318, 0x0421, 0x8110, 0x2000, 0x2000, 0x2000, 0x4108, 0x4108, 0x2008, 0x2000,
  0x2000, 0x2000, 0x4000, 0x4108, 0x4108, 0x2000, 0x2000, 0x2000, 0x2000, 0x2000, 0x2000, 0x2000, 0x2000, 0x4108, 0xE318, 0x2421,
  0xE318, 0x4008, 0x4108, 0x0421, 0x8210, 0x4108, 0x2000, 0x2000, 0x0000, 0x2000, 0x4000, 0x4100, 0x2000, 0x2000, 0x2000, 0x2000,
  0x2000, 0x0000, 0x0000, 0x2000, 0x2000, 0x2000, 0x2000, 0x2000, 0x0000, 0x2000, 0x8210, 0xC318, 0xE318, 0x8210, 0x4108, 0x2108,
  0x0000, 0x2000, 0x2421, 0xE739, 0x6529, 0xA210, 0x2000, 0x2000, 0x2000, 0x2000, 0x2000, 0x2000, 0x2000, 0x2000, 0x2000, 0x2000,
  0x2000, 0x2000, 0x2000, 0x2000, 0x2000, 0x2000, 0x4108, 0xE318, 0x4529, 0xE320, 0x2000, 0x2000, 0x4108, 0x4108, 0x4108, 0x4108,
  0x4108, 0x4108, 0x4108, 0x4108, 0x4108, 0x4108, 0x4108, 0x2000, 0x2000, 0x4108, 0x4108, 0x4108, 0x2008, 0x2000, 0x2100, 0x2000,
  0x6110, 0x4128, 0x4118, 0x8100, 0x4118, 0x0010, 0x0000, 0x0000, 0x0000, 0x0000, 0x0000, 0x2000, 0x0000, 0x2000, 0x4108, 0x4108,
  0x4108, 0x4108, 0x4108, 0x4108, 0x4108, 0x4108, 0x4108, 0x4108, 0x4108, 0x4108, 0x4108, 0x4108, 0x4108, 0x4108, 0x4108, 0x4108,
  0x4108, 0x8631, 0x4008, 0x4521, 0x59EE, 0x00C0, 0xC8E9, 0xC7E9, 0x42E0, 0x22E0, 0x63D8, 0x63D8, 0x63D8, 0x63D8, 0x62E0, 0x62E0,
  0x62E0, 0x62E0, 0x42E0, 0x42E0, 0x42E0, 0x42E0, 0x42E0, 0x62E0, 0x63E0, 0x42E0, 0x42E0, 0x62E0, 0x62E0, 0x62E0, 0x63D8, 0x63D8,
  0x63D8, 0x63E0, 0x63E0, 0x63E0, 0x63E0, 0x63D8, 0x63D8, 0x63D8, 0x21C0, 0x8ACA, 0x9184, 0x0000, 0x7184, 0xF3FC, 0x00C8, 0x09EA,
  0xA7E9, 0x42D8, 0x22D8, 0x43D8, 0x42D8, 0x42D8, 0x42D8, 0x42E0, 0x62E0, 0x42E0, 0x42E0, 0x42D8, 0x42D8, 0x42D8, 0x42D8, 0x42D8,
  0x62D8, 0x62D8, 0x62E0, 0x62E0, 0x62E0, 0x62D8, 0x62D8, 0x42D8, 0x62D8, 0x62D8, 0x42D8, 0x42D8, 0x42D8, 0x62D8, 0x62D8, 0x62D8,
  0x83E0, 0x01D0, 0xAEEB, 0xEF6B, 0x0000, 0x2000, 0x0000, 0x349D, 0x08DA, 0x01D0, 0x83D8, 0x63D8, 0x63D8, 0x63D8, 0x63D8, 0x63D8,
  0x63D8, 0x63D8, 0x63D8, 0x83D8, 0x42D8, 0xA7D9, 0x75AD, 0x2000, 0x2000, 0x0000, 0x2C5B, 0x99EE, 0x86C9, 0x62D0, 0x09F2, 0xA3E0,
  0x02D8, 0x63E0, 0x63E0, 0x63D8, 0x63D8, 0x63D8, 0x63D8, 0xA3D0, 0x21C0, 0xE4C0, 0x13C5, 0x4C5B, 0x0000, 0x0000, 0x2000, 0x0000,
  0xE418, 0x18DE, 0x62C8, 0xC8F1, 0x62E0, 0x42E0, 0x42E0, 0x42E0, 0x42E0, 0x42E0, 0x42E0, 0x42E0, 0x42E0, 0x42E0, 0x42E0, 0x42E0,
  0x42E0, 0x42E0, 0x42E0, 0x42E0, 0x42D8, 0x42D8, 0x42D8, 0x42D8, 0x42D8, 0x62D8, 0x62D8, 0x62D8, 0x62D8, 0x62D8, 0x62D8, 0x63D8,
  0x63D8, 0x63D8, 0x63E0, 0x62C8, 0xA7D1, 0xD39C, 0x0000, 0x2000, 0xC318, 0x0000, 0x0000, 0x2000, 0x2000, 0x2000, 0x2000, 0x2000,
  0x2000, 0x2000, 0x2000, 0x2000, 0x0000, 0x2000, 0x4529, 0x2108, 0x6110, 0xC739, 0xA631, 0xA631, 0xA631, 0xC639, 0xA631, 0xA631,
  0xA631, 0x8631, 0x8631, 0x8631, 0xA631, 0xA631, 0xA631, 0xA631, 0xA631, 0xC739, 0xC739, 0xC739, 0xC739, 0x0421, 0x0000, 0x0000,
  0xC318, 0x6108, 0x8210, 0xE318, 0x0000, 0x2421, 0xA639, 0xA631, 0xA639, 0xC739, 0xC739, 0xC739, 0xC739, 0xC739, 0xA631, 0xA631,
  0xA631, 0xA739, 0xC739, 0xC639, 0xA631, 0xA631, 0xA631, 0xC739, 0xC739, 0xA639, 0xA210, 0x0000, 0x2008, 0xA210, 0x4108, 0x0000,
  0x8210, 0x6529, 0x4529, 0x0000, 0x0000, 0xA210, 0xA631, 0xA631, 0xA631, 0xC739, 0xC739, 0xA631, 0xA631, 0xC739, 0xC739, 0xC739,
  0xC639, 0xA631, 0xA731, 0xC739, 0xC739, 0xE739, 0x6529, 0x0000, 0x0000, 0xC318, 0x0421, 0x2000, 0x4108, 0x4108, 0x4008, 0x2000,
  0x4108, 0x4108, 0x4108, 0x4108, 0x4108, 0x4108, 0x4108, 0x2000, 0x4108, 0x4108, 0x4108, 0x4108, 0x2000, 0x2000, 0x2000, 0x2000,
  0x4120, 0x6110, 0x8108, 0x4118, 0x0010, 0x0000, 0x0000, 0x0000, 0x0000, 0x2000, 0x2000, 0x2000, 0x2000, 0x4108, 0x4000, 0x2108,
  0x2000, 0x2100, 0x4108, 0x4008, 0x4108, 0x4108, 0x4108, 0x4108, 0x4108, 0x2000, 0x4108, 0x4108, 0x4108, 0x4108, 0x4108, 0x2000,
  0xE318, 0x6529, 0x0000, 0xD38C, 0x8EE3, 0x83D0, 0x87E9, 0x01D8, 0x63D8, 0x63D8, 0x63D8, 0x63D8, 0x63D8, 0x62E0, 0x63E0, 0x63D8,
  0x63D0, 0x63D0, 0x63D0, 0x62D0, 0x62D0, 0x63D0, 0x63D8, 0x63D8, 0x63D8, 0x62D0, 0x62D8, 0x63D8, 0x63D8, 0x63D8, 0x63D8, 0x63D8,
  0x63D8, 0x63E0, 0x63E0, 0x63E0, 0x63E0, 0x63D8, 0x63E0, 0x83D0, 0x21C0, 0xF3D4, 0x8621, 0x8208, 0x38DE, 0x41C8, 0x08EA, 0x45E9,
  0x01D8, 0x42D8, 0x42D8, 0x42D8, 0x42D8, 0x62D8, 0x42E0, 0x42E0, 0x62E0, 0x62E0, 0x62E0, 0x62E0, 0x63E0, 0x63E0, 0x63E0, 0x63E0,
  0x63E0, 0x63E0, 0x63E0, 0x63E0, 0x63E0, 0x62E0, 0x62E0, 0x42D8, 0x42D8, 0x42D8, 0x42D8, 0x42D8, 0x62D8, 0x62D8, 0x62D8, 0x62E0,
  0x83E0, 0x21B8, 0xCFDB, 0x0B53, 0x0000, 0x2000, 0x0000, 0x693A, 0xD3DC, 0x00C8, 0x83D8, 0x63D8, 0x63D8, 0x63D8, 0x63D8, 0x63D8,
  0x63D8, 0x63D8, 0x63D8, 0x63D8, 0xA4D8, 0x01D0, 0xD3DC, 0x493A, 0x0000, 0x7284, 0xF7F5, 0x82C0, 0xE4D0, 0x09F2, 0x62E0, 0x22D8,
  0x63D8, 0x62D8, 0x63D8, 0x63D8, 0x63D8, 0x63D8, 0xA3C8, 0x00B8, 0x08CA, 0x75BD, 0x0832, 0x0000, 0x0000, 0x0000, 0x2008, 0x0000,
  0x9284, 0x8EEB, 0x00C8, 0xA3C0, 0x01C0, 0x21C8, 0x21C0, 0x22C0, 0x42C8, 0x22C8, 0x42C8, 0x22C8, 0x22C8, 0x42C8, 0x42C8, 0x42C8,
  0x42C0, 0x42C0, 0x42C8, 0x42D0, 0x62E0, 0x42D8, 0x43D8, 0x63D8, 0x62D8, 0x62D8, 0x62D8, 0x62D8, 0x62D8, 0x62D8, 0x62D8, 0x63D8,
  0x62D8, 0x62E0, 0xA3D0, 0x00B8, 0xEFD3, 0xAA42, 0x0000, 0xC318, 0xA210, 0x0000, 0x2000, 0x2000, 0x2000, 0x2000, 0x2000, 0x2000,
  0x2000, 0x2000, 0x2000, 0x2000, 0x0000, 0xA210, 0xC318, 0x0000, 0xD39C, 0xFFFF, 0xFFFF, 0xFFFF, 0xFFFF, 0xFFFF, 0xFFFF, 0xFFFF,
  0xFFFF, 0xFFFF, 0xFFFF, 0xFFFF, 0xFFFF, 0xFFFF, 0xFFFF, 0xFFFF, 0xFFFF, 0xFFFF, 0xFFFF, 0xFFFF, 0xFFFF, 0xBEF7, 0x75AD, 0xC318,
  0x0000, 0x0000, 0x6108, 0x2000, 0xA210, 0x3CE7, 0xFFFF, 0xFFFF, 0xFFFF, 0xFFFF, 0xFFFF, 0xFFFF, 0xFFFF, 0xFFFF, 0xFFFF, 0xFFFF,
  0xFFFF, 0xFFFF, 0xFFFF, 0xFFFF, 0xFFFF, 0xFFFF, 0xFFFF, 0xFFFF, 0xFFFF, 0xFFFF, 0x7DEF, 0xEF7B, 0x0000, 0x2000, 0x4108, 0xA210,
  0x8631, 0x8210, 0x0000, 0x4529, 0x14A5, 0x7DEF, 0xFFFF, 0xFFFF, 0xFFFF, 0xFFFF, 0xFFFF, 0xFFFF, 0xFFFF, 0xFFFF, 0xFFFF, 0xFFFF,
  0xFFFF, 0xFFFF, 0xFFFF, 0xFFFF, 0xFFFF, 0xFFFF, 0xFFFF, 0x38C6, 0xA631, 0x0000, 0xC318, 0xE318, 0x2000, 0x4108, 0x2008, 0x4108,
  0x4108, 0x4108, 0x4108, 0x4108, 0x4108, 0x4108, 0x2000, 0x2000, 0x4108, 0x4108, 0x4108, 0x4108, 0x2000, 0x2000, 0x2000, 0x2000,
  0x8108, 0x6110, 0x2018, 0x0000, 0x0000, 0x0000, 0x0000, 0x2000, 0x0000, 0x2000, 0x2000, 0x2000, 0x2000, 0x4108, 0x2000, 0x2008,
  0x4008, 0x4108, 0x4108, 0x4108, 0x2000, 0x4108, 0x6108, 0x6108, 0x6108, 0x6108, 0x4108, 0x2000, 0x4108, 0x4108, 0x4108, 0x2000,
  0x6529, 0x6108, 0xA210, 0x59DE, 0xA3C0, 0xC8E9, 0x63D8, 0x42D8, 0x43D8, 0x63D8, 0x63D8, 0x63D8, 0x62E0, 0x83D8, 0x42C0, 0x41B8,
  0x82B8, 0x82B8, 0x82B0, 0x82B0, 0x82B0, 0x62B0, 0x62B0, 0x82B0, 0x82B0, 0x82B0, 0x62B8, 0x62B0, 0x62A8, 0xA3B8, 0x83D8, 0x83E0,
  0x83E0, 0x63E0, 0x63E0, 0x83E0, 0x63E0, 0x83E0, 0x83E8, 0x62C8, 0xC7D1, 0xD39C, 0x0000, 0xAE6B, 0x10DC, 0x21C8, 0x66E9, 0x01D8,
  0x42D8, 0x42D8, 0x42D8, 0x42D8, 0x42D8, 0x42E0, 0x62D8, 0x42C8, 0x21B8, 0x21B8, 0x01B8, 0x01B8, 0x01B8, 0x01B8, 0x00B8, 0x00B8,
  0x01B8, 0x01B8, 0x01B8, 0x01B8, 0x21C0, 0x42C8, 0x42D8, 0x42D8, 0x42D8, 0x42D8, 0x42D8, 0x42D8, 0x42D8, 0x42D8, 0x62D8, 0x42E0,
  0x82D0, 0x62C0, 0xB2BC, 0x2419, 0x0000, 0x0000, 0x0000, 0x0000, 0x55A5, 0x86D9, 0x21D0, 0x62D8, 0x62D8, 0x63D8, 0x63D8, 0x63D8,
  0x63D8, 0x63D8, 0x63D8, 0x63D8, 0x83D8, 0x42D8, 0x29DA, 0x1495, 0xF494, 0xF3EC, 0x00B8, 0x87E1, 0xC8E9, 0x42D8, 0x42D8, 0x62D8,
  0x62D8, 0x62D8, 0x63D8, 0x63E0, 0x83E0, 0xA3C8, 0x00B8, 0x0CCB, 0x55A5, 0x2419, 0x0000, 0x2000, 0x0000, 0x2000, 0x0000, 0x0419,
  0x99E6, 0x86D1, 0x04B9, 0x25B1, 0x25B1, 0x24B9, 0x25B9, 0x25B9, 0x25B9, 0x25B9, 0x25B9, 0x25B9, 0x45B9, 0x45B9, 0x25B9, 0x25B9,
  0x45B9, 0xE4B0, 0x25B9, 0x65B1, 0x41B8, 0x42D8, 0x63D8, 0x42D8, 0x62D8, 0x62D8, 0x62D8, 0x62D8, 0x62D8, 0x62D8, 0x62D8, 0x62E0,
  0x62D8, 0x83C8, 0x00B8, 0x49D2, 0xD3A4, 0x4100, 0x2000, 0x2421, 0x2000, 0x0000, 0x2000, 0x2000, 0x2000, 0x2000, 0x2000, 0x2000,
  0x2000, 0x2000, 0x2000, 0x2000, 0x2000, 0xE318, 0x2000, 0x0421, 0x9EF7, 0xBEF7, 0x3CE7, 0x5DEF, 0x5DEF, 0x5DEF, 0x5DEF, 0x5DEF,
  0x5DEF, 0x3CEF, 0x3CE7, 0x3DEF, 0x3DEF, 0x3CEF, 0x3CE7, 0x3CE7, 0x3CE7, 0x3CE7, 0x3CE7, 0x1CE7, 0x1CE7, 0x5DEF, 0xFFFF, 0x79CE,
  0x6108, 0x0000, 0x2000, 0x0000, 0xAE73, 0xFFFF, 0x7DEF, 0x5DEF, 0x5DEF, 0x5DEF, 0x5DEF, 0x3DEF, 0x3DE7, 0x3CE7, 0x5DEF, 0x7DEF,
  0x5DEF, 0x3CEF, 0x3CE7, 0x3DEF, 0x5DEF, 0x5DEF, 0x5DEF, 0x3CE7, 0x3CE7, 0x3DE7, 0xDFFF, 0xFFFF, 0xCF7B, 0x0000, 0x0000, 0x6108,
  0x0000, 0x2000, 0x3084, 0xBEF7, 0xFFFF, 0xBEF7, 0x5DEF, 0x5DEF, 0x3CE7, 0x3CE7, 0x3CE7, 0x3CE7, 0x3CE7, 0x3CE7, 0x3CE7, 0x3CE7,
  0x3CE7, 0x3CE7, 0x5DEF, 0x5DEF, 0x5DEF, 0x3CE7, 0x3CE7, 0xDFFF, 0x7DEF, 0xA631, 0x0000, 0x0421, 0x6108, 0x4108, 0x4108, 0x4008,
  0x2000, 0x4108, 0x2000, 0x4008, 0x4000, 0x4108, 0x2000, 0x4108, 0x4108, 0x4108, 0x4108, 0x2000, 0x2000, 0x2000, 0x2000, 0x2000,
  0x4110, 0x0010, 0x0000, 0x0000, 0x0000, 0x0000, 0x0000, 0x2000, 0x2000, 0x2000, 0x4108, 0x4108, 0x4108, 0x4008, 0x4008, 0x4008,
  0x4108, 0x4108, 0x4108, 0x2108, 0x2000, 0x4108, 0x4108, 0x4108, 0x4108, 0x2000, 0x4108, 0x4108, 0x4108, 0x4108, 0x2000, 0x8210,
  0x6529, 0x0000, 0xEF73, 0x30E4, 0x62C8, 0x87E9, 0x01D8, 0x63D8, 0x63D8, 0x63D8, 0x63D8, 0x63D8, 0x83E0, 0x41C0, 0x86B9, 0x51B4,
  0x51B4, 0x50B4, 0x51B4, 0x71B4, 0x71BC, 0x91BC, 0x92BC, 0x92BC, 0x92BC, 0x92BC, 0x71B4, 0x51AC, 0xCFC3, 0x00D0, 0x00C0, 0x01B8,
  0x01B8, 0x00B8, 0x01B8, 0x01B8, 0x01C0, 0x01C0, 0x21B8, 0x00C8, 0x71D4, 0x2832, 0x0000, 0xF7C5, 0x04C1, 0x25E1, 0x83E0, 0x22D8,
  0x42D8, 0x42D8, 0x42D8, 0x42D8, 0x42D8, 0x62D8, 0x62B8, 0x25B9, 0x29C2, 0x28BA, 0x28BA, 0x29BA, 0x69C2, 0x69C2, 0x49C2, 0x49C2,
  0x49BA, 0x49BA, 0x29BA, 0x29C2, 0x29C2, 0xC3B8, 0x42C0, 0x42D8, 0x42D8, 0x42D8, 0x42D8, 0x42D8, 0x42D8, 0x42D8, 0x42D8, 0x42D8,
  0x21B8, 0x08CA, 0x9184, 0x0000, 0x2000, 0x2000, 0x2000, 0x0000, 0xEB4A, 0xB2DC, 0x00D0, 0x62D8, 0x62D8, 0x42D8, 0x62D8, 0x62D8,
  0x63D8, 0x63D8, 0x63D8, 0x63D8, 0x63D8, 0xC4E0, 0x41D0, 0xD3CC, 0x4DD3, 0x00B8, 0xE8E9, 0x87E9, 0x21E0, 0x42D8, 0x42D8, 0x42D8,
  0x62D8, 0x62D8, 0x62E0, 0x83D8, 0x82C0, 0x61C0, 0x10CC, 0x7184, 0x6108, 0x0000, 0x4008, 0x0000, 0x8110, 0xE318, 0x0000, 0xCB5A,
  0xD7C5, 0xF3A4, 0x13A5, 0xD3A4, 0xB29C, 0xB29C, 0xB29C, 0xB29C, 0xB2A4, 0xB29C, 0xB29C, 0xB29C, 0xD3A4, 0xF3A4, 0xF3A4, 0xB29C,
  0x5194, 0xDBDE, 0x99EE, 0xA7C9, 0xA3D0, 0x25E1, 0x42D8, 0x62D8, 0x42D8, 0x62D8, 0x63D8, 0x63D8, 0x63D8, 0x63D8, 0x62E0, 0x83D0,
  0x42C0, 0x21B8, 0x8ECB, 0xD294, 0xE318, 0x0000, 0xA210, 0xC318, 0x0000, 0x2000, 0x2000, 0x2000, 0x2000, 0x2000, 0x2000, 0x2000,
  0x2000, 0x2000, 0x2000, 0x0000, 0x8210, 0xE318, 0x0000, 0x718C, 0xFFFF, 0x1CE7, 0x7AD6, 0xBAD6, 0xBAD6, 0xBAD6, 0xBAD6, 0x9AD6,
  0xBAD6, 0xBAD6, 0xBAD6, 0xBAD6, 0xBAD6, 0xBADE, 0xBAD6, 0xBAD6, 0x9AD6, 0x9AD6, 0x9AD6, 0x9AD6, 0x9AD6, 0x9AD6, 0xDBDE, 0xFFFF,
  0xAE73, 0x0000, 0x0000, 0x4108, 0xDBDE, 0xFFFF, 0xDBDE, 0xBAD6, 0xBAD6, 0xBAD6, 0xBAD6, 0xBAD6, 0xBAD6, 0xBAD6, 0xBAD6, 0xBAD6,
  0xBAD6, 0xBAD6, 0xBAD6, 0x9AD6, 0x9AD6, 0x9AD6, 0x9AD6, 0x9AD6, 0x9AD6, 0xBAD6, 0x9AD6, 0x5DEF, 0xDFFF, 0x4529, 0x0000, 0x0000,
  0xA631, 0x79CE, 0xFFFF, 0xDFFF, 0x1CE7, 0xBAD6, 0x9AD6, 0x9AD6, 0x9AD6, 0xBAD6, 0x9AD6, 0x9AD6, 0x9AD6, 0xBAD6, 0xBAD6, 0x9AD6,
  0xBAD6, 0xBAD6, 0xBAD6, 0xBAD6, 0xBAD6, 0x9AD6, 0x9AD6, 0x9AD6, 0xFFFF, 0x18C6, 0x0000, 0x6108, 0x8210, 0x2000, 0x4108, 0x4108,
  0x2000, 0x4108, 0x4108, 0x4108, 0x4108, 0x4108, 0x2000, 0x4108, 0x2000, 0x4108, 0x2008, 0x2000, 0x2000, 0x2000, 0x2000, 0x2000,
  0x0008, 0x0000, 0x0000, 0x0000, 0x0000, 0x2000, 0x0000, 0x2000, 0x2000, 0x2000, 0x4008, 0x4108, 0x2000, 0x4108, 0x4108, 0x4108,
  0x4108, 0x4108, 0x4108, 0x2000, 0x4108, 0x4108, 0x4108, 0x4108, 0x4108, 0x2000, 0x4108, 0x4108, 0x4108, 0x4108, 0x2000, 0x2421,
  0x8210, 0x4108, 0x38CE, 0x05C9, 0xA7E1, 0x83D8, 0x42D8, 0x63D8, 0x63D8, 0x63D8, 0x63D8, 0x62E0, 0x82C8, 0x41B8, 0x92B4, 0xC721,
  0xC310, 0xE310, 0xE310, 0xE310, 0xE310, 0xE310, 0xE310, 0xE310, 0xE310, 0x0419, 0xC310, 0xEB4A, 0xB6E5, 0xAAD2, 0xEBCA, 0x0CCB,
  0x0CCB, 0xECC2, 0xEBC2, 0xEBC2, 0xECCA, 0xECC2, 0xABC2, 0x6DDB, 0x34A5, 0x0000, 0xAA4A, 0x14DD, 0x01C0, 0x67E9, 0x22D8, 0x42D8,
  0x42D8, 0x42D8, 0x42D8, 0x42D8, 0x42E0, 0x62C8, 0xC3B8, 0xF4AC, 0x1074, 0xCF73, 0xCF73, 0xF07B, 0x1074, 0xEF73, 0xEF73, 0xEF73,
  0xEF73, 0xEF73, 0xCF73, 0xAE6B, 0x348D, 0x31CC, 0x00C8, 0x83E0, 0x41D8, 0x42D8, 0x42D8, 0x42D8, 0x42D8, 0x42D8, 0x42D8, 0x62D0,
  0x00A8, 0x71C4, 0xE731, 0x0000, 0xA210, 0x6208, 0x6108, 0x2000, 0x4108, 0xB7B5, 0x25D9, 0x01D0, 0x62D8, 0x42D8, 0x62D8, 0x62D8,
  0x63D8, 0x62D8, 0x63D8, 0x63D8, 0x63D8, 0x83D8, 0xC4D0, 0x41A8, 0x22C8, 0xE8F1, 0x05E9, 0x21E0, 0x62E0, 0x62D8, 0x62D8, 0x42D8,
  0x42D8, 0x42E0, 0x83D0, 0x41B8, 0xE3B8, 0xF3CC, 0x8E63, 0x0000, 0x0000, 0x4108, 0x4108, 0x2000, 0x8631, 0x6108, 0x0000, 0x2000,
  0x0000, 0x0000, 0x0000, 0x0000, 0x0000, 0x0000, 0x0000, 0x0000, 0x0000, 0x0000, 0x0000, 0x0000, 0x0000, 0x2000, 0x0000, 0x4100,
  0x1495, 0xF7ED, 0xE4C8, 0xE4E0, 0x29F2, 0xA3E0, 0x42D8, 0x62D8, 0x62D8, 0x63D8, 0x63D8, 0x63D8, 0x63D8, 0x63D8, 0xA3C8, 0x21B0,
  0x25C1, 0x92BC, 0x6D5B, 0x0000, 0x0000, 0x2000, 0xE318, 0x4108, 0x0000, 0x2000, 0x2000, 0x2000, 0x2000, 0x2000, 0x2000, 0x2000,
  0x2000, 0x2000, 0x2000, 0x0000, 0x0421, 0x4108, 0xC318, 0x5DEF, 0xFFFF, 0xDBDE, 0xDBDE, 0xBADE, 0xBAD6, 0xBADE, 0xDBDE, 0xDBDE,
  0xFBDE, 0xFBDE, 0xFBDE, 0xFBDE, 0xFBDE, 0xFBDE, 0xFBDE, 0xDBDE, 0xBAD6, 0xBAD6, 0xBAD6, 0x9AD6, 0x9AD6, 0x9AD6, 0x79CE, 0x7DEF,
  0x9294, 0x0000, 0x0000, 0xCB5A, 0xFFFF, 0x5DEF, 0xBAD6, 0xDBDE, 0xBAD6, 0xBADE, 0xDBDE, 0xDBDE, 0xFBDE, 0xFBDE, 0xFBDE, 0xFBDE,
  0xFBDE, 0xFBDE, 0xFBDE, 0xDBDE, 0xBADE, 0xBAD6, 0xBAD6, 0xBAD6, 0xBAD6, 0xBAD6, 0x9AD6, 0x9AD6, 0x7DEF, 0xAA52, 0x0000, 0x694A,
  0xBFF7, 0xFFFF, 0xFBDE, 0x9AD6, 0xBAD6, 0xBBDE, 0xBADE, 0xDBDE, 0xDBDE, 0xDBDE, 0xDBDE, 0xDBDE, 0xDBDE, 0xDBDE, 0xDBDE, 0xDBDE,
  0xDBDE, 0xBBDE, 0xDBDE, 0xDBDE, 0xBADE, 0xBADE, 0xDBDE, 0xDBDE, 0x3CE7, 0x38CE, 0x6108, 0x0000, 0xA210, 0x2000, 0x4108, 0x4108,
  0x2000, 0x4108, 0x4108, 0x4108, 0x4108, 0x4108, 0x2000, 0x4008, 0x2000, 0x2008, 0x2000, 0x4008, 0x2000, 0x2000, 0x2000, 0x2000,
  0x0000, 0x0000, 0x0000, 0x0000, 0x2000, 0x2000, 0x2000, 0x2008, 0x2000, 0x2000, 0x4108, 0x4108, 0x2000, 0x4108, 0x4108, 0x4108,
  0x4108, 0x4108, 0x2008, 0x4108, 0x4108, 0x4108, 0x4108, 0x4108, 0x4108, 0x4108, 0x2008, 0x6108, 0x4108, 0x2108, 0x6110, 0x4529,
  0x0000, 0x0C53, 0xD3E4, 0x22C8, 0xA7E9, 0x01D8, 0x63D8, 0x63D8, 0x63D8, 0x63D8, 0x62E0, 0x63D8, 0x01B8, 0x28C2, 0xCF73, 0x0000,
  0x0000, 0x0000, 0x0000, 0x0000, 0x0000, 0x0000, 0x0000, 0x0000, 0x0000, 0x0000, 0x0000, 0xA631, 0x6D6B, 0x8E63, 0xAE6B, 0xCF6B,
  0xCF6B, 0xAE6B, 0x8E63, 0x8E63, 0x8E63, 0xAE6B, 0x8E63, 0xCF6B, 0x8631, 0x0000, 0xD7B5, 0xE8D1, 0xE4E0, 0xC4E0, 0x21D8, 0x42D8,
  0x42D8, 0x42D8, 0x42D8, 0x41E0, 0x62D8, 0x21B8, 0x2CD3, 0x8E63, 0x0000, 0x0000, 0x0000, 0x0000, 0x0000, 0x0000, 0x0000, 0x0000,
  0x0000, 0x0000, 0x0000, 0x0000, 0x1074, 0x8AD2, 0xA4E0, 0xE4E0, 0x21D8, 0x42D8, 0x42D8, 0x42D8, 0x42D8, 0x42D8, 0x42D8, 0x21C0,
  0x86C1, 0xD394, 0x0000, 0x2008, 0x0421, 0x2000, 0xA210, 0xE318, 0x0000, 0x4D5B, 0xF0D3, 0x00C8, 0x62D8, 0x42D8, 0x62D8, 0x62D8,
  0x63D8, 0x62D8, 0x63D8, 0x63D8, 0x63D8, 0x62D8, 0xC4D8, 0xA4C8, 0x87E9, 0xA3E8, 0x21E0, 0x62E0, 0x42D8, 0x42D8, 0x42D8, 0x62D8,
  0x42D8, 0x83C8, 0x21B0, 0xA7C9, 0x34BD, 0x493A, 0x0000, 0x0000, 0x2000, 0x6108, 0x0000, 0xE318, 0x2421, 0x0000, 0x0000, 0x0000,
  0x0000, 0x0000, 0x0000, 0x0000, 0x0000, 0x0000, 0x0000, 0x0000, 0x0000, 0x0000, 0x0000, 0x0000, 0x0000, 0x0000, 0x8629, 0x79CE,
  0x71F4, 0x21C8, 0x26E1, 0xC8E9, 0x62E0, 0x22D8, 0x42D8, 0x42D8, 0x42D8, 0x62D8, 0x62D8, 0x62D8, 0x83D8, 0x83C0, 0x21B8, 0xCBCA,
  0x34AD, 0xE731, 0x0000, 0x0000, 0x2000, 0x6108, 0x4108, 0x0000, 0x0000, 0x2000, 0x2000, 0x2000, 0x2000, 0x2000, 0x2000, 0x0000,
  0x0000, 0x2000, 0x0000, 0x6108, 0x0321, 0x0000, 0x6D6B, 0xFFFF, 0x3CE7, 0x9AD6, 0xBAD6, 0xBAD6, 0xDBDE, 0xBAD6, 0x59CE, 0x18C6,
  0x59CE, 0x59CE, 0x59CE, 0x59CE, 0x38C6, 0x38C6, 0x38C6, 0x79CE, 0xBBDE, 0x9AD6, 0x9AD6, 0x9AD6, 0x9AD6, 0x9AD6, 0x59CE, 0x96B5,
  0xEB5A, 0x0000, 0x2008, 0xB6B5, 0xDFFF, 0x9AD6, 0x9AD6, 0x9AD6, 0xBAD6, 0xBAD6, 0x9AD6, 0x59CE, 0x38C6, 0x59CE, 0x79CE, 0x7ACE,
  0x79CE, 0x59CE, 0x38C6, 0x38CE, 0x9AD6, 0xDBDE, 0xBAD6, 0xBAD6, 0xBAD6, 0xBAD6, 0xDBDE, 0xF7BD, 0x14A5, 0x6529, 0x4108, 0xFBDE,
  0xFFFF, 0xBAD6, 0x79CE, 0x9AD6, 0x9AD6, 0xBADE, 0x9AD6, 0x59CE, 0x38C6, 0x59CE, 0x79CE, 0x79CE, 0x79CE, 0x79CE, 0x59CE, 0x39CE,
  0x79CE, 0xDBDE, 0xBADE, 0xBAD6, 0xBAD6, 0xBAD6, 0xBAD6, 0xFBDE, 0x75AD, 0x308C, 0x2008, 0x4108, 0xE318, 0x0000, 0x4108, 0x4108,
  0x4108, 0x6108, 0x4008, 0x4108, 0x4108, 0x4108, 0x2000, 0x4000, 0x2000, 0x2000, 0x2008, 0x2000, 0x2000, 0x2000, 0x2000, 0x2000,
  0x0000, 0x0000, 0x0000, 0x2000, 0x2000, 0x2000, 0x2000, 0x2000, 0x2008, 0x2008, 0x4008, 0x4108, 0x4108, 0x2000, 0x4108, 0x4108,
  0x4108, 0x4108, 0x2000, 0x4108, 0x4108, 0x4108, 0x4108, 0x4108, 0x4108, 0x4108, 0x4108, 0x4108, 0x6108, 0x2000, 0x0421, 0xC218,
  0x0000, 0x96B5, 0xA7D1, 0x26E1, 0xC4E0, 0x22D8, 0x63D8, 0x63D8, 0x63D8, 0x63D8, 0x62E0, 0x83D8, 0x01C0, 0xAEAB, 0xE310, 0x0000,
  0x0000, 0x0000, 0x0000, 0x0000, 0x0000, 0x0000, 0x0000, 0x0000, 0x0000, 0x0000, 0x0000, 0x0000, 0x0000, 0x0000, 0x0000, 0x0000,
  0x0000, 0x0000, 0x0000, 0x0000, 0x0000, 0x0000, 0x0000, 0x0000, 0x0000, 0xA629, 0x75DD, 0x21C0, 0xA7E9, 0x01D8, 0x42D8, 0x42D8,
  0x42D8, 0x42D8, 0x42D8, 0x21E0, 0x62C8, 0x82B8, 0xF4BC, 0x0419, 0x0000, 0x2000, 0x2000, 0x0000, 0x0000, 0x0000, 0x0000, 0x0000,
  0x0000, 0x0000, 0x2000, 0x0419, 0xB6CD, 0x41C8, 0x67E9, 0x42D8, 0x21D8, 0x42D8, 0x42D8, 0x42D8, 0x42D8, 0x22D8, 0x62D0, 0x00B0,
  0x31D4, 0x8942, 0x0000, 0xA210, 0xC318, 0x0000, 0x4108, 0x2421, 0x0000, 0x6108, 0x55B5, 0xC3D0, 0x21D8, 0x62D8, 0x62D8, 0x62D8,
  0x62D8, 0x63D8, 0x63D8, 0x63D8, 0x63D8, 0x42D8, 0xA4E0, 0xE5D0, 0x21C8, 0x22E0, 0x42D8, 0x42D8, 0x42D8, 0x42D8, 0x42D8, 0x62E0,
  0x83C8, 0x00B0, 0x8AC2, 0x14A5, 0x4521, 0x0000, 0x0000, 0x2000, 0x6108, 0x0000, 0x2000, 0xA210, 0x4108, 0x4108, 0x2000, 0x2000,
  0x2000, 0x2000, 0x2000, 0x2000, 0x2000, 0x4100, 0x2000, 0x0000, 0x2000, 0x6108, 0x4108, 0x0000, 0x0000, 0x4D5B, 0x79EE, 0x28D2,
  0x00C8, 0xA7F1, 0x25E9, 0x21D8, 0x42D8, 0x42D8, 0x42D8, 0x42D8, 0x42D8, 0x62D8, 0x62D8, 0x83C8, 0x41B8, 0xC3B8, 0x10CC, 0x517C,
  0xA210, 0x0000, 0x0000, 0x0000, 0x4108, 0x2000, 0x0000, 0x2000, 0x2000, 0x2000, 0x2000, 0x2000, 0x2000, 0x2000, 0x2000, 0x2000,
  0x2000, 0x2000, 0x2000, 0xC318, 0x4108, 0x4108, 0x38C6, 0xDFFF, 0x9AD6, 0x9AD6, 0xBAD6, 0x9AD6, 0x75AD, 0x34A5, 0x14A5, 0xF39C,
  0xF39C, 0xD39C, 0xB39C, 0xB39C, 0xF39C, 0x14A5, 0xD39C, 0x9294, 0x76B5, 0xBADE, 0xBAD6, 0xBAD6, 0x9AD6, 0xBAD6, 0x96B5, 0x14A5,
  0x0421, 0x0000, 0x0842, 0x9EF7, 0x5DEF, 0x79CE, 0x9AD6, 0x9AD6, 0x59CE, 0x14A5, 0xF39C, 0xB294, 0xB294, 0xF39C, 0xF4A4, 0xF39C,
  0xD39C, 0xF39C, 0x14A5, 0xF4A4, 0xB294, 0x38C6, 0xDBDE, 0xBAD6, 0xBAD6, 0xBAD6, 0xBAD6, 0x55AD, 0x1084, 0x0000, 0xCB5A, 0xFFFF,
  0x3CE7, 0x9AD6, 0xBAD6, 0x9AD6, 0x9AD6, 0x55AD, 0xD39C, 0xD39C, 0xF39C, 0xF4A4, 0xF39C, 0xF39C, 0x139D, 0x14A5, 0x14A5, 0xF39C,
  0xB29C, 0x55AD, 0x9AD6, 0xBAD6, 0xBAD6, 0x9AD6, 0xDBDE, 0x38CE, 0x55AD, 0xCB5A, 0x0000, 0xA210, 0xA210, 0x0000, 0x4108, 0x2000,
  0x6108, 0x4108, 0x4108, 0x4108, 0x4108, 0x4108, 0x2008, 0x2000, 0x4108, 0x2000, 0x2000, 0x2000, 0x2000, 0x2000, 0x2000, 0x2000,
  0x0000, 0x0000, 0x2000, 0x2000, 0x4108, 0x2000, 0x2000, 0x2000, 0x4108, 0x4108, 0x4108, 0x2000, 0x4108, 0x2000, 0x4108, 0x4108,
  0x4108, 0x4108, 0x4108, 0x4108, 0x4108, 0x4108, 0x4108, 0x4108, 0x4108, 0x4108, 0x2008, 0x4108, 0x6108, 0x6110, 0x6529, 0x0000,
  0x283A, 0x34DD, 0x01C0, 0xC8E9, 0x22D8, 0x62D8, 0x62D8, 0x63D8, 0x63D8, 0x63D8, 0x63D8, 0x21C0, 0xA7B9, 0xB69D, 0xEB4A, 0x2C53,
  0x0C53, 0x0C53, 0x2C53, 0x0C53, 0x0C53, 0x0C53, 0x0C53, 0x2C53, 0x2C53, 0x2C5B, 0x4C5B, 0x4D5B, 0x6D5B, 0x2C5B, 0x0C53, 0xEB52,
  0x4521, 0x0000, 0x2000, 0x0000, 0x2000, 0x0000, 0x0000, 0x2008, 0x0000, 0xF394, 0xABCA, 0xA3D0, 0x05E1, 0x00D8, 0x42D8, 0x42D8,
  0x42D8, 0x42D8, 0x42D8, 0x42D8, 0x01B8, 0x49CA, 0x1074, 0x0000, 0x2000, 0x4108, 0x2000, 0x2000, 0x2000, 0x2000, 0x2000, 0x0000,
  0x2008, 0x6108, 0x0000, 0x1074, 0xAEDB, 0x62D0, 0x26E9, 0x01D8, 0x42D8, 0x42D8, 0x42D8, 0x42D8, 0x42D8, 0x22D8, 0x41C0, 0x45C1,
  0xF3A4, 0x4100, 0x2000, 0x2421, 0x6108, 0x0000, 0x0000, 0xC318, 0xA210, 0x0000, 0xEF6B, 0x6DDB, 0x00D0, 0x62D8, 0x62D8, 0x62D8,
  0x62D8, 0x62D8, 0x63D8, 0x63D8, 0x63D8, 0x63D8, 0x63D8, 0xC4E0, 0x62B8, 0x42D0, 0x42D8, 0x42D8, 0x42D8, 0x42E0, 0x62D8, 0x82C0,
  0x41B8, 0xCFCB, 0x7184, 0x6108, 0x0000, 0x2000, 0x4108, 0x4108, 0x0000, 0x0000, 0x2000, 0x0000, 0x0000, 0x0000, 0x0000, 0x0000,
  0x0000, 0x0000, 0x0000, 0x0000, 0x0000, 0x0000, 0x0000, 0x6108, 0x2421, 0xC318, 0x0000, 0xA210, 0x559D, 0x34ED, 0x82C0, 0xA3D0,
  0xC8E9, 0x83E0, 0x21D8, 0x42D8, 0x42D8, 0x42D8, 0x42D8, 0x42D8, 0x42D8, 0x62D8, 0xA3C0, 0x21B0, 0xC7C1, 0xD3B4, 0xAA42, 0x0000,
  0x0000, 0x0000, 0x0000, 0x0421, 0xC739, 0xE739, 0x0742, 0xE739, 0xE739, 0xC739, 0xE739, 0xE739, 0xE739, 0xE739, 0xE739, 0xE739,
  0xE739, 0xC739, 0xE739, 0x4529, 0x0000, 0x494A, 0x9EF7, 0x1CE7, 0x79CE, 0x9AD6, 0xBADE, 0x79CE, 0x55AD, 0x2C63, 0x0421, 0x4529,
  0x2421, 0x0421, 0x0421, 0x0421, 0x0421, 0x4529, 0x0421, 0x6D6B, 0xFBDE, 0xBAD6, 0x9AD6, 0xBAD6, 0xDBDE, 0x79CE, 0x55AD, 0x4D6B,
  0x0000, 0x0000, 0xD39C, 0xFFFF, 0xDBDE, 0x79D6, 0x9AD6, 0xBADE, 0xF7BD, 0xD39C, 0xA631, 0x0421, 0x2421, 0x0421, 0x0421, 0xE320,
  0xE420, 0x0421, 0x2421, 0x0421, 0xF4A4, 0x5DEF, 0xBAD6, 0xBAD6, 0xBAD6, 0xDBDE, 0x18C6, 0x14A5, 0xE739, 0x0000, 0xD7BD, 0xDFFF,
  0xBAD6, 0x9AD6, 0x9AD6, 0xDBDE, 0x58CE, 0xF4A4, 0xCB5A, 0xE418, 0x2421, 0x0421, 0xE320, 0xE318, 0x0421, 0x0421, 0x2421, 0x0421,
  0x8A52, 0x9AD6, 0xFBDE, 0x9AD6, 0xBAD6, 0xBAD6, 0xBAD6, 0x75AD, 0xD39C, 0xA210, 0x0000, 0xC318, 0x4108, 0x2000, 0x4108, 0x4108,
  0x4108, 0x4108, 0x4108, 0x4108, 0x4108, 0x4108, 0x4108, 0x2000, 0x4108, 0x4108, 0x2008, 0x2008, 0x2000, 0x2008, 0x2008, 0x2000,
  0x0000, 0x0000, 0x2000, 0x2000, 0x2000, 0x2000, 0x2000, 0x4108, 0x4008, 0x4008, 0x4108, 0x2000, 0x2000, 0x4108, 0x4108, 0x4008,
  0x4108, 0x4108, 0x2008, 0x2000, 0x4108, 0x4108, 0x4108, 0x4108, 0x4108, 0x4108, 0x2000, 0x6108, 0x2000, 0xC318, 0xE318, 0x0000,
  0x75A5, 0x29DA, 0x05E1, 0x25E9, 0x22D8, 0x62D8, 0x42D8, 0x62D8, 0x63D8, 0x63D8, 0x63D8, 0x42D0, 0xA7C1, 0x10D4, 0x71EC, 0x91EC,
  0x71E4, 0x51E4, 0x71E4, 0x51DC, 0x31DC, 0x51DC, 0x51E4, 0x51EC, 0x71EC, 0x72EC, 0x72EC, 0x72EC, 0x71EC, 0x51E4, 0x31E4, 0xB2EC,
  0x79E6, 0x6D63, 0x0000, 0x2000, 0x2000, 0x4108, 0xA210, 0x0000, 0x0419, 0xF7D5, 0x42C8, 0x87E1, 0x21D8, 0x21D8, 0x21D8, 0x42D8,
  0x42D8, 0x42D8, 0x42D8, 0x62D0, 0x21B8, 0x71C4, 0xA629, 0x0000, 0xA210, 0x6108, 0x0000, 0x0000, 0x0000, 0x2000, 0x0000, 0x0000,
  0x2421, 0x8110, 0x6108, 0xD7C5, 0xA3C0, 0x46E9, 0x62D8, 0x21D8, 0x22D8, 0x42D8, 0x22D8, 0x42D8, 0x22D8, 0x42D0, 0x00B0, 0xCFCB,
  0xEB52, 0x0000, 0xA210, 0x0421, 0x0000, 0x2000, 0x0000, 0x6108, 0x2421, 0x0000, 0xE318, 0x55BD, 0x62D0, 0x41D0, 0x62D8, 0x42D8,
  0x62D8, 0x62D8, 0x63D8, 0x63D8, 0x63D8, 0x63D8, 0x42D0, 0xA4E0, 0xA3C8, 0x21C0, 0x22E0, 0x42D8, 0x42E0, 0x63D8, 0x42C0, 0xA2C0,
  0x92C4, 0xAE63, 0x0000, 0x0000, 0x2000, 0x6108, 0x4108, 0x0000, 0x0000, 0x0000, 0x2000, 0x2000, 0x2000, 0x0000, 0x0000, 0x0000,
  0x0000, 0x0000, 0x0000, 0x0000, 0x0000, 0x0000, 0xC318, 0x6529, 0x8210, 0x0000, 0x083A, 0x7ACE, 0x6DE3, 0x00C0, 0x67E1, 0x87E9,
  0x22D8, 0x22D8, 0x42D8, 0x42D8, 0x42D8, 0x42D8, 0x62D8, 0x42E0, 0x83D0, 0x62B8, 0x41B8, 0x6DCB, 0xB294, 0x2419, 0x0000, 0x0000,
  0x4108, 0x6108, 0xC318, 0x4108, 0x0000, 0x0000, 0x0000, 0x0000, 0x0000, 0x0000, 0x0000, 0x0000, 0x0000, 0x0000, 0x0000, 0x0000,
  0x0000, 0x6108, 0x6110, 0x4108, 0x2000, 0x55AD, 0xBEF7, 0x9AD6, 0x9AD6, 0x9AD6, 0xBADE, 0xB7BD, 0xD39C, 0xC318, 0x0000, 0x0000,
  0x0000, 0x0000, 0x0000, 0x0000, 0x0000, 0x0000, 0x0000, 0x59CE, 0xFFFF, 0x9AD6, 0x9AD6, 0x9AD6, 0xFBDE, 0xF7BD, 0x34A5, 0x2421,
  0x0000, 0x6529, 0x1CE7, 0x9EF7, 0x9AD6, 0xBAD6, 0x9AD6, 0x7AD6, 0x34AD, 0x6D6B, 0x0000, 0x0000, 0x0000, 0x0000, 0x0000, 0x0000,
  0x0000, 0x0000, 0x0000, 0x2529, 0x7EF7, 0x7EF7, 0x79D6, 0xBAD6, 0xBADE, 0xFBDE, 0xB6B5, 0x9294, 0x2000, 0x2842, 0x9EF7, 0x3CE7,
  0x9AD6, 0xBAD6, 0x9AD6, 0xDBDE, 0x96B5, 0xF39C, 0xA210, 0x0000, 0x0000, 0x0000, 0x0000, 0x0000, 0x0000, 0x0000, 0x0000, 0x0000,
  0xF39C, 0xFFFF, 0xFBDE, 0xBAD6, 0xBAD6, 0xBADE, 0x38CE, 0x34AD, 0x0C63, 0x0000, 0x8210, 0xC318, 0x0000, 0x4108, 0x4108, 0x4108,
  0x4108, 0x4108, 0x4108, 0x4108, 0x4108, 0x4008, 0x4108, 0x2000, 0x4108, 0x4108, 0x4108, 0x4108, 0x2008, 0x2000, 0x2000, 0x2000,
  0x2000, 0x2000, 0x2000, 0x2008, 0x4008, 0x2000, 0x4108, 0x4108, 0x2008, 0x4108, 0x4108, 0x4108, 0x2000, 0x4108, 0x4108, 0x4108,
  0x4108, 0x4108, 0x4108, 0x2000, 0x4108, 0x4108, 0x4108, 0x4108, 0x4108, 0x4108, 0x4108, 0x4108, 0x2000, 0x2421, 0x0000, 0x4521,
  0xB6DD, 0x62D0, 0x29EA, 0x42E0, 0x42D8, 0x42D8, 0x42D8, 0x42D8, 0x42D8, 0x43D8, 0x42D8, 0x63D8, 0x42D8, 0x41C8, 0x82D0, 0x82D0,
  0x82D0, 0x82C8, 0xA2C8, 0x82C8, 0xA3C8, 0xA3C8, 0xA3C8, 0xA3D0, 0xA3D0, 0xA3D0, 0xA2D0, 0xA2C8, 0x83C8, 0x83D0, 0x83C8, 0x00C0,
  0x82C0, 0xF7E5, 0x2C5B, 0x0000, 0x0000, 0x6108, 0xC318, 0x0000, 0x106C, 0x8EDB, 0x62D8, 0x46E1, 0x01D0, 0x22D8, 0x21D8, 0x42D8,
  0x42D8, 0x42D8, 0x42D8, 0x21C0, 0x86C1, 0x918C, 0x0000, 0x2000, 0xE318, 0x2000, 0x0000, 0x2000, 0x2000, 0x2000, 0x2000, 0x6108,
  0x4429, 0x0000, 0x6D63, 0x51D4, 0x01C8, 0x66E9, 0x01D8, 0x42D8, 0x22D8, 0x42D8, 0x42D8, 0x42D8, 0x42E0, 0x62C0, 0xC4B8, 0xD3AC,
  0x6108, 0x0000, 0x4529, 0x6108, 0x0000, 0x2000, 0x2000, 0x0000, 0xC318, 0x6108, 0x0000, 0x517C, 0xEBDA, 0x00D0, 0x62D0, 0x42D8,
  0x42D8, 0x62D8, 0x63D8, 0x63D8, 0x63D8, 0x62D8, 0x62D8, 0x63D8, 0xE5E0, 0x62B8, 0x21D0, 0x22D8, 0x83D0, 0x21B8, 0x45C1, 0xF3BC,
  0xAA4A, 0x0000, 0x0000, 0x2000, 0x6108, 0x2000, 0x0000, 0x0000, 0x0000, 0x0000, 0x2000, 0x2000, 0x2000, 0x0000, 0x2000, 0x2000,
  0x2000, 0x2000, 0x2000, 0x0000, 0x2008, 0x0421, 0x2421, 0x0000, 0x0000, 0xCF63, 0xD7D5, 0x86C9, 0x41D0, 0x29EA, 0x05E1, 0x01D8,
  0x42D8, 0x42D8, 0x42D8, 0x42D8, 0x42D8, 0x42D8, 0x42D8, 0xA3C8, 0x41B8, 0x04C1, 0x71BC, 0xAE63, 0x2000, 0x0000, 0x2000, 0x6108,
  0x4108, 0x0421, 0xA210, 0x0000, 0x0842, 0x2842, 0x2842, 0x2842, 0x494A, 0x494A, 0x494A, 0x694A, 0x694A, 0x694A, 0x8A52, 0xAA52,
  0xC739, 0x0000, 0x0000, 0x0000, 0xE739, 0xBEF7, 0x5DEF, 0x9AD6, 0xBAD6, 0xBBDE, 0x9AD6, 0x34A5, 0x0C63, 0x0000, 0x0000, 0x0000,
  0x2000, 0x2000, 0x2000, 0x2000, 0x4008, 0x0000, 0x694A, 0xFFFF, 0x5DEF, 0xBAD6, 0xBAD6, 0xBAD6, 0x9AD6, 0x96B5, 0xEF7B, 0x0000,
  0x0000, 0x518C, 0xFFFF, 0xFBDE, 0xBAD6, 0xBAD6, 0xDBDE, 0xF7BD, 0xD39C, 0x6529, 0x0000, 0x2000, 0x4008, 0x4108, 0x6108, 0x8210,
  0x8210, 0x2008, 0x0000, 0x9294, 0xFFFF, 0xFBDE, 0x9AD6, 0xBAD6, 0xDBDE, 0x59CE, 0x75B5, 0xAA52, 0x0000, 0xB6B5, 0xDFFF, 0x9AD6,
  0x9AD6, 0xBAD6, 0xDBDE, 0x79CE, 0x55AD, 0x0C63, 0x0000, 0x2008, 0x2000, 0x2000, 0x0000, 0x0000, 0x0000, 0x2008, 0x0000, 0x8631,
  0xBEF7, 0x9EF7, 0x9AD6, 0xBAD6, 0xBAD6, 0xBADE, 0xB6B5, 0x14A5, 0xC318, 0x0000, 0xC318, 0x6108, 0x2000, 0x2008, 0x4108, 0x2000,
  0x4108, 0x4108, 0x4008, 0x2008, 0x4108, 0x4108, 0x4008, 0x2000, 0x4108, 0x2000, 0x4108, 0x4108, 0x2008, 0x2000, 0x2000, 0x2000,
  0x2000, 0x2000, 0x2000, 0x2000, 0x2000, 0x2000, 0x4000, 0x4008, 0x4108, 0x4008, 0x4108, 0x4108, 0x2000, 0x4108, 0x2008, 0x4008,
  0x4108, 0x4108, 0x4108, 0x4108, 0x4108, 0x4108, 0x4108, 0x4108, 0x4108, 0x2000, 0x4108, 0x2000, 0x4108, 0x4529, 0x0000, 0xEB4A,
  0x71E4, 0x21D8, 0x25E1, 0x22D8, 0x63D8, 0x42D8, 0x42D8, 0x62D8, 0x42D8, 0x62D8, 0x62D8, 0x42D8, 0x63D8, 0x05E1, 0x46E1, 0x46E1,
  0x66E1, 0x66E1, 0x66E1, 0x66E1, 0x66E1, 0x67E1, 0x87E1, 0x87E1, 0x86E1, 0x67E1, 0x67E1, 0x66E1, 0x66E1, 0x46E1, 0x67E1, 0x46E1,
  0x21D8, 0xA2D0, 0xF7D5, 0x8629, 0x0000, 0x2000, 0x0000, 0x8208, 0x75BD, 0xA3C8, 0x86E1, 0x62D8, 0x21D8, 0x22D8, 0x42D8, 0x42D8,
  0x42D8, 0x42D8, 0x62D0, 0x00C0, 0xCFBB, 0x493A, 0x0000, 0xA210, 0xA210, 0x0000, 0x2000, 0x2000, 0x2000, 0x2000, 0x0000, 0xE318,
  0x8210, 0x4100, 0xB6B5, 0x24C9, 0x46E1, 0x83D8, 0x01D0, 0x22D8, 0x22D8, 0x42D8, 0x42D8, 0x42D8, 0x62D8, 0x00B8, 0x0CCB, 0x4D5B,
  0x0000, 0x8210, 0x2421, 0x0000, 0x2000, 0x2000, 0x2000, 0x0000, 0x2000, 0xA210, 0x0000, 0x8629, 0x13C5, 0x21C8, 0x42C8, 0x42D0,
  0x42D8, 0x42D8, 0x63D8, 0x63D8, 0x63D8, 0x62D8, 0x63D8, 0x42D8, 0xC4E0, 0xC4C0, 0x21B8, 0x42C8, 0x00C0, 0x49C2, 0xD39C, 0x8621,
  0x0000, 0x0000, 0x2000, 0x4108, 0x0000, 0x0000, 0x2000, 0x2000, 0x2000, 0x2000, 0x2000, 0x2000, 0x2000, 0x2000, 0x2000, 0x2000,
  0x2000, 0x2000, 0x0000, 0x8210, 0x6529, 0xC318, 0x0000, 0xA210, 0x9384, 0x51D4, 0x41C8, 0xC4D8, 0xE8E9, 0xA3D8, 0x22D8, 0x42D8,
  0x42D8, 0x42D8, 0x42D8, 0x42D8, 0x42D8, 0x63D8, 0x83C0, 0x41B8, 0x69C2, 0xD3A4, 0x0832, 0x0000, 0x0000, 0x2000, 0x4108, 0x2000,
  0x4108, 0x2421, 0x0000, 0x494A, 0xFFFF, 0xFFFF, 0xFFFF, 0xFFFF, 0xDFFF, 0xDFFF, 0xFFFF, 0xFFFF, 0xFFFF, 0xFFFF, 0xBEF7, 0xDBDE,
  0xCB52, 0x0000, 0x2000, 0x0000, 0x34A5, 0xFFFF, 0x1CE7, 0xDBDE, 0xBBDE, 0xFBDE, 0x18C6, 0x14A5, 0x2421, 0x2000, 0x4108, 0xE320,
  0x0421, 0x2421, 0x2421, 0x4529, 0xA210, 0x0000, 0xB6B5, 0xFFFF, 0xDBDE, 0xDBDE, 0xDBDE, 0xDBDE, 0xD7BD, 0x55AD, 0xA631, 0x0000,
  0x4529, 0x5DEF, 0x9EF7, 0x9AD6, 0xBAD6, 0xBAD6, 0xDBDE, 0xB6B5, 0xEF7B, 0x0000, 0x0000, 0x2000, 0x8210, 0x8210, 0x8210, 0xA210,
  0xE318, 0x0000, 0x2421, 0x7DEF, 0x9EF7, 0xBAD6, 0xDBDE, 0xBBDE, 0xDBDE, 0x96B5, 0xD39C, 0x4108, 0xE739, 0xFFFF, 0x7DEF, 0xBAD6,
  0xBBDE, 0xBAD6, 0xFBDE, 0xD7BD, 0x14A5, 0xE318, 0x0000, 0x4108, 0x4108, 0x0000, 0x2000, 0x0000, 0x6108, 0x8210, 0x0000, 0xD39C,
  0xFFFF, 0xFBDE, 0xBAD6, 0xDBDE, 0xDBDE, 0x9AD6, 0x96B5, 0x8E73, 0x0000, 0x6108, 0xA210, 0x0000, 0x2000, 0x2008, 0x4108, 0x2000,
  0x4108, 0x4108, 0x4008, 0x4108, 0x4108, 0x4108, 0x2000, 0x4108, 0x4108, 0x4108, 0x4108, 0x2108, 0x2008, 0x2000, 0x2000, 0x2000,
  0x2008, 0x2000, 0x2000, 0x2000, 0x2000, 0x2000, 0x2000, 0x2000, 0x4108, 0x4108, 0x4108, 0x4108, 0x2000, 0x2000, 0x4108, 0x4108,
  0x4008, 0x4108, 0x4108, 0x4108, 0x2000, 0x4108, 0x4108, 0x6108, 0x6108, 0x4108, 0x4108, 0x2000, 0x4108, 0x2421, 0x0000, 0x493A,
  0xCFD3, 0x00D0, 0x63D8, 0x42D8, 0x62D8, 0x42D8, 0x42D8, 0x42D8, 0x62D8, 0x62D8, 0x42D8, 0x62D8, 0x42D8, 0x42D8, 0x22D8, 0x22D0,
  0x22D0, 0x22D0, 0x22D0, 0x22D0, 0x22D8, 0x22D8, 0x22D8, 0x22D8, 0x22D0, 0x22D0, 0x22D0, 0x22D0, 0x22D0, 0x22D0, 0x22D0, 0x42D8,
  0x83D8, 0x01D0, 0x86C9, 0x55A5, 0x6108, 0x2000, 0x0000, 0x0C53, 0xEFCB, 0x21D0, 0x87E1, 0x01D8, 0x42D8, 0x42D0, 0x42D8, 0x42D8,
  0x42D8, 0x42D8, 0x41C0, 0x04C9, 0xD39C, 0x4100, 0x0000, 0xE318, 0x2100, 0x0000, 0x2000, 0x2000, 0x2000, 0x0000, 0x2000, 0x2421,
  0x0000, 0xCB4A, 0x71D4, 0x00C8, 0xC7E9, 0x01D8, 0x22D8, 0x22D8, 0x42D8, 0x42D8, 0x42D8, 0x42D8, 0x62C8, 0x82B8, 0xD3BC, 0xE310,
  0x0000, 0xE420, 0x8210, 0x0000, 0x2000, 0x2000, 0x2000, 0x0000, 0x8210, 0x4529, 0x4108, 0x0000, 0xB284, 0x6AC2, 0x00C8, 0x62D8,
  0x42D8, 0x42D8, 0x42D8, 0x62D8, 0x62D8, 0x62D8, 0x62D8, 0x42D0, 0x63D8, 0xE4D8, 0x82C0, 0x62C0, 0xCBB2, 0x7184, 0xA210, 0x0000,
  0x2000, 0x2000, 0x4108, 0x0000, 0x0000, 0x2000, 0x2000, 0x2000, 0x2000, 0x2000, 0x2000, 0x2000, 0x2000, 0x2000, 0x2000, 0x2000,
  0x0000, 0x0000, 0xE318, 0x6529, 0x6108, 0x0000, 0x493A, 0x55AD, 0x69C2, 0x00C0, 0x46E1, 0x46E1, 0x42D8, 0x42D8, 0x63D8, 0x42D8,
  0x42D8, 0x42D8, 0x42D8, 0x42D8, 0x83D0, 0x42B8, 0x82B8, 0xAEC3, 0x517C, 0xA210, 0x0000, 0x0000, 0x2000, 0x2000, 0x0000, 0x0000,
  0x0421, 0xA210, 0x0000, 0x18C6, 0xFFFF, 0x1CE7, 0x1CE7, 0x3CE7, 0x1CE7, 0xFBE6, 0xFBE6, 0x1CE7, 0x1CE7, 0x1CE7, 0x75AD, 0x518C,
  0x2000, 0x0000, 0x0000, 0x6529, 0x7DF7, 0x9EF7, 0xFBDE, 0xFBDE, 0xDBDE, 0xBAD6, 0x75AD, 0x4D6B, 0x0000, 0x0000, 0x0000, 0x0000,
  0x0000, 0x0000, 0x0000, 0x0000, 0x0000, 0x0842, 0xFFFF, 0x5DEF, 0xBAD6, 0xFBDE, 0xFBDE, 0xDBDE, 0x96B5, 0x1084, 0x0000, 0x0000,
  0xB294, 0xFFFF, 0xFBDE, 0xBAD6, 0xDBDE, 0xFBDE, 0x18C6, 0xF39C, 0x0842, 0x0000, 0x2000, 0x2000, 0x2000, 0x0000, 0x2000, 0x2000,
  0x4108, 0x2000, 0xF39C, 0xFFFF, 0x3CE7, 0xDBDE, 0xFBDE, 0xFBDE, 0x79CE, 0x75AD, 0xCB5A, 0x0000, 0x55AD, 0xFFFF, 0x1CE7, 0xDBDE,
  0xDBDE, 0xDBDE, 0x9AD6, 0x75AD, 0x8E73, 0x0000, 0x2000, 0x8210, 0x0000, 0x2000, 0x2000, 0x4108, 0x0421, 0x2000, 0x0421, 0x9EF7,
  0x9EF7, 0xBBDE, 0xFBDE, 0xFBDE, 0x1CE7, 0x38C6, 0x76B5, 0x0421, 0x0000, 0xA210, 0x4108, 0x0000, 0x4108, 0x4108, 0x4108, 0x4108,
  0x2000, 0x4108, 0x4108, 0x4108, 0x4108, 0x2008, 0x2000, 0x4108, 0x2000, 0x4108, 0x4108, 0x4108, 0x4000, 0x2000, 0x2000, 0x2000,
  0x2000, 0x2008, 0x2000, 0x2008, 0x2008, 0x2000, 0x2000, 0x2000, 0x4108, 0x4108, 0x4108, 0x4108, 0x2000, 0x4108, 0x4108, 0x2000,
  0x2108, 0x4108, 0x4108, 0x4008, 0x2000, 0x4108, 0x4108, 0x4108, 0x4108, 0x2000, 0x4108, 0x4108, 0x4108, 0x8210, 0x0000, 0xA210,
  0xD3AC, 0x62C8, 0x21D0, 0x62D8, 0x42D8, 0x42D8, 0x42D8, 0x42D8, 0x42D8, 0x42D8, 0x42D8, 0x42D8, 0x42D8, 0x62D8, 0x62D8, 0x62D0,
  0x62D0, 0x62D8, 0x62D8, 0x62D8, 0x62D8, 0x62D8, 0x62D8, 0x62D8, 0x62D8, 0x62D0, 0x62D0, 0x63D0, 0x62D0, 0x62D0, 0x62D0, 0x42D0,
  0x42D8, 0x83D8, 0x00D0, 0x52D4, 0x8A42, 0x0000, 0x2000, 0xD394, 0x04C1, 0x45E1, 0xA3D8, 0x21D0, 0x42D0, 0x42D0, 0x42D8, 0x42D8,
  0x42D8, 0x62D0, 0x00B8, 0x4DCB, 0x2C53, 0x0000, 0x8210, 0xC318, 0x2000, 0x2000, 0x2000, 0x0000, 0x2000, 0x0000, 0xE318, 0x8210,
  0x0000, 0x55A5, 0x86C9, 0x05D9, 0xC4E0, 0x01D8, 0x42D8, 0x22D8, 0x42D8, 0x42D8, 0x42D8, 0x42D8, 0x00B8, 0x8ACA, 0xEF6B, 0x0000,
  0x6108, 0x0421, 0x0000, 0x0000, 0x2000, 0x2000, 0x0000, 0xA210, 0x6529, 0x8210, 0x0000, 0xCB4A, 0x35B5, 0x24B1, 0xC3D8, 0xC3D0,
  0x22D0, 0x42D0, 0x42D0, 0x42D0, 0x42D0, 0x42D0, 0x42D0, 0x42D0, 0x42D0, 0x42D0, 0x62D8, 0x66D1, 0x1495, 0x2000, 0x0000, 0x2000,
  0x4108, 0x2008, 0x0000, 0x0000, 0x2000, 0x2000, 0x2000, 0x2000, 0x2000, 0x2000, 0x2000, 0x2000, 0x2000, 0x2000, 0x2000, 0x0000,
  0x4108, 0x2421, 0x2421, 0x0000, 0x0000, 0x8E63, 0xD3BC, 0x04C1, 0x41D0, 0x87E1, 0xA4D8, 0x01D0, 0x42D8, 0x42D8, 0x42D8, 0x42D8,
  0x42D8, 0x42D8, 0x42D8, 0x62C0, 0x00B0, 0x66C1, 0xB2B4, 0x0C53, 0x0000, 0x0000, 0x0000, 0x2000, 0x2000, 0x0000, 0x0000, 0x6108,
  0x2421, 0x0000, 0x8A52, 0xFFFF, 0x9EF7, 0xFBDE, 0xFCE6, 0x1CE7, 0x1CE7, 0x1CE7, 0xFBE6, 0xFBDE, 0x1CE7, 0x79CE, 0x96B5, 0xAA52,
  0x0000, 0x2000, 0x0000, 0xD39C, 0xFFFF, 0x3CE7, 0xFBDE, 0xFBDE, 0x1CE7, 0xBBDE, 0x96B5, 0xCF7B, 0xCB5A, 0xEB5A, 0xCB5A, 0xAA52,
  0xCA5A, 0xCB5A, 0xEB5A, 0xEB5A, 0xCB5A, 0x59CE, 0xFFFF, 0x3CE7, 0x1CE7, 0x1CE7, 0x3CE7, 0x59CE, 0xD7BD, 0xE739, 0x0000, 0x0421,
  0x7DEF, 0xDFFF, 0x1CE7, 0xFBE6, 0xFBDE, 0x1CE7, 0x79CE, 0x38C6, 0x9AD6, 0x79CE, 0x9AD6, 0x9AD6, 0x9AD6, 0x9AD6, 0xBAD6, 0xBAD6,
  0xBAD6, 0xDBDE, 0xFFFF, 0xBEF7, 0x1CE7, 0x1CE7, 0x1CE7, 0x3CE7, 0xF8C5, 0x14A5, 0x6108, 0x6529, 0xBEF7, 0xBEF7, 0x1CE7, 0x1CE7,
  0xFCE6, 0x3CE7, 0xF7BD, 0x55AD, 0x4529, 0x0000, 0x8210, 0x6108, 0x0000, 0x2000, 0x2000, 0xA210, 0xC318, 0x0000, 0x718C, 0xFFFF,
  0x3CE7, 0x1CE7, 0x1CE7, 0x1CE7, 0xFBDE, 0xF7BD, 0x3084, 0x0000, 0x2000, 0xA210, 0x0000, 0x2000, 0x4108, 0x4108, 0x4108, 0x4108,
  0x2000, 0x4108, 0x4108, 0x4108, 0x4108, 0x4108, 0x2108, 0x4108, 0x2000, 0x4108, 0x4108, 0x4108, 0x4008, 0x2008, 0x2000, 0x2000,
  0x2000, 0x4008, 0x2000, 0x2008, 0x4008, 0x2000, 0x2000, 0x4108, 0x4108, 0x4008, 0x4108, 0x4108, 0x4108, 0x4108, 0x4108, 0x2008,
  0x4108, 0x4108, 0x4108, 0x2000, 0x4108, 0x4108, 0x4108, 0x4108, 0x4108, 0x4108, 0x4108, 0x4108, 0x4008, 0x4108, 0x2000, 0x0000,
  0x2C5B, 0x50C4, 0x00C0, 0x42D0, 0x42D8, 0x42D8, 0x42D8, 0x42D8, 0x42D8, 0x42D8, 0x42D8, 0x42D8, 0x42D8, 0x42D8, 0x42D8, 0x22D8,
  0x42D8, 0x42D8, 0x42D8, 0x42D8, 0x42D8, 0x42D8, 0x22D8, 0x22D0, 0x22D0, 0x22D0, 0x42D0, 0x42D0, 0x42D0, 0x42D0, 0x42D0, 0x42D0,
  0x42D8, 0x42D8, 0x00D0, 0x6AC2, 0x0C53, 0x0000, 0x283A, 0x10B4, 0x01C8, 0x87E1, 0x01D0, 0x42D0, 0x42D0, 0x42D0, 0x42D8, 0x42D8,
  0x42D8, 0x62C0, 0x82B8, 0x92AC, 0xA208, 0x0000, 0x8210, 0xC318, 0x2421, 0x6529, 0x6529, 0x4429, 0x4429, 0x6529, 0x6529, 0x0000,
  0xC731, 0x14CD, 0x01C0, 0xC8E9, 0x21D8, 0x22D8, 0x42D8, 0x42D8, 0x42D8, 0x42D8, 0x42D8, 0x42C8, 0x21B8, 0x51B4, 0x4519, 0x0000,
  0x0421, 0xC318, 0x0000, 0x2000, 0x0000, 0x0000, 0xE318, 0x6529, 0x2000, 0x0000, 0x8E63, 0x55CD, 0xA2C0, 0xC4D8, 0xA7D9, 0x21A8,
  0x22D0, 0x42D0, 0x42D0, 0x42D0, 0x42D0, 0x42D0, 0x42D0, 0x42D0, 0x42D0, 0x42D0, 0x42D0, 0x00C8, 0xF0BB, 0xC731, 0x0000, 0x2008,
  0x2000, 0x0000, 0x0000, 0x0000, 0x2000, 0x2000, 0x2000, 0x2000, 0x2000, 0x2000, 0x2000, 0x2000, 0x2000, 0x2000, 0x0000, 0x8210,
  0x4529, 0xC318, 0x0000, 0xE310, 0xF494, 0xAEC3, 0x00B8, 0xE4D8, 0x67E1, 0x42D8, 0x01D0, 0x42D0, 0x22D0, 0x22D8, 0x21D8, 0x21D8,
  0x21D8, 0x42D0, 0x41C0, 0x00B0, 0xCBC2, 0xB294, 0x8629, 0x0000, 0x0000, 0x0000, 0x2000, 0x2000, 0x0000, 0x0000, 0x0000, 0xC318,
  0x6108, 0x0000, 0x59CE, 0xFFFF, 0x5DEF, 0x5DEF, 0x3DEF, 0x3CE7, 0x3CEF, 0x5DEF, 0x5DEF, 0x3CE7, 0x3CE7, 0xF7BD, 0x14A5, 0x6108,
  0x0000, 0x0000, 0x2421, 0x5DEF, 0xDFFF, 0x1CE7, 0x3CE7, 0x3CE7, 0x1CE7, 0x3CE7, 0x7DEF, 0xFFFF, 0xFFFF, 0xFFFF, 0xFFFF, 0xFFFF,
  0xFFFF, 0xFFFF, 0xFFFF, 0xFFFF, 0xFFFF, 0xFFFF, 0x7DEF, 0x3CE7, 0x3CE7, 0x3CE7, 0x5DEF, 0x79CE, 0x9294, 0x2000, 0x0000, 0xAF73,
  0xFFFF, 0x7DEF, 0x1CE7, 0x1CE7, 0x1CE7, 0x1CE7, 0x3CEF, 0x9EF7, 0xBEF7, 0xDFFF, 0xFFFF, 0xFFFF, 0xFFFF, 0xFFFF, 0xFFFF, 0xDFFF,
  0xDFFF, 0xDFFF, 0x9EF7, 0x3CE7, 0x3CE7, 0x1CE7, 0x3DEF, 0xDBDE, 0xB7BD, 0x2C63, 0x0000, 0x1084, 0xFFFF, 0x3CE7, 0x1CE7, 0x1CE7,
  0x1CE7, 0x1CE7, 0x96B5, 0xEF7B, 0x0000, 0x0000, 0xA210, 0x0000, 0x2000, 0x2000, 0x4108, 0xA218, 0x0000, 0xA210, 0xFBDE, 0xDFFF,
  0x1CE7, 0x3CE7, 0x1CE7, 0x5DEF, 0x38C6, 0xF4A4, 0x4529, 0x0000, 0x8210, 0x4108, 0x0000, 0x2000, 0x4108, 0x4108, 0x4108, 0x2000,
  0x4108, 0x4108, 0x4108, 0x4108, 0x4108, 0x4108, 0x2000, 0x2000, 0x2008, 0x2008, 0x4108, 0x4108, 0x4108, 0x2000, 0x2000, 0x2000,
  0x2008, 0x2008, 0x2000, 0x2000, 0x2000, 0x2000, 0x2000, 0x4108, 0x2000, 0x2000, 0x4108, 0x4108, 0x4108, 0x4008, 0x4108, 0x4008,
  0x4108, 0x4108, 0x2000, 0x2000, 0x4108, 0x4108, 0x4108, 0x4108, 0x4108, 0x4108, 0x2000, 0x4108, 0x4108, 0x4108, 0x6108, 0x2000,
  0x0000, 0x717C, 0x8ABA, 0x00B8, 0x62C8, 0x42D0, 0x42D0, 0x42D0, 0x42D0, 0x42D0, 0x42D0, 0x42C8, 0x42C8, 0x42C8, 0x42C8, 0x41C8,
  0x41C8, 0x41D0, 0x41C8, 0x41C8, 0x42C8, 0x21C8, 0x42C8, 0x21D0, 0x21D0, 0x22D0, 0x22D0, 0x22D0, 0x22D0, 0x42D0, 0x42D0, 0x42D0,
  0x42D8, 0x62D0, 0x00B8, 0x0CBB, 0x8A42, 0x0000, 0x7184, 0xA7C9, 0x04E1, 0xC4D8, 0x01D0, 0x42D0, 0x42D0, 0x42D0, 0x42D0, 0x42D8,
  0x62D8, 0x20C0, 0x8ACA, 0x6D63, 0x0000, 0x2000, 0x2000, 0x0000, 0x0000, 0x0000, 0x0000, 0x0000, 0x0000, 0x0000, 0x0000, 0x0000,
  0x349D, 0x69D2, 0xC4D0, 0x05E1, 0x01D0, 0x42D8, 0x42D8, 0x42D8, 0x42D8, 0x42D8, 0x42D8, 0x01B8, 0xC8C1, 0x107C, 0x0000, 0x4108,
  0x4429, 0x2000, 0x2000, 0x0000, 0x2000, 0x0421, 0x4529, 0x0000, 0x6108, 0xD38C, 0x30CC, 0x00B8, 0x25D9, 0x87E1, 0x22D0, 0x21B0,
  0x21C8, 0x42D0, 0x42D0, 0x42D0, 0x42D0, 0x42D0, 0x42D0, 0x42D0, 0x42D0, 0x42D0, 0x62D0, 0x00C8, 0xE8C9, 0x307C, 0x0000, 0x2000,
  0x4108, 0x0000, 0x0000, 0x2000, 0x2000, 0x2000, 0x2000, 0x2000, 0x2000, 0x2000, 0x2000, 0x2000, 0x0000, 0x2000, 0xE318, 0x4429,
  0x4108, 0x0000, 0x493A, 0xF4AC, 0x08C2, 0x00C8, 0x87E1, 0x25E1, 0x01D0, 0x21D0, 0x42D0, 0x42D0, 0x22D0, 0x42D0, 0x42D8, 0x41D8,
  0x62C8, 0x21B8, 0x82B0, 0xEFBB, 0xEF73, 0x6108, 0x0000, 0x0000, 0x2000, 0x2000, 0x0000, 0x0000, 0x0000, 0x0000, 0x8210, 0xE318,
  0x0000, 0xAB5A, 0xFFFF, 0x7DEF, 0x3CE7, 0x5DEF, 0x3CE7, 0x3CE7, 0x3CE7, 0x3CE7, 0x3DEF, 0x5DEF, 0xDBDE, 0xF7BD, 0xEB5A, 0x0000,
  0x2000, 0x0000, 0x1084, 0xFFFF, 0x5DEF, 0x1CE7, 0x3CE7, 0x3CE7, 0x3CE7, 0x3CE7, 0x5DEF, 0x5DEF, 0x3CE7, 0x5DEF, 0x5DEF, 0x7DEF,
  0x7DEF, 0x7DEF, 0x5DEF, 0x5DEF, 0x5DEF, 0x5DEF, 0x5DEF, 0x3DEF, 0x3CE7, 0x7DEF, 0x9AD6, 0x18C6, 0x073A, 0x0000, 0xC318, 0x9AD6,
  0xBEF7, 0x1CE7, 0x3CE7, 0x3CE7, 0x3CE7, 0x3CE7, 0x3CE7, 0x3CE7, 0x1CE7, 0x1CE7, 0x1CE7, 0x1CE7, 0x3CE7, 0x1CE7, 0x3CE7, 0x3CE7,
  0x1CE7, 0x1CE7, 0x1CE7, 0x3CE7, 0x5DEF, 0x7DEF, 0xBAD6, 0x96B5, 0x518C, 0x8208, 0xC318, 0xDBDE, 0xBEF7, 0xFBDE, 0x1CE7, 0x1CE7,
  0x5DEF, 0x79CE, 0x55AD, 0xA631, 0x0000, 0x6110, 0x6108, 0x0000, 0x2000, 0x2000, 0x4108, 0x8210, 0x0000, 0xAE73, 0xFFFF, 0x5DEF,
  0x1CE7, 0x3CE7, 0x3CE7, 0x3CE7, 0xB6B5, 0xCF7B, 0x0000, 0x2000, 0x8210, 0x0000, 0x2000, 0x2000, 0x4108, 0x4108, 0x4108, 0x2000,
  0x4108, 0x4108, 0x4108, 0x4108, 0x4108, 0x4108, 0x2000, 0x2000, 0x4108, 0x4108, 0x4108, 0x4108, 0x4008, 0x2000, 0x2000, 0x2000,
  0x4000, 0x4008, 0x2000, 0x2000, 0x2000, 0x2000, 0x2000, 0x4100, 0x4108, 0x4108, 0x4108, 0x4108, 0x4108, 0x2000, 0x4108, 0x4108,
  0x4108, 0x4108, 0x4108, 0x4108, 0x4108, 0x4108, 0x4108, 0x4108, 0x4008, 0x4108, 0x2000, 0x2008, 0x4108, 0x4108, 0x4108, 0x4108,
  0x0000, 0x6108, 0x518C, 0xE7B1, 0x42A8, 0x41A8, 0x41B0, 0x41B0, 0x41A8, 0x41A8, 0x21A8, 0x21A8, 0x21A8, 0x21A8, 0x21A8, 0x21A8,
  0x21A8, 0x21B0, 0x21B0, 0x21A8, 0x21A8, 0x21A8, 0x01A8, 0x01B0, 0x21C8, 0x22D0, 0x22D0, 0x22D0, 0x22D0, 0x22D0, 0x22D0, 0x42D0,
  0x42D0, 0x42C0, 0x82B8, 0xB2AC, 0xA208, 0x4519, 0x92B4, 0x21C8, 0xC8E1, 0x21D0, 0x22D0, 0x42D0, 0x42D0, 0x42D0, 0x42D0, 0x42D8,
  0x62C8, 0x41C0, 0x71B4, 0x2419, 0x0000, 0x0000, 0x0000, 0x8A42, 0x6D5B, 0x0C53, 0x0C53, 0x0C53, 0x2C5B, 0x4D5B, 0x0C53, 0xCF6B,
  0x18E6, 0x21C0, 0x87E9, 0x22D0, 0x22D0, 0x42D0, 0x42D8, 0x42D8, 0x42D8, 0x42D8, 0x62C8, 0x00B8, 0x10BC, 0xE731, 0x0000, 0x0421,
  0xE318, 0x0000, 0x0000, 0x4108, 0x2421, 0xE318, 0x0000, 0x4521, 0x18BE, 0x6DD3, 0x00C0, 0x87E1, 0xE5D8, 0x00C8, 0x02D8, 0x42B8,
  0x21B8, 0x22D8, 0x42D0, 0x42D0, 0x42D0, 0x42D0, 0x42D0, 0x42D0, 0x42D0, 0x42D0, 0x42D0, 0x42D0, 0x21D0, 0x71B4, 0x2419, 0x0000,
  0x6108, 0x2000, 0x0000, 0x2000, 0x2000, 0x2000, 0x2000, 0x2000, 0x2000, 0x2000, 0x2000, 0x0000, 0x4108, 0x2421, 0x0421, 0x0000,
  0x2000, 0xF073, 0x92C4, 0xA2C0, 0x62D0, 0xA8E9, 0xA3D8, 0x01D0, 0x42D0, 0x42D0, 0x22D0, 0x42D0, 0x42D0, 0x22D8, 0x42D0, 0x62C0,
  0x00B0, 0xC7C1, 0x92AC, 0x6942, 0x0000, 0x0000, 0x2000, 0x4108, 0x2000, 0x0000, 0x0000, 0x0000, 0x0000, 0x2000, 0x4529, 0x6108,
  0xA210, 0xFBDE, 0xDBDE, 0x18C6, 0xF7BD, 0xD7BD, 0xB6BD, 0xD7BD, 0xD7BD, 0xD7BD, 0xD7BD, 0xD6BD, 0xF7BD, 0xD7BD, 0xA210, 0x0000,
  0x0000, 0x8210, 0xBAD6, 0xFFFF, 0x5DEF, 0x5DEF, 0x3DEF, 0x3CE7, 0x3CE7, 0x5DE7, 0x5DEF, 0x3DEF, 0x3DEF, 0x5DEF, 0x5DEF, 0x5DEF,
  0x5DEF, 0x5DEF, 0x3DEF, 0x3DEF, 0x5DEF, 0x5DEF, 0x7DEF, 0x9EF7, 0x7DEF, 0x18C6, 0x55AD, 0xCB5A, 0x0000, 0x0000, 0x8E73, 0xFFFF,
  0x5DEF, 0x3CE7, 0x5DEF, 0x5DEF, 0x5DEF, 0x5DEF, 0x5DEF, 0x5DEF, 0x5DEF, 0x5DEF, 0x3CEF, 0x3CE7, 0x3CE7, 0x3CE7, 0x3CE7, 0x5DEF,
  0x5DEF, 0x5DEF, 0x7DEF, 0x5DEF, 0xFBDE, 0x18C6, 0x75AD, 0xAE73, 0x8210, 0x0000, 0xAE73, 0xFFFF, 0x5DEF, 0x1CE7, 0x3CE7, 0x3CE7,
  0x5DEF, 0x96B5, 0x1084, 0x2000, 0x2000, 0xA210, 0x4108, 0x2000, 0x2000, 0x0000, 0x8210, 0x2000, 0x8210, 0xDBDE, 0xFFFF, 0x3DEF,
  0x3DEF, 0x3CE7, 0x7DEF, 0x59CE, 0x35AD, 0x8631, 0x0000, 0x6108, 0x4108, 0x0000, 0x2000, 0x4108, 0x4108, 0x4108, 0x4108, 0x4108,
  0x2000, 0x4108, 0x4108, 0x4108, 0x4108, 0x4108, 0x2000, 0x2000, 0x4008, 0x4108, 0x4108, 0x4108, 0x2000, 0x2000, 0x2000, 0x0000,
  0x2000, 0x2008, 0x2000, 0x2000, 0x2000, 0x4108, 0x2000, 0x4108, 0x4108, 0x4108, 0x4108, 0x4008, 0x4108, 0x2000, 0x4108, 0x4108,
  0x4108, 0x4108, 0x4108, 0x4108, 0x4108, 0x4108, 0x4108, 0x4108, 0x4108, 0x4108, 0x8210, 0xE318, 0xE318, 0xA210, 0xC218, 0xA210,
  0x4108, 0x0000, 0xC318, 0x107C, 0x519C, 0x30A4, 0x30AC, 0x30AC, 0x30A4, 0x30A4, 0x30A4, 0x30A4, 0x30A4, 0x50A4, 0x30A4, 0x30A4,
  0x10A4, 0x10A4, 0x10A4, 0x10A4, 0xEFA3, 0xEF9B, 0xAF9B, 0x04A9, 0x01C0, 0x22D0, 0x21D0, 0x22D0, 0x22D0, 0x22D0, 0x22D0, 0x42D0,
  0x42D0, 0x00B0, 0x69C2, 0xAE63, 0x0000, 0x5074, 0x69CA, 0xC4D0, 0x46E1, 0x01D0, 0x42D0, 0x42D0, 0x42D0, 0x42D0, 0x42D0, 0x42D0,
  0x21C0, 0xE7C1, 0x107C, 0x0000, 0x0000, 0x8208, 0x75AD, 0x75ED, 0x0FDC, 0x50E4, 0x50E4, 0x50E4, 0x50E4, 0x51E4, 0x50E4, 0xB2E4,
  0xE7C1, 0xC4D0, 0x25E1, 0x01D0, 0x42D0, 0x42D0, 0x42D0, 0x42D8, 0x42D8, 0x42D8, 0x21B8, 0x65C1, 0x718C, 0x0000, 0x2000, 0x4529,
  0x4108, 0x0000, 0xA210, 0x4529, 0x8210, 0x0000, 0xAA4A, 0x79D6, 0x28BA, 0x00C0, 0x09EA, 0xE4D8, 0x01D0, 0x22D0, 0x22D0, 0x22C0,
  0x21A8, 0x21D0, 0x42D0, 0x42D0, 0x42D0, 0x42D0, 0x42D0, 0x42D0, 0x42D0, 0x42D0, 0x42D0, 0x62D0, 0x00D0, 0x6ACA, 0xCF6B, 0x0000,
  0x4108, 0x4108, 0x0000, 0x2000, 0x2000, 0x2000, 0x2000, 0x2000, 0x2000, 0x2000, 0x0000, 0xA210, 0x4529, 0xA210, 0x0000, 0x6521,
  0x55A5, 0x6DC3, 0x00C0, 0x25E1, 0x87E1, 0x22D0, 0x01D0, 0x42D8, 0x42D8, 0x42D0, 0x42D0, 0x42D0, 0x42D8, 0x62C8, 0x41B0, 0x20B0,
  0x2CBB, 0xB28C, 0x2419, 0x0000, 0x0000, 0x0000, 0x4108, 0x2000, 0x0000, 0x0000, 0x0000, 0x0000, 0x0000, 0xA210, 0x2421, 0x0000,
  0x4429, 0x4D6B, 0xAA52, 0xCB5A, 0xAB5A, 0xAA52, 0xAA52, 0xAA52, 0xAB5A, 0xCB5A, 0xCB5A, 0xAA52, 0xEB5A, 0x2842, 0x0000, 0x2008,
  0x0000, 0x4D6B, 0xFFFF, 0x7DEF, 0x5DEF, 0x5DEF, 0x7DEF, 0x9EF7, 0x7DEF, 0x7DEF, 0x7DEF, 0x9EF7, 0x9EF7, 0x9EF7, 0x9EF7, 0x9EF7,
  0x9EF7, 0x9EF7, 0x9EF7, 0x9EF7, 0x9EF7, 0x9EF7, 0x5DEF, 0xBAD6, 0xD7BD, 0x14A5, 0x494A, 0x0000, 0x0000, 0x8210, 0xBAD6, 0xFFFF,
  0x3CE7, 0x3DEF, 0x5DEF, 0x5DEF, 0x7DEF, 0x3CE7, 0x1CE7, 0xDBDE, 0xDBDE, 0x1CE7, 0x5DEF, 0x3CE7, 0x3CE7, 0x3DEF, 0x3DEF, 0x5DEF,
  0x7DEF, 0x3CE7, 0xBAD6, 0x18C6, 0x55AD, 0x718C, 0x494A, 0x0000, 0x0000, 0xA210, 0xBAD6, 0xFFFF, 0x3CE7, 0x3CEF, 0x3CE7, 0x7DEF,
  0xBAD6, 0x55AD, 0x2842, 0x0000, 0x2008, 0x4108, 0x0000, 0x2008, 0x2000, 0x4108, 0xA210, 0x0000, 0x4D6B, 0xFFFF, 0x9EF7, 0x5DEF,
  0x5DEF, 0x5DEF, 0x5DEF, 0xD7BD, 0x3084, 0x0000, 0x0000, 0x8210, 0x0000, 0x2000, 0x4108, 0x4108, 0x4108, 0x4108, 0x4108, 0x4108,
  0x2000, 0x4108, 0x4108, 0x4108, 0x4108, 0x4108, 0x4108, 0x4108, 0x2000, 0x4108, 0x4108, 0x4108, 0x2000, 0x2000, 0x0000, 0x0000,
  0x2000, 0x2000, 0x2000, 0x2000, 0x4008, 0x2000, 0x2000, 0x4108, 0x4108, 0x2008, 0x2000, 0x2008, 0x4108, 0x2000, 0x4108, 0x4108,
  0x4108, 0x4108, 0x4108, 0x4108, 0x4108, 0x4108, 0x4108, 0x4108, 0x4108, 0x4108, 0x2421, 0xE318, 0xA218, 0x6110, 0x8210, 0x8110,
  0x2000, 0x0000, 0x0000, 0x0000, 0xA210, 0xE310, 0xC310, 0xC310, 0xE310, 0x0419, 0x0419, 0xE318, 0xE318, 0xE318, 0xE318, 0xE318,
  0xE310, 0xE310, 0xE310, 0xE310, 0x0319, 0x0319, 0x3495, 0x65B9, 0xA3D0, 0x63D8, 0x21D0, 0x22D0, 0x42D0, 0x22D0, 0x42D0, 0x42D0,
  0x42C0, 0x21B0, 0x51B4, 0xE310, 0xA210, 0x75C5, 0x62C8, 0xC8E9, 0x42D0, 0x22D0, 0x42D0, 0x42D0, 0x42D0, 0x42D0, 0x42D0, 0x62C8,
  0x00B8, 0xEFBB, 0xC729, 0x0000, 0xC318, 0x55B5, 0x6DE3, 0x00B0, 0x62C0, 0x62C8, 0x62C8, 0x62C8, 0x62C8, 0x62C0, 0x62C0, 0x00C0,
  0x41D0, 0x09EA, 0x42D8, 0x22D0, 0x42D0, 0x42D0, 0x42D0, 0x42D0, 0x42D8, 0x62C8, 0x00B8, 0xAFCB, 0x8A42, 0x0000, 0xC318, 0xE318,
  0x0000, 0xE318, 0x6531, 0x4108, 0x0000, 0xEF6B, 0x59EE, 0x04B1, 0x82C8, 0x09EA, 0x63D0, 0x01D0, 0x22D0, 0x22D0, 0x21D0, 0x21D0,
  0x41B0, 0x21C8, 0x22D8, 0x42D0, 0x42D0, 0x42D0, 0x42D0, 0x42D0, 0x42D0, 0x42D0, 0x42D0, 0x42D0, 0x42D0, 0x62C8, 0xF4B4, 0xE318,
  0x0000, 0x4108, 0x2000, 0x0000, 0x2000, 0x2000, 0x2000, 0x2000, 0x0000, 0x2000, 0x0421, 0x2421, 0x2000, 0x0000, 0x0C53, 0x76C5,
  0xC7C1, 0x21C8, 0xC8E9, 0x05E1, 0x01D0, 0x22D0, 0x42D0, 0x22D0, 0x42D8, 0x42D8, 0x42D8, 0x42D0, 0x82B8, 0x00B0, 0x04B9, 0x51BC,
  0x6D5B, 0x2000, 0x0000, 0x2000, 0x0000, 0x4108, 0x2000, 0x2000, 0x2000, 0x2000, 0x2000, 0x4108, 0x4108, 0x2421, 0x4108, 0x0000,
  0x0000, 0x0000, 0x0000, 0x0000, 0x0000, 0x0000, 0x0000, 0x0000, 0x0000, 0x0000, 0x0000, 0x0000, 0x0000, 0x0000, 0x0000, 0x0000,
  0x6108, 0xBAD6, 0xFFFF, 0x3CE7, 0x5DEF, 0x7DEF, 0x5DEF, 0xDBDE, 0xDBDE, 0x9AD6, 0x9AD6, 0x79CE, 0x79CE, 0x59CE, 0x79CE, 0x79CE,
  0x9AD6, 0xBAD6, 0xBAD6, 0x9AD6, 0x79CE, 0x59C6, 0xB7B5, 0xF49C, 0x8E73, 0xE318, 0x0000, 0x2000, 0x0000, 0x0C63, 0xFFFF, 0xBEF7,
  0x5DEF, 0x5DEF, 0x5DEF, 0x3DEF, 0x96B5, 0x55AD, 0x55AD, 0x34A5, 0x34A5, 0x14A5, 0xD7BD, 0x5DEF, 0x5DEF, 0x5DEF, 0x5DEF, 0x7DEF,
  0x1CE7, 0x34A5, 0xB294, 0x3084, 0x8A52, 0x8210, 0x0000, 0x2000, 0x0000, 0x2D6B, 0xFFFF, 0x9EF7, 0x5DEF, 0x5DEF, 0x5DEF, 0x7DEF,
  0xB6B5, 0x9294, 0x6108, 0x0000, 0x2000, 0x2000, 0x2000, 0x6108, 0x8210, 0xE318, 0x4108, 0x4108, 0x9AD6, 0xFFFF, 0x5DEF, 0x5DEF,
  0x5DEF, 0x7DF7, 0x9AD6, 0xB6B5, 0xE739, 0x0000, 0x6108, 0x4108, 0x0000, 0x2000, 0x4108, 0x4108, 0x4108, 0x4108, 0x4108, 0x4108,
  0x2000, 0x4108, 0x4008, 0x4108, 0x4108, 0x4108, 0x2000, 0x4108, 0x4108, 0x2000, 0x2000, 0x2000, 0x2000, 0x0000, 0x0000, 0x2008,
  0x2000, 0x2000, 0x2100, 0x4008, 0x4108, 0x2000, 0x4108, 0x4108, 0x2108, 0x2008, 0x2008, 0x4108, 0x2000, 0x4108, 0x4108, 0x4108,
  0x4108, 0x4108, 0x4108, 0x4108, 0x4108, 0x4108, 0x4108, 0x4108, 0x2000, 0xC318, 0xE318, 0x0000, 0x2000, 0x6108, 0x6208, 0x8208,
  0x8208, 0x8208, 0xA210, 0xC310, 0x6208, 0x4100, 0x4100, 0x6108, 0x4108, 0x0000, 0x0000, 0x0000, 0x0000, 0x0000, 0x0000, 0x0000,
  0x0000, 0x0000, 0x0000, 0x0000, 0x0000, 0xA629, 0x34D5, 0x00C0, 0xA7E1, 0x21D0, 0x42D0, 0x42D0, 0x22D0, 0x42D0, 0x42D0, 0x42D0,
  0x00B0, 0xE8C1, 0x5184, 0x0000, 0x1074, 0x8ED3, 0x42C8, 0xA7E1, 0x01C8, 0x42D0, 0x42D0, 0x42D0, 0x42D0, 0x42D0, 0x42D0, 0x21B8,
  0x25B9, 0x3084, 0x2000, 0x0000, 0xE731, 0x75D5, 0x00C0, 0xE3D8, 0xA7E1, 0x05D9, 0x05D9, 0x05D9, 0x25D9, 0x05E1, 0x05E1, 0xE4E0,
  0x05E1, 0xA3D8, 0x01D0, 0x42D0, 0x42D0, 0x42D0, 0x42D0, 0x42D0, 0x42D0, 0x41B8, 0xC3C0, 0xB2A4, 0x6108, 0x2000, 0x0421, 0x4108,
  0xE318, 0x2421, 0x0000, 0x2000, 0x75A5, 0x96ED, 0x20B0, 0x25D9, 0xE8E9, 0x22D0, 0x01C8, 0x42D0, 0x22D0, 0x22D0, 0x22D0, 0x21D8,
  0x42C8, 0x41C0, 0x21D8, 0x42D0, 0x42D0, 0x42D0, 0x42D0, 0x42D0, 0x42D0, 0x42D0, 0x42D0, 0x42D0, 0x63D0, 0x00D0, 0x4DD3, 0x6D5B,
  0x0000, 0x2000, 0x2000, 0x0000, 0x2000, 0x2000, 0x2000, 0x0000, 0x8210, 0x6529, 0xE318, 0x0000, 0x8208, 0xF494, 0xD3D4, 0x61B8,
  0x04D9, 0x08EA, 0x83D8, 0x01D0, 0x42D0, 0x22D0, 0x22D0, 0x42D0, 0x42D0, 0x42D8, 0x42D8, 0x62B8, 0x00A8, 0x6ABA, 0x14AD, 0x283A,
  0x0000, 0x0000, 0x2000, 0x6108, 0x0421, 0x4529, 0x4529, 0x2421, 0x2421, 0x2429, 0x4529, 0x4529, 0x4529, 0x2429, 0xE318, 0xC218,
  0xC318, 0x0421, 0xE320, 0xA210, 0x4108, 0x2000, 0x2000, 0x2000, 0x2000, 0x2000, 0x2000, 0x2000, 0x2000, 0x0000, 0x2000, 0x0000,
  0x2C63, 0xFFFF, 0xBEF7, 0x7DEF, 0x7DEF, 0x9EF7, 0xBAD6, 0x34AD, 0x9294, 0x518C, 0x3084, 0x1084, 0x1084, 0x1084, 0x1084, 0x3084,
  0x3084, 0x3084, 0x3084, 0x1084, 0x3084, 0xEF7B, 0x0C63, 0x6529, 0x0000, 0x0000, 0x0000, 0x0000, 0x2000, 0x38C6, 0xFFFF, 0x7EEF,
  0x7DEF, 0x7DEF, 0x9EF7, 0x9AD6, 0x14A5, 0x0842, 0xA631, 0xA631, 0x8631, 0xEF7B, 0xDADE, 0x3CE7, 0x9EF7, 0x7DEF, 0x5DEF, 0x7DEF,
  0xFBDE, 0x38C6, 0xEB5A, 0x0000, 0x0000, 0x0000, 0x2008, 0x2000, 0x6108, 0x9AD6, 0xFFFF, 0x5DEF, 0x5DEF, 0x7DEF, 0x9EF7, 0xFBDE,
  0x76B5, 0xAA52, 0x0000, 0x6108, 0xE318, 0x0321, 0xE318, 0x0421, 0x4529, 0x2421, 0x0000, 0xEC62, 0xFFFF, 0x9EF7, 0x5DEF, 0x7DEF,
  0x7DEF, 0x7DEF, 0xF7BD, 0x718C, 0x2000, 0x0000, 0x8210, 0x0000, 0x2000, 0x2000, 0x4108, 0x4108, 0x4108, 0x4108, 0x4108, 0x2000,
  0x4108, 0x4108, 0x4008, 0x4108, 0x4108, 0x4108, 0x4008, 0x4108, 0x4108, 0x2000, 0x2000, 0x2000, 0x2000, 0x0000, 0x4110, 0x6108,
  0x2000, 0x2000, 0x4000, 0x4108, 0x4108, 0x2000, 0x4108, 0x2000, 0x2008, 0x4008, 0x4008, 0x2008, 0x2000, 0x4108, 0x4108, 0x4108,
  0x4108, 0x4108, 0x4108, 0x4108, 0x4108, 0x4108, 0x4108, 0x4108, 0x4108, 0x2421, 0x4108, 0xC318, 0xF7C5, 0xB6CD, 0xD7CD, 0xD7CD,
  0x96C5, 0x75C5, 0x96C5, 0xB6C5, 0x96C5, 0x75BD, 0x34BD, 0x76BD, 0x2421, 0x0000, 0x0000, 0x0000, 0x0000, 0x0000, 0x0000, 0x0000,
  0x0000, 0x0000, 0x0000, 0x0000, 0x0000, 0x3495, 0x8ACA, 0xC3D8, 0x25E1, 0x01D0, 0x42D0, 0x22D0, 0x42D0, 0x42D0, 0x42D0, 0x62C8,
  0x00B8, 0x30BC, 0xC629, 0x4108, 0x38CE, 0xC3C0, 0xA7E9, 0x83D0, 0x22D0, 0x42D0, 0x42D0, 0x42D0, 0x42D0, 0x42D0, 0x62D0, 0x00B8,
  0x2DBB, 0xC729, 0x0000, 0x0000, 0x0000, 0xAF6B, 0x28C2, 0x00D0, 0x00D0, 0x01D0, 0x01C8, 0x01C8, 0x01D0, 0x01D0, 0x01D0, 0x01D0,
  0x01D0, 0x01D0, 0x22D0, 0x22D0, 0x42D0, 0x42D0, 0x42D0, 0x42D8, 0x62C8, 0x00B0, 0x0CC3, 0x2C53, 0x0000, 0x6108, 0xC318, 0x2421,
  0x0421, 0x0000, 0x0421, 0x79C6, 0x71E4, 0x00C0, 0xA7E9, 0xA7E9, 0x01D0, 0x01D0, 0x22D0, 0x22D0, 0x22D0, 0x22D0, 0x21D0, 0x21D0,
  0x21B8, 0x00B0, 0x01D0, 0x22D0, 0x42D0, 0x42D0, 0x42D0, 0x42D0, 0x42D0, 0x42D0, 0x42D0, 0x42D0, 0x42D0, 0x21D0, 0xC3D0, 0xF3A4,
  0x6108, 0x0000, 0x4108, 0x0000, 0x0000, 0x2000, 0x2000, 0xE318, 0x4529, 0x8210, 0x0000, 0x6A42, 0x59CE, 0x4CCB, 0x00B8, 0xA7E1,
  0xA7E1, 0x21D0, 0x01D0, 0x42D0, 0x22D0, 0x22D0, 0x42D0, 0x42D0, 0x22D0, 0x42C8, 0x00C0, 0x20B8, 0x4DB3, 0xEF73, 0x2000, 0x0000,
  0x0000, 0x0000, 0x0000, 0x0000, 0x0000, 0x0000, 0x0000, 0x0000, 0x0000, 0x0000, 0x0000, 0x0000, 0x0000, 0x0000, 0x0000, 0x2000,
  0x2000, 0x2000, 0x4108, 0x8110, 0x2000, 0x0000, 0x2000, 0x0000, 0x0000, 0x2000, 0x2000, 0x2000, 0x2000, 0xA210, 0x2000, 0x4108,
  0x79D6, 0xFFFF, 0x9EF7, 0x9EF7, 0x7DEF, 0xBEF7, 0x59CE, 0xD39C, 0x6108, 0x0000, 0x0000, 0x0000, 0x0000, 0x0000, 0x0000, 0x0000,
  0x0000, 0x0000, 0x0000, 0x0000, 0x0000, 0x0000, 0x0000, 0x0000, 0x0000, 0x2000, 0x4108, 0x0000, 0x8A52, 0xFFFF, 0x9EF7, 0x7DEF,
  0x7EF7, 0x9EF7, 0x9EF7, 0x38CE, 0xEF7B, 0x0000, 0x0000, 0x0000, 0x0000, 0xC739, 0x1CE7, 0xFBDE, 0x9EF7, 0x7DEF, 0x7DEF, 0x7DEF,
  0x5DEF, 0x1CE7, 0x718C, 0x0000, 0x2000, 0x0000, 0x4108, 0x0000, 0x2D6B, 0xFFFF, 0xBEF7, 0x7DEF, 0x7DEF, 0x7DEF, 0x9EF7, 0x39C6,
  0xB294, 0x2000, 0x0000, 0x0000, 0x0000, 0x0000, 0x0000, 0x0000, 0x0000, 0x0000, 0x2000, 0xBBD6, 0xFFFF, 0x7DEF, 0x7DEF, 0x7DEF,
  0xBEF7, 0xFBDE, 0xD7BD, 0x2842, 0x0000, 0x6108, 0x6108, 0x0000, 0x4008, 0x2000, 0x4108, 0x4108, 0x4108, 0x4108, 0x4108, 0x2000,
  0x6108, 0x4108, 0x4108, 0x4108, 0x4108, 0x4108, 0x4108, 0x2000, 0x2008, 0x2000, 0x2000, 0x0000, 0x2008, 0x6108, 0x6108, 0x6110,
  0x2000, 0x2000, 0x2000, 0x4108, 0x4108, 0x2000, 0x4108, 0x2000, 0x4108, 0x4108, 0x4108, 0x4108, 0x2000, 0x4108, 0x4108, 0x4108,
  0x4108, 0x4108, 0x4108, 0x4108, 0x2000, 0x4108, 0x4108, 0x4108, 0xA210, 0x2421, 0x0000, 0x307C, 0x10E4, 0x61C0, 0xE3C8, 0xC3C0,
  0xA3B8, 0xA2B8, 0xC3C0, 0xC3C8, 0xE3C8, 0xA2C0, 0xE3C8, 0x55BD, 0x8E5B, 0x4D5B, 0x6D5B, 0x6D63, 0x6D63, 0x8E63, 0x8E63, 0x8E63,
  0x8E63, 0x8E63, 0xCF6B, 0x8E63, 0xF394, 0x34D5, 0x21B0, 0xE8E1, 0x21D0, 0x21D0, 0x21D0, 0x21D0, 0x21D0, 0x22D0, 0x42D0, 0x20C0,
  0x66C9, 0x928C, 0x0000, 0x6D63, 0xB2DC, 0x42C0, 0x49EA, 0x01D0, 0x42D0, 0x22D0, 0x42C8, 0x42D0, 0x42C8, 0x42D0, 0x21B0, 0xC3B0,
  0x96AD, 0x8E5B, 0x4D5B, 0x4D5B, 0x0C53, 0x516C, 0x35BD, 0x41C0, 0x01C8, 0x21D0, 0x21D0, 0x22D0, 0x22D0, 0x22D0, 0x22D0, 0x22D0,
  0x22D0, 0x22D0, 0x21D0, 0x21D0, 0x42D0, 0x22D0, 0x22D0, 0x22D0, 0x21C0, 0x62B8, 0xD3AC, 0xC310, 0x0000, 0x4008, 0xE318, 0xC318,
  0x0000, 0x4942, 0x1CE7, 0xEBCA, 0x00B8, 0x09EA, 0x25E1, 0x00C8, 0x00C8, 0x00D0, 0x00D0, 0x00C8, 0x00D0, 0x00D0, 0x21C0, 0x00A8,
  0xA2A0, 0x65A9, 0x00C0, 0x21C8, 0x22D0, 0x21D0, 0x21D0, 0x22C8, 0x22C8, 0x22C8, 0x22C8, 0x22D0, 0x42D0, 0x42D0, 0x00C0, 0xCFCB,
  0x0C53, 0x0000, 0x4108, 0x2000, 0x0000, 0x2000, 0xE318, 0x0421, 0x0000, 0x0000, 0x928C, 0x9AF6, 0xA6C1, 0x41C0, 0x29EA, 0x05D9,
  0x00C8, 0x21D0, 0x21D0, 0x21D0, 0x21D0, 0x22D0, 0x42D0, 0x22D0, 0x21C0, 0x41A8, 0x66B9, 0x76C5, 0x59AE, 0x2C5B, 0xEC52, 0x2C5B,
  0x2D5B, 0x4D5B, 0x6D63, 0x6D5B, 0x4D5B, 0x4D5B, 0x2C5B, 0x2C53, 0x2C53, 0x2C53, 0x0C53, 0x0C53, 0xCB52, 0xEB5A, 0xA631, 0x0000,
  0x0000, 0x4008, 0x8210, 0x2000, 0x0000, 0x0000, 0x0000, 0x0000, 0x0000, 0x0000, 0x0000, 0x0000, 0x4108, 0x0421, 0x0000, 0xEB5A,
  0xFFFF, 0x9EF7, 0x7DEF, 0x9EF7, 0xBEF7, 0x3CE7, 0xF7BD, 0x8A52, 0x0000, 0x0000, 0x0000, 0x0000, 0x0000, 0x0000, 0x0000, 0x0000,
  0x0000, 0x0000, 0x0000, 0x0000, 0x0000, 0x0000, 0x0000, 0x0000, 0x2000, 0x8210, 0x6108, 0x0000, 0x38C6, 0xFFFF, 0x5DEF, 0x7DEF,
  0x7DEF, 0x9EF7, 0xDBDE, 0x18C6, 0xA631, 0x0000, 0x2008, 0x0000, 0x0000, 0x8210, 0x38C6, 0xFBDE, 0x7DEF, 0x9EF7, 0x7DEF, 0x7DEF,
  0x9EF7, 0x3CE7, 0x18C6, 0xA210, 0x0000, 0x4108, 0x2000, 0x2000, 0x79CE, 0xFFFF, 0x9EF7, 0x9EF7, 0x9EF7, 0x7DEF, 0x7DEF, 0x1CE7,
  0x59CE, 0x14A5, 0x34A5, 0x14A5, 0x14A5, 0x34A5, 0x34A5, 0x34A5, 0x34A5, 0x14A5, 0xD7BD, 0xFFFF, 0xBEF7, 0x7DEF, 0x7DF7, 0x7DEF,
  0x9EF7, 0x7AD6, 0x14A5, 0x4108, 0x0000, 0x8210, 0x2000, 0x2000, 0x4008, 0x4108, 0x4108, 0x4108, 0x4108, 0x4108, 0x4108, 0x4108,
  0x4108, 0x4108, 0x4108, 0x4108, 0x4108, 0x4108, 0x4108, 0x2000, 0x2000, 0x2000, 0x0000, 0x2008, 0x6108, 0x6108, 0x4118, 0x4118,
  0x2000, 0x2000, 0x2000, 0x2000, 0x2000, 0x2000, 0x2000, 0x4108, 0x4008, 0x4108, 0x4108, 0x4108, 0x4108, 0x4108, 0x4108, 0x4108,
  0x4108, 0x4108, 0x4108, 0x4008, 0x4108, 0x4108, 0x4108, 0x2000, 0xE318, 0x6108, 0x8210, 0x59D6, 0xC3B8, 0x86E1, 0x66D9, 0x46D9,
  0x46D9, 0x46D9, 0x66D9, 0x66D9, 0xA7E1, 0x82C8, 0x62B0, 0x2DC3, 0x8ED3, 0xAEDB, 0xAEDB, 0xAED3, 0x8ED3, 0x8ED3, 0x8EDB, 0x8ED3,
  0x8ED3, 0xAED3, 0xAED3, 0xEFDB, 0xCBD2, 0x40B8, 0x08E2, 0x25D9, 0x00C0, 0x00C8, 0x00C8, 0x00C8, 0x00C8, 0x00C8, 0x20C8, 0x00B0,
  0x8EBB, 0x493A, 0x0000, 0x18BE, 0x65C1, 0xC7E1, 0x04D9, 0x00C8, 0x20C8, 0x00C8, 0x00C8, 0x00C8, 0x00C8, 0x00C0, 0x62C0, 0x25C1,
  0xCBBA, 0x4CCB, 0x6DD3, 0x6DCB, 0x2CCB, 0x0CBB, 0xCBBA, 0x41B0, 0x62C8, 0x42D0, 0x01C8, 0x21D0, 0x01C8, 0x21C8, 0x21C8, 0x00C8,
  0x00C8, 0x00C8, 0x00C8, 0x00C8, 0x00C8, 0x00C8, 0x00C8, 0x00C0, 0x00B0, 0x8AC2, 0xEF73, 0x0000, 0x2000, 0x6108, 0x4108, 0x0000,
  0x6D63, 0xBAF6, 0x85C1, 0x82C8, 0x4AF2, 0xA3D0, 0x00C8, 0x00C8, 0x00C8, 0x00C8, 0x00C8, 0x00C8, 0x00C8, 0x20C0, 0x00A8, 0x24A9,
  0x92A4, 0x71A4, 0x20B0, 0x00C0, 0x00C8, 0x00C8, 0x00C8, 0x00C8, 0x00C8, 0x00C8, 0x00C8, 0x00C8, 0x00C8, 0x21C8, 0x00C8, 0x25C9,
  0x14A5, 0x2000, 0x0000, 0x4108, 0x2000, 0x4108, 0x0421, 0x2000, 0xA310, 0xD7BD, 0x92E4, 0x41B0, 0x65D9, 0x29EA, 0x61D0, 0x00C8,
  0x00C8, 0x00C8, 0x00C8, 0x00C8, 0x00C8, 0x00C8, 0x00C8, 0x21C8, 0x20B8, 0x41A8, 0xCAAA, 0x4DBB, 0x2CC3, 0x6DD3, 0x4DCB, 0x4DC3,
  0x4DC3, 0x6DCB, 0x8DCB, 0x8DD3, 0x6DCB, 0x4DCB, 0x4DCB, 0x4DCB, 0x6DD3, 0x6DD3, 0x8EDB, 0x2CCB, 0x14CD, 0x55A5, 0x0421, 0x0000,
  0x6108, 0xA210, 0x2000, 0x0000, 0x2000, 0x2000, 0x0000, 0x2000, 0x2000, 0x0000, 0x0000, 0x0000, 0xA218, 0x6108, 0x4108, 0x9AD6,
  0xFFFF, 0x7EF7, 0x7EF7, 0x9EF7, 0xBEF7, 0x59CE, 0x14A5, 0x8210, 0x0000, 0x4108, 0x2000, 0x2000, 0x2000, 0x2000, 0x2000, 0x2000,
  0x2000, 0x2000, 0x2000, 0x2000, 0x2000, 0x2000, 0x2000, 0x0000, 0x4108, 0xC318, 0x0000, 0x8A52, 0xFFFF, 0xDFFF, 0x7DEF, 0x7EF7,
  0x7DF7, 0x5DEF, 0x18C6, 0x9194, 0x2000, 0x4008, 0x6108, 0x4108, 0x4108, 0x0000, 0xB294, 0x5DEF, 0x5DEF, 0x9EF7, 0x9EF7, 0x9EF7,
  0x7EF7, 0x3CE7, 0x3CE7, 0x494A, 0x0000, 0x6108, 0x0000, 0x494A, 0xFFFF, 0xBEF7, 0x9EF7, 0x9EF7, 0x9EF7, 0x9EF7, 0x7DF7, 0x9EF7,
  0xFFFF, 0xFFFF, 0xFFFF, 0xFFFF, 0xFFFF, 0xFFFF, 0xFFFF, 0xFFFF, 0xFFFF, 0xFFFF, 0xFFFF, 0xBEF7, 0x9EF7, 0x7DEF, 0x7DEF, 0x9EF7,
  0x1CE7, 0x59CE, 0xAA52, 0x0000, 0x4108, 0x6110, 0x0000, 0x2000, 0x4108, 0x2008, 0x4108, 0x4108, 0x4108, 0x4108, 0x4108, 0x2000,
  0x6108, 0x4108, 0x4108, 0x4108, 0x4108, 0x4008, 0x2000, 0x2000, 0x0000, 0x0000, 0x4010, 0x6108, 0x6108, 0x4118, 0x4110, 0x6100,
  0x2000, 0x2000, 0x2000, 0x2000, 0x2000, 0x2000, 0x2000, 0x4108, 0x2008, 0x4108, 0x4108, 0x4108, 0x2000, 0x4108, 0x4108, 0x4108,
  0x4108, 0x4108, 0x4108, 0x2000, 0x6108, 0x4108, 0x4108, 0x6108, 0x0421, 0x0000, 0xAE6B, 0xD2E4, 0x61C8, 0x08E2, 0x00C0, 0x00C0,
  0x00C0, 0x00C0, 0x00C0, 0x00C0, 0x00C0, 0x20C8, 0x62C8, 0xA3C8, 0x04D1, 0x04D1, 0x04D1, 0xE4D0, 0xE4D0, 0x04D1, 0x04D1, 0x04D1,
  0x04D1, 0xE4C8, 0xE4C8, 0xC3C0, 0xE4C8, 0x49EA, 0x85D9, 0x00C0, 0x00C0, 0x00C0, 0x00C0, 0x00C0, 0x00C0, 0x00C8, 0x00B0, 0xC3A0,
  0xB29C, 0x2000, 0x6529, 0xB6DD, 0x41B8, 0xE8E1, 0x00B8, 0x00C0, 0x00C0, 0x00C0, 0x00C0, 0x00C0, 0x00C0, 0x00C0, 0x20C0, 0x21C8,
  0x83D0, 0x04D9, 0xE4D0, 0x04D1, 0x04D1, 0x04D1, 0x05D1, 0xC7D9, 0x86E1, 0x20C8, 0x00C8, 0x00C8, 0x00C8, 0x00C0, 0x00C0, 0x00C8,
  0x00C0, 0x00C0, 0x00C0, 0x00C0, 0x00C0, 0x00C8, 0x00C8, 0x00B8, 0x00A0, 0x71B4, 0x6521, 0x0000, 0x4108, 0x0000, 0x0000, 0xB38C,
  0xB6E5, 0x61A0, 0x05D1, 0x49EA, 0x61C8, 0x00C0, 0x00C0, 0x00C0, 0x00C0, 0x00C0, 0x00C0, 0x00C0, 0x20B0, 0x0098, 0x29B2, 0xF49C,
  0x6521, 0xEF73, 0x08BA, 0x00B8, 0x00C0, 0x00C0, 0x00C0, 0x00C0, 0x00C0, 0x00C0, 0x00C0, 0x00C0, 0x00C0, 0x00C0, 0x21C8, 0x00C0,
  0x92CC, 0x693A, 0x0000, 0x6108, 0x2000, 0x8210, 0x8210, 0x0000, 0x149D, 0x8ED3, 0x00A8, 0xE8E1, 0x86E1, 0x00C8, 0x00C0, 0x00C0,
  0x00C0, 0x00C0, 0x00C8, 0x00C8, 0x00C8, 0x00C8, 0x00C8, 0x00C0, 0x62D0, 0xE4D0, 0x05D1, 0xE4D0, 0x25D9, 0x45D1, 0x45D1, 0x04D1,
  0xE4D0, 0xE4D0, 0xE4D0, 0xE4D0, 0xE4D0, 0xE4D0, 0x04D1, 0x04D1, 0x44D9, 0x85E1, 0x00C0, 0x0098, 0x319C, 0x8208, 0x0000, 0x4108,
  0x6108, 0x0000, 0x0000, 0x2000, 0x2000, 0x2000, 0x2000, 0x2000, 0x2000, 0x2000, 0x2000, 0x6108, 0x0421, 0x0000, 0x8A52, 0xFFFF,
  0xDFFF, 0x9EF7, 0x9EF7, 0x9EF7, 0x3CE7, 0x18C6, 0x4D6B, 0x0000, 0x4108, 0x6108, 0x0000, 0x0000, 0x0000, 0x0000, 0x0000, 0x0000,
  0x0000, 0x0000, 0x0000, 0x0000, 0x0000, 0x0000, 0x2000, 0x2000, 0xC318, 0x6108, 0x0000, 0xF7BD, 0xFFFF, 0x9EF7, 0x9EF7, 0x9EF7,
  0xBEF7, 0xDBDE, 0xF7BD, 0x0842, 0x0000, 0x6108, 0x4108, 0x2000, 0xA210, 0x0000, 0xAB5A, 0x9EF7, 0x7DEF, 0x9EF7, 0x7DF7, 0x7DF7,
  0x7DEF, 0x5DEF, 0xBEF7, 0x518C, 0x0000, 0x2000, 0x0000, 0x1084, 0xFFFF, 0xBEF7, 0x7DEF, 0x9EF7, 0x9EF7, 0x9EF7, 0x9EF7, 0x9EF7,
  0x7DEF, 0x7DEF, 0x7DEF, 0x7DEF, 0x7DEF, 0x7DEF, 0x7DEF, 0x7DEF, 0x7DEF, 0x7DEF, 0x7DEF, 0x9EF7, 0x9EF7, 0x7DEF, 0xBEF7, 0xFBDE,
  0xD7BD, 0xB29C, 0x4108, 0x0000, 0xA210, 0x4108, 0x0000, 0x2000, 0x4108, 0x4108, 0x6108, 0x4108, 0x4108, 0x4108, 0x4108, 0x2000,
  0x6108, 0x4108, 0x4108, 0x4108, 0x4008, 0x2000, 0x2000, 0x0000, 0x2008, 0x4110, 0x6108, 0x4118, 0x4118, 0x4108, 0x6100, 0x4108,
  0x2000, 0x2000, 0x2000, 0x2000, 0x4008, 0x2000, 0x4108, 0x4108, 0x4108, 0x4108, 0x4108, 0x4108, 0x2008, 0x4108, 0x4108, 0x4108,
  0x4108, 0x4108, 0x4108, 0x4108, 0x4108, 0x4108, 0x2000, 0xC318, 0x8210, 0x2000, 0x38C6, 0x65C1, 0xC7E1, 0xA2C8, 0x00B8, 0x00C0,
  0x00C0, 0x00C0, 0x00C0, 0x00B8, 0x00C0, 0x00C0, 0x20C8, 0xC3D0, 0x04D1, 0x04C9, 0x04C9, 0x04C9, 0x04C9, 0x04D1, 0x04D1, 0x04D1,
  0x04D1, 0x04D1, 0x04D1, 0xE4C8, 0xC3C8, 0x20C0, 0x00B8, 0x00C0, 0x00B8, 0x00C0, 0x00B8, 0x00B8, 0x00B8, 0x20B0, 0x0090, 0x6DBB,
  0x4D5B, 0x0000, 0xE731, 0xCFB3, 0x00B0, 0xA2C8, 0x00B8, 0x00B8, 0x00B8, 0x00B8, 0x00B8, 0x00B8, 0x00B8, 0x00C0, 0x00C0, 0x00C0,
  0x82C8, 0xE4C8, 0xE4C8, 0xE4C8, 0xE4C8, 0xE4C8, 0x04D1, 0xC3C8, 0x00C0, 0x00C0, 0x00C0, 0x00C0, 0x00C0, 0x00C0, 0x00C0, 0x00C0,
  0x00B8, 0x00B8, 0x00B8, 0x00B8, 0x00C0, 0x00C0, 0x20C0, 0x0098, 0xC7A9, 0x5184, 0x0000, 0x2000, 0x0000, 0xA210, 0x18B6, 0xB2DC,
  0x0098, 0x87D9, 0xE8E1, 0x00B8, 0x00B8, 0x00B8, 0x00B8, 0x00C0, 0x00B8, 0x00C0, 0x00B8, 0x0098, 0x0098, 0x4DB3, 0x928C, 0xA210,
  0x0000, 0xC731, 0x51B4, 0x00B0, 0x00B8, 0x00B8, 0x00B8, 0x00B8, 0x00B8, 0x00B8, 0x00B8, 0x00B8, 0x00B8, 0x00C0, 0x20C0, 0x00C8,
  0x07CA, 0x149D, 0x0000, 0x2000, 0x2000, 0xC318, 0x0000, 0x4521, 0x18DE, 0x00A8, 0x49EA, 0xA2C8, 0x00C0, 0x00C0, 0x00C0, 0x00C0,
  0x00C0, 0x00C0, 0x00C0, 0x00C0, 0x00C0, 0x00C0, 0x00C0, 0x00C0, 0x00C0, 0x82C8, 0xE4C8, 0x04C9, 0x04D1, 0x24D1, 0x04D1, 0x04D1,
  0x04D1, 0x04D1, 0xE4C8, 0xE4C8, 0xE4C8, 0x04C9, 0x04D1, 0x04D1, 0x24D9, 0x24D1, 0x2098, 0xAAAA, 0x6D63, 0x0000, 0x4108, 0x6108,
  0x0000, 0x0000, 0x2000, 0x2000, 0x2000, 0x2000, 0x2000, 0x2000, 0x2000, 0x2000, 0x2000, 0xE318, 0xA210, 0x0000, 0xB6B5, 0xFFFF,
  0x9EF7, 0x9EF7, 0x9EF7, 0xDFFF, 0xDBDE, 0xD7BD, 0xE318, 0x0000, 0x8210, 0x2000, 0x0000, 0x2000, 0x2000, 0x2000, 0x2000, 0x2000,
  0x2000, 0x2000, 0x2000, 0x2000, 0x2000, 0x2000, 0x2000, 0x8110, 0x0421, 0x0000, 0xC739, 0xDFFF, 0xBEF7, 0x7DEF, 0x9EF7, 0x9EF7,
  0xBEF7, 0x9AD6, 0x14A5, 0x2000, 0x0000, 0x8210, 0x0000, 0x2000, 0xC318, 0x0000, 0xE318, 0xBAD6, 0x7DEF, 0x7DEF, 0x7DEF, 0x7DF7,
  0x9EF7, 0x7DF7, 0xBEF7, 0x18C6, 0x4108, 0x0000, 0x0000, 0xEB62, 0xDBDE, 0xBAD6, 0xBEF7, 0x7EF7, 0x9EF7, 0x9EF7, 0x9EF7, 0x9EF7,
  0x9EF7, 0x7EF7, 0x9EF7, 0x9EF7, 0x9EF7, 0x9EF7, 0x9EF7, 0x7DF7, 0x7DEF, 0x7DEF, 0x9EF7, 0x9EF7, 0xBEF7, 0xDFFF, 0xDBDE, 0x96B5,
  0xB294, 0x0421, 0x0000, 0x6108, 0xC318, 0x0000, 0x2000, 0x4108, 0x4108, 0x6108, 0x4108, 0x4108, 0x4108, 0x4108, 0x4108, 0x4108,
  0x4108, 0x4108, 0x4108, 0x4108, 0x2000, 0x2000, 0x0000, 0x4110, 0x6108, 0x6108, 0x4120, 0x6120, 0x8108, 0x6100, 0x4110, 0x4120,
  0x2000, 0x2000, 0x2000, 0x4108, 0x4108, 0x2008, 0x4108, 0x4108, 0x4108, 0x4108, 0x4108, 0x4108, 0x4108, 0x2000, 0x4108, 0x6108,
  0x6108, 0x6108, 0x4108, 0x6108, 0x4108, 0x4008, 0x4108, 0x2421, 0x0000, 0xCB52, 0x55DD, 0x41B8, 0x08E2, 0x00B8, 0x00B8, 0x00B8,
  0x00B8, 0x00B8, 0x00B8, 0x00B8, 0x00B8, 0x00B8, 0x00B8, 0x00B8, 0x00B8, 0x00B8, 0x00B8, 0x00B8, 0x00B8, 0x00B8, 0x00B8, 0x00B8,
  0x00B8, 0x00B8, 0x00B8, 0x00B8, 0x00B8, 0x00B8, 0x00B0, 0x00B8, 0x00B8, 0x00B8, 0x00B8, 0x00B0, 0x00A8, 0x0088, 0x65A1, 0xD29C,
  0x8208, 0x0000, 0x0419, 0x10A4, 0x00A0, 0x00B8, 0x00B8, 0x00B8, 0x00B8, 0x00B8, 0x00B0, 0x00B0, 0x00B8, 0x00B8, 0x00B8, 0x00B8,
  0x00B0, 0x00B0, 0x00B0, 0x00B0, 0x00B0, 0x00B0, 0x00B0, 0x00B0, 0x00B8, 0x00B8, 0x00B8, 0x00B8, 0x00B8, 0x00B8, 0x00B8, 0x00B0,
  0x00B8, 0x00B0, 0x00B8, 0x00B8, 0x00B8, 0x00A8, 0x0090, 0xC398, 0xF3B4, 0x6521, 0x2000, 0x0000, 0x6629, 0x79CE, 0x4DCB, 0x00B0,
  0x49EA, 0x65D1, 0x00B0, 0x00B0, 0x00B0, 0x00B0, 0x00B8, 0x00B8, 0x00B8, 0x20B0, 0x0098, 0x4190, 0x10B4, 0xCF6B, 0x2000, 0x0000,
  0x2000, 0x0000, 0xB28C, 0x85B1, 0x00B0, 0x00B0, 0x00B8, 0x00B8, 0x00B8, 0x00B8, 0x00B8, 0x00B8, 0x00B8, 0x00B8, 0x00B8, 0x20C8,
  0x00C8, 0x34CD, 0xC731, 0x0000, 0x2000, 0x6108, 0x0000, 0xB38C, 0x4DCB, 0xA3C0, 0xA6D9, 0x00B0, 0x00B8, 0x00B8, 0x00B8, 0x00B8,
  0x00B8, 0x00B8, 0x00B8, 0x00B8, 0x00B8, 0x00B8, 0x00B8, 0x00B8, 0x00B8, 0x00B8, 0x00B8, 0x00B8, 0x00B0, 0x00B0, 0x00B8, 0x00B8,
  0x00B0, 0x00B0, 0x00B0, 0x00B0, 0x00B0, 0x00B0, 0x00B8, 0x00B8, 0x00C0, 0x00A8, 0x2098, 0x72AC, 0xE310, 0x0000, 0x8210, 0x4108,
  0x0000, 0x2000, 0x2000, 0x2000, 0x2000, 0x2000, 0x2000, 0x2000, 0x2000, 0x2000, 0x4108, 0x0421, 0x0000, 0xC739, 0xFFFF, 0xDFFF,
  0x7DEF, 0x7DEF, 0x9EF7, 0x7DEF, 0x59CE, 0xAE73, 0x0000, 0x4108, 0x8210, 0x0000, 0x2000, 0x2000, 0x2000, 0x2000, 0x2000, 0x2000,
  0x2000, 0x2000, 0x2000, 0x2008, 0x2108, 0x4108, 0x2000, 0xA210, 0x8210, 0x0000, 0x34A5, 0xFFFF, 0x9EF7, 0x7DEF, 0x7DEF, 0x9EF7,
  0x1CE7, 0x79CE, 0xAA52, 0x0000, 0x8210, 0xA210, 0x0000, 0x2000, 0xA210, 0x4108, 0x0000, 0xD39C, 0x7EF7, 0x7DEF, 0x7DF7, 0x9DF7,
  0x9EF7, 0x7DEF, 0x7DEF, 0x9EF7, 0x8631, 0x0000, 0x0000, 0x4108, 0x9294, 0x18C6, 0xDBDE, 0x9EF7, 0x9EF7, 0x9EF7, 0x9EF7, 0x9EF7,
  0x9EF7, 0x9EF7, 0x9EF7, 0x9EF7, 0x9EF7, 0x9EF7, 0x9EF7, 0x9EF7, 0x9EF7, 0x7DEF, 0x7DEF, 0x7DEF, 0xFBDE, 0x38C6, 0x75AD, 0xCF7B,
  0xC318, 0x0000, 0x2000, 0xC318, 0x4108, 0x0000, 0x2000, 0x4108, 0x2008, 0x4108, 0x6108, 0x6108, 0x6108, 0x4108, 0x4108, 0x4108,
  0x2000, 0x4108, 0x4108, 0x4108, 0x2000, 0x2008, 0x4110, 0x8208, 0x6110, 0x4128, 0x6118, 0x8208, 0x8108, 0x4120, 0x4120, 0x6108,
  0x2000, 0x2000, 0x2000, 0x2008, 0x4000, 0x2000, 0x4108, 0x4108, 0x4108, 0x4108, 0x4108, 0x4108, 0x4000, 0x2000, 0x4108, 0x4108,
  0x4108, 0x4108, 0x2000, 0x4108, 0x4108, 0x2000, 0xC318, 0xC318, 0x0000, 0x96AD, 0xC7B9, 0x82B8, 0x82C0, 0x00B0, 0x00B0, 0x00B0,
  0x00B0, 0x00B0, 0x00B0, 0x00B0, 0x00B0, 0x00B0, 0x00B0, 0x00B0, 0x00B0, 0x00B0, 0x00B8, 0x00B8, 0x00B0, 0x00B0, 0x00B0, 0x00B0,
  0x00B0, 0x00B0, 0x00B8, 0x00B8, 0x00B0, 0x00B0, 0x00B0, 0x00B0, 0x00B0, 0x00B8, 0x20A8, 0x0088, 0x0088, 0xCBAA, 0x7194, 0x2419,
  0x0000, 0x0000, 0x0000, 0x9284, 0x48B2, 0x00A0, 0x20B0, 0x00B0, 0x00B0, 0x00B0, 0x00B0, 0x00B0, 0x00B0, 0x00B0, 0x00B0, 0x00B0,
  0x00B0, 0x00B0, 0x00B0, 0x00B0, 0x00B0, 0x00B0, 0x00B0, 0x00B0, 0x00B0, 0x00B0, 0x00B0, 0x00B0, 0x00B0, 0x00B0, 0x00B0, 0x00B0,
  0x00B0, 0x00B0, 0x00B0, 0x00B0, 0x00A0, 0x0090, 0x49A2, 0xD3A4, 0x083A, 0x0000, 0x0000, 0xCB52, 0x59CE, 0xA6A9, 0x21B0, 0x69EA,
  0xE3C0, 0x00A8, 0x00B0, 0x00B0, 0x00B0, 0x00B0, 0x00B0, 0x00B0, 0x20A0, 0x0090, 0xE398, 0xB2AC, 0xCB4A, 0x0000, 0x0000, 0x0000,
  0x0000, 0x0000, 0x4942, 0xCFB3, 0x00A0, 0x00A8, 0x00B0, 0x00B0, 0x00B0, 0x00B0, 0x00B0, 0x00B0, 0x00B0, 0x00B0, 0x00B0, 0x20C0,
  0x00C0, 0xAACA, 0x717C, 0x0000, 0x2000, 0x0000, 0xC318, 0x59DE, 0x62A8, 0xE7D9, 0x41B8, 0x00B0, 0x00B0, 0x00B0, 0x00B0, 0x00B8,
  0x00B0, 0x00B0, 0x00B0, 0x00B0, 0x00B0, 0x00B0, 0x00B0, 0x00B0, 0x00B0, 0x00B0, 0x00B0, 0x00B0, 0x00B0, 0x00B0, 0x00B0, 0x00B0,
  0x00B0, 0x00B0, 0x00B0, 0x00B0, 0x00B0, 0x00B8, 0x00B8, 0x00B0, 0x20B0, 0x0090, 0x28A2, 0xAE6B, 0x0000, 0x4108, 0x8210, 0x0000,
  0x2000, 0x2000, 0x2000, 0x2000, 0x2000, 0x2000, 0x2000, 0x2000, 0x2000, 0x0000, 0xA210, 0xA210, 0x0000, 0xF7BD, 0x7DEF, 0xB6B5,
  0x96B5, 0xB6B5, 0xD6BD, 0xB6B5, 0xF7BD, 0x0421, 0x0000, 0xC318, 0x4108, 0x0000, 0x2000, 0x2000, 0x2000, 0x2000, 0x2000, 0x2000,
  0x2000, 0x2000, 0x2000, 0x4108, 0x2000, 0x2000, 0x4108, 0xC318, 0x0000, 0xE739, 0xFFFF, 0x9AD6, 0xD7BD, 0xD7BD, 0xD7BD, 0xB6BD,
  0xB6BD, 0x75AD, 0x4108, 0x0000, 0xE318, 0x4108, 0x0000, 0x2000, 0x6108, 0x8210, 0x0000, 0x2C63, 0x7DEF, 0xF7BD, 0xD7BD, 0xB6BD,
  0xD7BD, 0xD6BD, 0x75B5, 0x5DEF, 0x1084, 0x0000, 0x2000, 0x0000, 0xA210, 0xF39C, 0x38C6, 0xF7BD, 0xF7BD, 0xD7BD, 0xD7BD, 0xF7BD,
  0xF7C5, 0x17C6, 0xF7BD, 0xF7BD, 0xF7BD, 0xF7BD, 0xF7BD, 0xF7BD, 0xD7BD, 0xD7BD, 0xD7BD, 0x96B5, 0xF39C, 0xCF7B, 0xC739, 0x0000,
  0x0000, 0x4108, 0xE318, 0x6108, 0x0000, 0x2108, 0x4108, 0x4108, 0x2000, 0x6108, 0x4108, 0x4108, 0x4108, 0x4108, 0x2000, 0x2000,
  0x2000, 0x2008, 0x2000, 0x0000, 0x2010, 0x6110, 0x8208, 0x6120, 0x4120, 0x6110, 0x8100, 0x6110, 0x4120, 0x4118, 0x6108, 0x6108,
  0x2000, 0x2000, 0x2000, 0x2000, 0x4008, 0x2000, 0x2008, 0x4108, 0x4108, 0x4108, 0x4108, 0x4108, 0x2000, 0x4008, 0x4108, 0x4108,
  0x4108, 0x4108, 0x4108, 0x2000, 0x4108, 0x4108, 0x8210, 0x2000, 0x0000, 0x4D63, 0x0CAB, 0x0098, 0x00A8, 0x00B0, 0x00B0, 0x00B0,
  0x00B0, 0x00B0, 0x00B0, 0x00B0, 0x00B0, 0x00B0, 0x00B0, 0x00B0, 0x00B8, 0x00B0, 0x00B0, 0x00B0, 0x00B0, 0x00B0, 0x00B0, 0x00B0,
  0x00B0, 0x00B0, 0x00B8, 0x00B8, 0x00B0, 0x00B0, 0x00B0, 0x00B0, 0x00B0, 0x0098, 0x0078, 0x6589, 0x92AC, 0x8E63, 0x4100, 0x0000,
  0x0000, 0x0000, 0x0000, 0x2521, 0x75B5, 0xE398, 0x0090, 0x00A8, 0x00B0, 0x00B0, 0x00B0, 0x00B0, 0x00B0, 0x00B0, 0x00B0, 0x00B0,
  0x00B0, 0x00B0, 0x00B0, 0x00B0, 0x00B0, 0x00B0, 0x00B0, 0x00B0, 0x00B0, 0x00B0, 0x00B0, 0x00B0, 0x00A8, 0x00A8, 0x00A8, 0x00A8,
  0x00A8, 0x00A8, 0x00A8, 0x00A8, 0x00A0, 0xAEAB, 0x517C, 0xC310, 0x0000, 0x0000, 0x1074, 0xF7E5, 0xE3B0, 0xE4C0, 0x08E2, 0x41A8,
  0x00A8, 0x00B0, 0x00B0, 0x00B0, 0x00B0, 0x00B0, 0x00B0, 0x0098, 0x0080, 0xE799, 0xF3A4, 0xC731, 0x0000, 0x0000, 0x0000, 0x2000,
  0x0000, 0x0000, 0x2000, 0x928C, 0xE3A8, 0x00A8, 0x00B0, 0x00B0, 0x00B0, 0x00B0, 0x00B0, 0x00B0, 0x00B0, 0x00B0, 0x00B8, 0x00B8,
  0x00B8, 0x41B8, 0x14BD, 0x0419, 0x0000, 0x0000, 0x517C, 0x10D4, 0xA2C0, 0xC7D1, 0x00A0, 0x00B0, 0x00B0, 0x00B0, 0x00B0, 0x00B0,
  0x00B0, 0x00B0, 0x00B0, 0x00B0, 0x00B0, 0x00B0, 0x00B0, 0x00B0, 0x00B8, 0x00B8, 0x00B0, 0x00B0, 0x00B0, 0x00B0, 0x00B0, 0x00B0,
  0x00B0, 0x00B0, 0x00B0, 0x00B0, 0x00B8, 0x00B8, 0x00B8, 0x00B0, 0x00A8, 0x0090, 0x72B4, 0x4521, 0x0000, 0x8210, 0x4108, 0x0000,
  0x2000, 0x2000, 0x2000, 0x2000, 0x2000, 0x2000, 0x2000, 0x2000, 0x2000, 0x2000, 0xE318, 0x0000, 0xA210, 0x3084, 0x2C63, 0x0C63,
  0x0C63, 0x2C63, 0x4D6B, 0x4D6B, 0x8A52, 0x0000, 0x6108, 0xE318, 0x0000, 0x2000, 0x2000, 0x2000, 0x2000, 0x2000, 0x2008, 0x2000,
  0x4000, 0x2000, 0x2000, 0x4108, 0x2000, 0x2000, 0xA210, 0xA210, 0x0000, 0xCB5A, 0xEF7B, 0x0C63, 0x2C6B, 0x4D6B, 0x6D6B, 0x4D6B,
  0x6D6B, 0xE739, 0x0000, 0x8210, 0xE318, 0x0000, 0x2000, 0x2000, 0x6108, 0xC318, 0x0000, 0x4529, 0xEF7B, 0x4D6B, 0x4D6B, 0x6D6B,
  0x6D73, 0x6D6B, 0x4D6B, 0x6D6B, 0xCB5A, 0x0000, 0x0000, 0x0000, 0x0000, 0x4108, 0x8A52, 0x6D6B, 0x4D6B, 0x4D6B, 0x2D6B, 0x4D6B,
  0x4D6B, 0x4D6B, 0x4D6B, 0x2D6B, 0x2C63, 0x2C63, 0x2C63, 0x2C63, 0x2C63, 0x2C63, 0x2C63, 0xCB5A, 0x6529, 0x0000, 0x0000, 0x2000,
  0x8210, 0xE320, 0x6108, 0x0000, 0x2000, 0x4108, 0x4108, 0x2000, 0x4108, 0x6108, 0x4108, 0x4108, 0x4108, 0x4108, 0x2000, 0x0000,
  0x2000, 0x2000, 0x2000, 0x4110, 0x8210, 0x8110, 0x4130, 0x6120, 0x8208, 0x6100, 0x4118, 0x4128, 0x6110, 0x8100, 0x6110, 0x4120,
  0x2000, 0x2000, 0x2000, 0x2000, 0x2000, 0x2000, 0x2000, 0x4108, 0x2000, 0x4108, 0x4108, 0x4108, 0x2000, 0x4108, 0x4108, 0x4108,
  0x4108, 0x4108, 0x4108, 0x2000, 0x4108, 0x4108, 0x4108, 0x2000, 0x0000, 0x2000, 0x9284, 0xE7A9, 0x0098, 0x20A0, 0x00A0, 0x00A8,
  0x00A0, 0x00A0, 0x00A0, 0x00A0, 0x00A0, 0x00A0, 0x00A0, 0x00A8, 0x00A8, 0x00A0, 0x00A0, 0x00A0, 0x00A0, 0x00A0, 0x00A0, 0x00A0,
  0x00A0, 0x00A0, 0x00A0, 0x00A0, 0x00A0, 0x00A0, 0x00A8, 0x00A0, 0x0080, 0x4178, 0x4DA3, 0x728C, 0xA629, 0x0000, 0x0000, 0x0000,
  0x2000, 0x2008, 0x2000, 0x0000, 0x083A, 0xB2AC, 0x0080, 0x0098, 0x00A8, 0x00A0, 0x00A0, 0x00A8, 0x00A0, 0x00A0, 0x00A0, 0x00A0,
  0x00A0, 0x00A8, 0x00A8, 0x00A0, 0x00A0, 0x00A0, 0x00A0, 0x00A8, 0x00A8, 0x00A8, 0x00A8, 0x00A8, 0x00A8, 0x00A8, 0x00A8, 0x00A8,
  0x00A8, 0x00A8, 0x00A8, 0x20A8, 0x00A0, 0x8EB3, 0xAA42, 0x0000, 0x6108, 0x9284, 0xB2D4, 0x41B0, 0x24C9, 0x07C2, 0x0098, 0x0090,
  0x0098, 0x00A0, 0x00A0, 0x00A0, 0x0098, 0x00A0, 0x0098, 0x0088, 0x0CB3, 0xD394, 0xE318, 0x0000, 0x0000, 0x2000, 0x2000, 0x0000,
  0x6108, 0x6110, 0x0000, 0xEB4A, 0x6DB3, 0x00A8, 0x20A8, 0x0098, 0x00A0, 0x00A0, 0x00A0, 0x00A0, 0x00A0, 0x00A8, 0x00A8, 0x00A0,
  0x2098, 0x00A8, 0xEBC2, 0xCF6B, 0x0000, 0xA210, 0x59CE, 0xE3B8, 0x65C9, 0x61A8, 0x00A0, 0x0098, 0x00A0, 0x00A0, 0x00A0, 0x00A0,
  0x00A0, 0x00A0, 0x00A0, 0x0098, 0x0098, 0x0098, 0x00A0, 0x00A0, 0x00A0, 0x00A0, 0x00A0, 0x0098, 0x0098, 0x0098, 0x00A0, 0x00A0,
  0x00A0, 0x00A0, 0x00A0, 0x00A0, 0x00A0, 0x00A0, 0x00A0, 0x20A0, 0x0098, 0xE7A9, 0x5184, 0x0000, 0x4108, 0x8210, 0x0000, 0x2000,
  0x2000, 0x2000, 0x2000, 0x2000, 0x2000, 0x2000, 0x2000, 0x2000, 0x0000, 0xA210, 0xA210, 0x0000, 0x0000, 0x0000, 0x0000, 0x0000,
  0x0000, 0x0000, 0x0000, 0x0000, 0x0000, 0x0000, 0xE318, 0x6108, 0x0000, 0x2000, 0x2000, 0x4000, 0x4108, 0x2000, 0x4008, 0x4108,
  0x4108, 0x2000, 0x4108, 0x4108, 0x2000, 0x4108, 0xC318, 0x0000, 0x0000, 0x0000, 0x0000, 0x0000, 0x0000, 0x0000, 0x0000, 0x0000,
  0x0000, 0x0000, 0x0000, 0x0421, 0x6108, 0x0000, 0x2000, 0x2000, 0x4108, 0xC318, 0x2000, 0x0000, 0x0000, 0x0000, 0x0000, 0x0000,
  0x0000, 0x0000, 0x0000, 0x0000, 0x0000, 0x0000, 0x0000, 0x0000, 0x2000, 0x0000, 0x0000, 0x0000, 0x0000, 0x0000, 0x0000, 0x0000,
  0x0000, 0x0000, 0x0000, 0x0000, 0x0000, 0x0000, 0x0000, 0x0000, 0x0000, 0x0000, 0x0000, 0x0000, 0x0000, 0x0000, 0x6110, 0xC318,
  0xA210, 0x2000, 0x2000, 0x2000, 0x4108, 0x4108, 0x4108, 0x2000, 0x6108, 0x4108, 0x4108, 0x4108, 0x4108, 0x2000, 0x2000, 0x0000,
  0x0000, 0x0008, 0x4110, 0x8208, 0x6220, 0x4130, 0x8218, 0x8208, 0x8208, 0x4128, 0x4120, 0x6108, 0x8208, 0x8120, 0x6120, 0x6110,
  0x2000, 0x2000, 0x2000, 0x2000, 0x2000, 0x2000, 0x2000, 0x4108, 0x2008, 0x4108, 0x4108, 0x4108, 0x4108, 0x4108, 0x4008, 0x4108,
  0x4008, 0x2008, 0x2000, 0x4008, 0x4008, 0x4108, 0x4108, 0x6108, 0x2000, 0x0000, 0xE318, 0xF3AC, 0xC3A0, 0x0078, 0x0070, 0x0070,
  0x0078, 0x0070, 0x0070, 0x0070, 0x0078, 0x0070, 0x0078, 0x0078, 0x0070, 0x0070, 0x0070, 0x0070, 0x0070, 0x0070, 0x0070, 0x0070,
  0x0070, 0x0068, 0x0068, 0x0068, 0x0070, 0x0078, 0x0080, 0x0088, 0xE799, 0x92A4, 0xEB52, 0x0000, 0x0000, 0x0000, 0x2000, 0x4108,
  0x2000, 0x4108, 0x6108, 0x2000, 0x0000, 0x6D63, 0x30BC, 0x6188, 0x0070, 0x0068, 0x0068, 0x0070, 0x0068, 0x0060, 0x0058, 0x0070,
  0x0078, 0x0078, 0x0070, 0x0070, 0x0068, 0x0070, 0x0070, 0x0078, 0x0078, 0x0080, 0x0098, 0x00A8, 0x00A8, 0x00A8, 0x00A8, 0x00A8,
  0x00A8, 0x00A8, 0x00A8, 0x00A8, 0x00A8, 0xC3B0, 0x7194, 0x2421, 0x718C, 0x0CBB, 0x0098, 0x0090, 0x0078, 0x0070, 0x0068, 0x0060,
  0x0068, 0x0070, 0x0070, 0x0068, 0x0068, 0x0070, 0x2080, 0xCFAB, 0x307C, 0x4108, 0x0000, 0x2000, 0x2000, 0x2008, 0x0000, 0x0000,
  0x4108, 0xA210, 0x0000, 0x8208, 0xD3A4, 0x6198, 0x0068, 0x0068, 0x0070, 0x0078, 0x0078, 0x0070, 0x0070, 0x0068, 0x0068, 0x0068,
  0x0060, 0x0070, 0x41A0, 0xF3AC, 0x4100, 0xEB52, 0xCFD3, 0x0090, 0x0068, 0x0068, 0x0070, 0x0070, 0x0070, 0x0078, 0x0070, 0x0068,
  0x0068, 0x0068, 0x0068, 0x0068, 0x0068, 0x0068, 0x0070, 0x0070, 0x0068, 0x0060, 0x0068, 0x0068, 0x0060, 0x0068, 0x0068, 0x0068,
  0x0068, 0x0068, 0x0068, 0x0060, 0x0060, 0x0068, 0x0068, 0x0068, 0x0080, 0x30AC, 0x8629, 0x0000, 0x6108, 0x6108, 0x0000, 0x2000,
  0x2000, 0x2000, 0x2000, 0x2000, 0x2000, 0x2000, 0x2000, 0x2000, 0x2000, 0xA210, 0x2000, 0x0000, 0x0000, 0x2000, 0x0000, 0x0000,
  0x2000, 0x2000, 0x2000, 0x2000, 0x2000, 0x4108, 0x0321, 0x0000, 0x2000, 0x2000, 0x2000, 0x2000, 0x4108, 0x4108, 0x4108, 0x4108,
  0x4108, 0x2008, 0x4108, 0x4108, 0x2000, 0x8210, 0x6108, 0x0000, 0x0000, 0x2000, 0x4008, 0x2000, 0x4108, 0x4108, 0x4108, 0x4108,
  0x2000, 0x2000, 0x6108, 0x2421, 0x0000, 0x2000, 0x2000, 0x2000, 0x2000, 0xA210, 0x4108, 0x0000, 0x2000, 0x2000, 0x2000, 0x2000,
  0x2000, 0x2000, 0x2000, 0x2000, 0x2000, 0x0000, 0x0000, 0x2000, 0x4108, 0x2000, 0x2000, 0x2000, 0x2000, 0x2000, 0x2000, 0x2000,
  0x2000, 0x2000, 0x2000, 0x2000, 0x2000, 0x2000, 0x2008, 0x4108, 0x4108, 0x4108, 0x4108, 0x6108, 0x6108, 0x8210, 0x8210, 0x4008,
  0x0000, 0x2000, 0x4108, 0x4108, 0x6108, 0x6108, 0x4108, 0x4108, 0x6108, 0x4108, 0x4108, 0x4108, 0x4008, 0x2000, 0x2000, 0x0000,
  0x2008, 0x6110, 0x8208, 0x4120, 0x6128, 0x8210, 0x8208, 0x8110, 0x4130, 0x4118, 0x8100, 0x6108, 0x6120, 0x6120, 0x6108, 0x6110,
  0x2000, 0x2008, 0x2000, 0x2008, 0x2000, 0x2000, 0x2000, 0x4108, 0x2100, 0x4108, 0x4108, 0x4108, 0x4108, 0x4108, 0x4108, 0x4108,
  0x4008, 0x4108, 0x4108, 0x2000, 0x2000, 0x4108, 0x4108, 0x4108, 0x8210, 0x2000, 0x0000, 0x694A, 0x76BD, 0x309C, 0x309C, 0x30A4,
  0x50A4, 0x51A4, 0x51A4, 0x51AC, 0x51AC, 0x50A4, 0x51A4, 0x30A4, 0x30A4, 0x30A4, 0x51A4, 0x30A4, 0x30A4, 0x30A4, 0x30A4, 0x30A4,
  0x30A4, 0x30A4, 0x109C, 0x0F9C, 0x109C, 0x10A4, 0x10A4, 0x71AC, 0x107C, 0x0419, 0x0000, 0x0000, 0x2000, 0x4108, 0x4108, 0x2000,
  0x0000, 0x0000, 0xA210, 0x6108, 0x0000, 0x0000, 0xCF73, 0x75B5, 0xB2AC, 0x92AC, 0xD3B4, 0x13BD, 0x54C5, 0x54C5, 0x34C5, 0x34CD,
  0x55CD, 0x34C5, 0xD3BC, 0x92B4, 0x92AC, 0x92AC, 0x91AC, 0x51AC, 0x30A4, 0x2DA3, 0x0090, 0x00A0, 0x00A8, 0x00A0, 0x00A0, 0x00A0,
  0x00A0, 0x00A8, 0x00A8, 0x00A8, 0x20A8, 0x00B8, 0x4DB3, 0xD7AD, 0x54BD, 0x0FAC, 0x92AC, 0x92AC, 0xB2B4, 0xB2B4, 0x92AC, 0x92AC,
  0x92AC, 0x92AC, 0x92AC, 0x71AC, 0x71AC, 0x30AC, 0xD3AC, 0x0C5B, 0x0000, 0x0000, 0x2000, 0x4108, 0x2000, 0x0000, 0x2000, 0x2000,
  0x0000, 0xA210, 0x4108, 0x0000, 0x6E6B, 0x75C5, 0xB2AC, 0x14BD, 0x34C5, 0x34C5, 0x14BD, 0xF3BC, 0xD3BC, 0xF3BC, 0xD3B4, 0xB2B4,
  0xB2B4, 0xB2AC, 0x30A4, 0x75BD, 0x0C5B, 0xB394, 0x71AC, 0x519C, 0x51A4, 0x30A4, 0x51AC, 0xD2B4, 0xF3BC, 0xB2B4, 0xF3BC, 0x55C5,
  0x54C5, 0x54C5, 0x54C5, 0x54C5, 0x54C5, 0x55CD, 0x55CD, 0x34C5, 0x54C5, 0x75CD, 0x75CD, 0x55CD, 0x55C5, 0x75CD, 0x55CD, 0x34C5,
  0x14C5, 0xF3BC, 0x92B4, 0x92B4, 0xB2B4, 0xB2B4, 0x92AC, 0x51A4, 0x92AC, 0x0F7C, 0x0000, 0x0000, 0x8110, 0x0000, 0x0000, 0x2000,
  0x2000, 0x2000, 0x2000, 0x2000, 0x4008, 0x2000, 0x2000, 0x2000, 0x2000, 0x2000, 0x2000, 0x2000, 0x2000, 0x2000, 0x2000, 0x2000,
  0x2000, 0x2000, 0x2000, 0x2000, 0x4008, 0x6108, 0x4108, 0x0000, 0x2000, 0x2000, 0x4108, 0x2000, 0x4108, 0x4108, 0x4108, 0x4108,
  0x4108, 0x4108, 0x4108, 0x4008, 0x4108, 0x4108, 0x2008, 0x2000, 0x2000, 0x2008, 0x4108, 0x4108, 0x4108, 0x6108, 0x6108, 0x4108,
  0x4108, 0x4108, 0x8210, 0x6108, 0x0000, 0x2000, 0x4108, 0x2000, 0x4108, 0x6108, 0x4108, 0x2000, 0x2000, 0x2000, 0x2000, 0x2000,
  0x2000, 0x2000, 0x2000, 0x2000, 0x2000, 0x2000, 0x4108, 0x2000, 0x4108, 0x2000, 0x2000, 0x2000, 0x2000, 0x2000, 0x2000, 0x2000,
  0x2000, 0x2000, 0x2000, 0x2000, 0x4108, 0x4008, 0x4108, 0x4108, 0x4108, 0x6108, 0x6108, 0x6108, 0x4108, 0x2000, 0x0000, 0x2000,
  0x4108, 0x2000, 0x6108, 0x6108, 0x6108, 0x6108, 0x4108, 0x4108, 0x4108, 0x4108, 0x4108, 0x2008, 0x2000, 0x2000, 0x2000, 0x4110,
  0x8210, 0x6110, 0x4130, 0x6120, 0x8208, 0x8108, 0x6120, 0x4130, 0x6110, 0x8100, 0x6118, 0x4128, 0x6110, 0x8100, 0x6110, 0x4118,
  0x2000, 0x2000, 0x2008, 0x2000, 0x2000, 0x2000, 0x2000, 0x4108, 0x2000, 0x4108, 0x4108, 0x4108, 0x2000, 0x4108, 0x4108, 0x4108,
  0x4108, 0x4108, 0x4108, 0x2000, 0x4108, 0x4108, 0x4108, 0x2000, 0x6108, 0xA210, 0x0000, 0x0000, 0x0419, 0x4521, 0x2419, 0x2421,
  0x4521, 0x4521, 0x2421, 0x2421, 0x2421, 0x2421, 0x2421, 0x2421, 0x2421, 0x2421, 0x2419, 0x2419, 0x2419, 0x2419, 0x2419, 0x2419,
  0x2419, 0x2419, 0x0419, 0x2419, 0x2419, 0x2419, 0x0419, 0x0419, 0x0000, 0x0000, 0x0000, 0x2000, 0x6108, 0x4108, 0x0000, 0x0000,
  0x2000, 0x2000, 0x4108, 0xA210, 0x2000, 0x0000, 0x0000, 0xC310, 0x4521, 0x6521, 0x8629, 0x8629, 0x8629, 0xA629, 0x8629, 0xA629,
  0xA629, 0x8629, 0x6629, 0x6521, 0x6521, 0x6629, 0x6529, 0x6521, 0x6521, 0xB284, 0x28A2, 0x0090, 0x20A8, 0x00A0, 0x00A0, 0x00A0,
  0x00A0, 0x00A0, 0x00A0, 0x00A0, 0x00A8, 0x00B0, 0x24B9, 0x14A5, 0x6529, 0x8621, 0x6521, 0x6521, 0x6521, 0x6521, 0x6521, 0x4521,
  0x4521, 0x6521, 0x6521, 0x4521, 0x4521, 0x4521, 0x0419, 0x0000, 0x0000, 0x2000, 0x6108, 0x2000, 0x0000, 0x0000, 0x2000, 0x2000,
  0x0000, 0x6108, 0xE318, 0x0000, 0x6108, 0x8629, 0x8629, 0x8629, 0x8629, 0x8629, 0x8629, 0x6521, 0x6521, 0x8629, 0x8629, 0x6521,
  0x6521, 0x6529, 0x6521, 0x2421, 0x0421, 0xE318, 0x2419, 0x4521, 0x4521, 0x2521, 0x4521, 0x8629, 0x8629, 0x8629, 0x8629, 0xA629,
  0xA631, 0xA629, 0xA629, 0xA629, 0xA629, 0xA629, 0x8629, 0x8629, 0x8629, 0xA629, 0xA629, 0x8629, 0x8629, 0x8629, 0x8629, 0x8629,
  0x6629, 0x6521, 0x6521, 0x6521, 0x6529, 0x8629, 0x6521, 0x4521, 0x4521, 0x6108, 0x0000, 0x6108, 0x6108, 0x0000, 0x2000, 0x2000,
  0x2000, 0x2000, 0x2000, 0x2000, 0x2000, 0x2000, 0x2008, 0x2000, 0x2000, 0x2000, 0x2000, 0x2000, 0x0000, 0x0000, 0x0000, 0x2000,
  0x2000, 0x2000, 0x0000, 0x0000, 0x0000, 0x0000, 0x0000, 0x2000, 0x2000, 0x4108, 0x2000, 0x2000, 0x4108, 0x4008, 0x4108, 0x4108,
  0x4108, 0x2000, 0x4108, 0x2008, 0x4108, 0x2108, 0x2000, 0x2000, 0x0000, 0x0000, 0x0000, 0x0000, 0x0000, 0x0000, 0x0000, 0x0000,
  0x2000, 0x2000, 0x2000, 0x2000, 0x2000, 0x4108, 0x4108, 0x2000, 0x6108, 0x4108, 0x2000, 0x2000, 0x2000, 0x0000, 0x2000, 0x2000,
  0x2000, 0x2000, 0x2000, 0x2000, 0x0000, 0x2000, 0x4000, 0x2000, 0x2000, 0x2000, 0x2000, 0x2000, 0x4108, 0x0000, 0x2000, 0x2000,
  0x0000, 0x2000, 0x0000, 0x2000, 0x2000, 0x0000, 0x2000, 0x0000, 0x0000, 0x0000, 0x2000, 0x0000, 0x2000, 0x2000, 0x4108, 0x4108,
  0x4108, 0x4108, 0x6210, 0x4108, 0x4108, 0x4108, 0x4008, 0x2000, 0x6108, 0x2000, 0x2008, 0x2000, 0x0000, 0x2008, 0x6110, 0xA208,
  0x6228, 0x4130, 0x6110, 0x8200, 0x6110, 0x4128, 0x4120, 0x8108, 0x8208, 0x6128, 0x4128, 0x6108, 0x8108, 0x4120, 0x4110, 0x6108,
  0x2000, 0x2000, 0x4100, 0x2000, 0x2008, 0x2000, 0x4008, 0x4108, 0x4108, 0x4108, 0x4108, 0x4108, 0x2000, 0x4108, 0x4108, 0x4108,
  0x4108, 0x4108, 0x4008, 0x2000, 0x4108, 0x4008, 0x4108, 0x4108, 0x2000, 0xA210, 0xA210, 0x0000, 0x0000, 0x0000, 0x0000, 0x0000,
  0x0000, 0x0000, 0x0000, 0x0000, 0x0000, 0x0000, 0x0000, 0x0000, 0x0000, 0x0000, 0x0000, 0x0000, 0x0000, 0x0000, 0x0000, 0x0000,
  0x0000, 0x0000, 0x0000, 0x0000, 0x0000, 0x0000, 0x0000, 0x0000, 0x0000, 0x0000, 0x2000, 0x2000, 0x2000, 0x0000, 0x2000, 0x2000,
  0x4108, 0x4108, 0x2000, 0x4108, 0x6108, 0x4108, 0x2000, 0x0000, 0x0000, 0x0000, 0x0000, 0x0000, 0x0000, 0x0000, 0x0000, 0x0000,
  0x0000, 0x0000, 0x0000, 0x0000, 0x0000, 0x0000, 0x0000, 0x0000, 0x0000, 0x4521, 0x71AC, 0x2098, 0x00A8, 0x00A8, 0x00A8, 0x00A8,
  0x00A8, 0x00A8, 0x00A8, 0x00A8, 0x00A8, 0x20A8, 0x00A8, 0xCFB3, 0x283A, 0x0000, 0x0000, 0x0000, 0x0000, 0x0000, 0x0000, 0x0000,
  0x0000, 0x0000, 0x0000, 0x0000, 0x0000, 0x0000, 0x0000, 0x0000, 0x2000, 0x6108, 0x2000, 0x0000, 0x2000, 0x2000, 0x2000, 0x4108,
  0x2008, 0x0000, 0x2421, 0x6108, 0x0000, 0x0000, 0x0000, 0x0000, 0x0000, 0x0000, 0x0000, 0x0000, 0x0000, 0x0000, 0x0000, 0x0000,
  0x0000, 0x0000, 0x0000, 0x0000, 0x0000, 0x0000, 0x0000, 0x0000, 0x0000, 0x0000, 0x0000, 0x0000, 0x0000, 0x0000, 0x0000, 0x0000,
  0x0000, 0x0000, 0x0000, 0x0000, 0x0000, 0x0000, 0x0000, 0x0000, 0x0000, 0x0000, 0x0000, 0x0000, 0x0000, 0x0000, 0x0000, 0x0000,
  0x0000, 0x0000, 0x0000, 0x0000, 0x0000, 0x0000, 0x0000, 0x0000, 0x0000, 0x0000, 0x0000, 0xA210, 0x2000, 0x0000, 0x2000, 0x2000,
  0x2000, 0x2000, 0x2000, 0x2000, 0x2008, 0x2000, 0x2000, 0x2008, 0x4108, 0x4008, 0x2000, 0x2000, 0x2000, 0x2000, 0x2000, 0x2000,
  0x2000, 0x2000, 0x2000, 0x2000, 0x2000, 0x2000, 0x2000, 0x2000, 0x2000, 0x4108, 0x2000, 0x4108, 0x4108, 0x4108, 0x4108, 0x4108,
  0x4108, 0x4108, 0x4108, 0x4108, 0x4108, 0x4108, 0x2000, 0x2000, 0x2000, 0x2008, 0x2000, 0x2000, 0x2000, 0x2000, 0x2000, 0x2000,
  0x2000, 0x4108, 0x2000, 0x4108, 0x4108, 0x4108, 0x2000, 0x4108, 0x6108, 0x4108, 0x4108, 0x4108, 0x4108, 0x2000, 0x4108, 0x4108,
  0x2008, 0x4108, 0x4008, 0x4008, 0x2000, 0x6108, 0x4108, 0x4108, 0x4108, 0x4108, 0x4108, 0x4108, 0x4108, 0x4108, 0x2000, 0x2000,
  0x2000, 0x4008, 0x2000, 0x6108, 0x4108, 0x4108, 0x4108, 0x4108, 0x4108, 0x2000, 0x4108, 0x4108, 0x4108, 0x4108, 0x4108, 0x6108,
  0x2000, 0x8110, 0x4108, 0x4108, 0x4108, 0x4108, 0x4108, 0x2000, 0x2000, 0x2000, 0x2000, 0x0000, 0x4010, 0xA218, 0xA208, 0x4130,
  0x4130, 0x8208, 0x8208, 0x6118, 0x4138, 0x6118, 0x8100, 0x8210, 0x4128, 0x6120, 0x8100, 0x6110, 0x6120, 0x6110, 0x6108, 0x6110,
  0x2000, 0x2000, 0x2000, 0x2000, 0x2108, 0x2000, 0x4108, 0x4008, 0x4108, 0x4000, 0x4008, 0x4108, 0x4108, 0x4008, 0x4108, 0x4108,
  0x4108, 0x4108, 0x4108, 0x4108, 0x4108, 0x4108, 0x4108, 0x4108, 0x4108, 0x4008, 0x8210, 0x2000, 0x2000, 0x2000, 0x2000, 0x2000,
  0x2000, 0x2000, 0x2100, 0x4108, 0x4108, 0x4108, 0x4108, 0x4108, 0x4108, 0x2000, 0x2000, 0x2000, 0x2000, 0x2000, 0x2000, 0x2000,
  0x2000, 0x2000, 0x2000, 0x2000, 0x2000, 0x2000, 0x2000, 0x2000, 0x2000, 0x2000, 0x2000, 0x0000, 0x2000, 0x2000, 0x2000, 0x4008,
  0x4108, 0x4108, 0x4108, 0x4108, 0x2000, 0x4108, 0x2000, 0x2000, 0x2000, 0x2000, 0x2000, 0x2000, 0x2000, 0x2000, 0x2000, 0x2008,
  0x2000, 0x2000, 0x2000, 0x2000, 0x2000, 0x2000, 0x2000, 0x0000, 0x0000, 0x0000, 0x307C, 0xA6A1, 0x0090, 0x0080, 0x0080, 0x0088,
  0x0088, 0x0080, 0x0080, 0x0080, 0x0088, 0x0088, 0x0088, 0x04A9, 0x518C, 0x2000, 0x2000, 0x2000, 0x2000, 0x2000, 0x2000, 0x2000,
  0x2000, 0x4108, 0x4108, 0x2000, 0x4000, 0x2008, 0x4108, 0x2000, 0x4108, 0x2000, 0x0000, 0x2000, 0x2000, 0x4108, 0x4108, 0x4108,
  0x4108, 0x0000, 0x8210, 0x6108, 0x2000, 0x2000, 0x2100, 0x4008, 0x4008, 0x4008, 0x4000, 0x2000, 0x2000, 0x4108, 0x4108, 0x4108,
  0x4108, 0x4108, 0x2000, 0x2000, 0x2000, 0x2000, 0x2000, 0x2000, 0x2000, 0x4108, 0x4108, 0x4108, 0x4108, 0x4108, 0x4108, 0x4108,
  0x2000, 0x2000, 0x2000, 0x2000, 0x2000, 0x2000, 0x2000, 0x2000, 0x4108, 0x4108, 0x4108, 0x4108, 0x4108, 0x4108, 0x4108, 0x4108,
  0x4108, 0x4108, 0x4108, 0x4108, 0x6108, 0x4108, 0x4108, 0x4108, 0x4108, 0x4108, 0x4108, 0x6108, 0x0000, 0x2000, 0x2000, 0x2000,
  0x2008, 0x2000, 0x2000, 0x4100, 0x4008, 0x2008, 0x2000, 0x4108, 0x2008, 0x4108, 0x4008, 0x2000, 0x2000, 0x2008, 0x2000, 0x2000,
  0x2000, 0x2000, 0x2008, 0x2008, 0x2000, 0x2008, 0x2000, 0x4108, 0x4108, 0x4108, 0x2008, 0x4108, 0x4008, 0x4108, 0x4108, 0x4108,
  0x4108, 0x4108, 0x4108, 0x4108, 0x4108, 0x4008, 0x2000, 0x2000, 0x2000, 0x4108, 0x2000, 0x4108, 0x4008, 0x4108, 0x4008, 0x4108,
  0x4108, 0x6108, 0x4108, 0x2008, 0x4108, 0x6108, 0x4108, 0x6108, 0x4108, 0x4108, 0x4108, 0x4108, 0x4108, 0x4108, 0x2000, 0x6108,
  0x4108, 0x4108, 0x4108, 0x4108, 0x4108, 0x6108, 0x4108, 0x4108, 0x4108, 0x4108, 0x6108, 0x4108, 0x4108, 0x6108, 0x2000, 0x4108,
  0x4108, 0x4108, 0x6108, 0x6110, 0x4108, 0x4108, 0x4108, 0x4108, 0x4108, 0x4108, 0x4108, 0x6108, 0x4108, 0x6108, 0x4108, 0x4108,
  0x4108, 0x8108, 0x4108, 0x4108, 0x4108, 0x4108, 0x4108, 0x2000, 0x2000, 0x2000, 0x0000, 0x4110, 0x8210, 0x8218, 0x4138, 0x6120,
  0x8100, 0x6108, 0x6128, 0x6130, 0x8210, 0x8208, 0x6120, 0x4128, 0x6110, 0x8108, 0x6118, 0x6118, 0x6108, 0x6108, 0x4110, 0x4108,
  0x2000, 0x2008, 0x2000, 0x4108, 0x4108, 0x4108, 0x4008, 0x2008, 0x2008, 0x2008, 0x2008, 0x4108, 0x4108, 0x2000, 0x4108, 0x4108,
  0x4108, 0x4108, 0x4108, 0x4108, 0x4108, 0x4108, 0x4108, 0x4108, 0x4108, 0x2008, 0x2000, 0x2000, 0x2000, 0x2000, 0x2000, 0x2000,
  0x2000, 0x2000, 0x2000, 0x2000, 0x2000, 0x2000, 0x2000, 0x2000, 0x0000, 0x2000, 0x2000, 0x2000, 0x2000, 0x2000, 0x2000, 0x2000,
  0x2000, 0x2000, 0x2000, 0x2000, 0x2000, 0x0000, 0x2000, 0x2000, 0x2000, 0x2000, 0x2000, 0x4008, 0x4108, 0x4108, 0x4108, 0x4108,
  0x4108, 0x4108, 0x4108, 0x4008, 0x6108, 0x4108, 0x4108, 0x2000, 0x2000, 0x2000, 0x2000, 0x2000, 0x2000, 0x2000, 0x2000, 0x2000,
  0x2000, 0x2000, 0x2000, 0x2000, 0x2000, 0x2000, 0x0000, 0x2000, 0x2000, 0x0000, 0xA629, 0x30AC, 0xE478, 0x0469, 0x2471, 0x2479,
  0x2479, 0x2471, 0x2471, 0x2471, 0x2479, 0x2479, 0x2471, 0xE378, 0x51AC, 0x4942, 0x0000, 0x4108, 0x2000, 0x0000, 0x2000, 0x2000,
  0x2000, 0x2000, 0x2000, 0x2000, 0x2000, 0x2000, 0x2000, 0x2000, 0x0000, 0x2000, 0x4108, 0x4108, 0x4108, 0x4108, 0x4108, 0x4108,
  0x2000, 0x2000, 0x2000, 0x2000, 0x2000, 0x2000, 0x2000, 0x2000, 0x2000, 0x2000, 0x2000, 0x2000, 0x2000, 0x2000, 0x2000, 0x2000,
  0x2000, 0x2000, 0x2000, 0x2000, 0x2000, 0x2000, 0x2000, 0x2000, 0x2000, 0x2000, 0x2000, 0x2000, 0x2000, 0x2000, 0x2000, 0x2000,
  0x2000, 0x2000, 0x2000, 0x2000, 0x2000, 0x2000, 0x2000, 0x2000, 0x2000, 0x2000, 0x2000, 0x2000, 0x2000, 0x2000, 0x2000, 0x2000,
  0x2000, 0x2000, 0x2000, 0x2000, 0x2000, 0x4000, 0x2000, 0x2000, 0x2000, 0x2000, 0x2000, 0x0000, 0x2000, 0x2000, 0x2000, 0x2000,
  0x4108, 0x4000, 0x4108, 0x2100, 0x2008, 0x4108, 0x2000, 0x4108, 0x4108, 0x4108, 0x4108, 0x4008, 0x4100, 0x2000, 0x4100, 0x2000,
  0x2000, 0x2000, 0x2008, 0x4108, 0x2000, 0x4108, 0x4108, 0x4108, 0x4108, 0x4108, 0x4108, 0x4108, 0x4108, 0x4108, 0x4108, 0x4108,
  0x4108, 0x4108, 0x2108, 0x4108, 0x4108, 0x4108, 0x4108, 0x4108, 0x4108, 0x4108, 0x4108, 0x4108, 0x4108, 0x4108, 0x4108, 0x4108,
  0x4108, 0x6108, 0x6110, 0x4108, 0x6108, 0x6108, 0x6108, 0x6108, 0x4108, 0x4108, 0x4108, 0x4108, 0x4108, 0x4108, 0x2000, 0x6108,
  0x6108, 0x6108, 0x6108, 0x4108, 0x8210, 0x4108, 0x4108, 0x4108, 0x4108, 0x6108, 0x4108, 0x6108, 0x2108, 0x6108, 0x6108, 0x6108,
  0x8210, 0x6108, 0x8210, 0x6108, 0x4108, 0x4108, 0x4108, 0x4108, 0x4108, 0x6108, 0x4108, 0x6108, 0x6108, 0x6108, 0x6108, 0x6108,
  0x6108, 0x4108, 0x4108, 0x4108, 0x4108, 0x2000, 0x2000, 0x2000, 0x0000, 0x2008, 0x6110, 0x8210, 0x6130, 0x4138, 0x6110, 0x8200,
  0x6110, 0x4128, 0x4120, 0x8208, 0xA208, 0x6130, 0x4130, 0x6108, 0x6108, 0x6120, 0x6110, 0x6108, 0x6110, 0x6118, 0x6108, 0x6108,
  0x2000, 0x2000, 0x2000, 0x2000, 0x2008, 0x2000, 0x4008, 0x2108, 0x4008, 0x4008, 0x4108, 0x4108, 0x2000, 0x2000, 0x4108, 0x2008,
  0x4108, 0x4108, 0x4008, 0x4100, 0x4108, 0x4108, 0x4108, 0x4108, 0x4108, 0x4108, 0x2000, 0x4108, 0x2000, 0x2000, 0x2000, 0x2000,
  0x0000, 0x4000, 0x2000, 0x2000, 0x2000, 0x2000, 0x2000, 0x0000, 0x2000, 0x2000, 0x2000, 0x2000, 0x2000, 0x0000, 0x2000, 0x2000,
  0x2000, 0x2000, 0x2000, 0x2000, 0x2000, 0x0000, 0x4108, 0x2000, 0x2000, 0x2000, 0x2000, 0x2000, 0x6108, 0x4108, 0x4108, 0x4108,
  0x4108, 0x6108, 0x4108, 0x6108, 0x4108, 0x4108, 0x2000, 0x2000, 0x2000, 0x4108, 0x2000, 0x2000, 0x2000, 0x2000, 0x2000, 0x2000,
  0x2000, 0x2000, 0x2000, 0x2000, 0x2000, 0x2000, 0x0000, 0x2000, 0x8210, 0x0000, 0x0000, 0xCF73, 0x718C, 0x3084, 0x518C, 0x718C,
  0x518C, 0x518C, 0x5184, 0x5184, 0x3084, 0x3084, 0x3084, 0x1084, 0x518C, 0x6D6B, 0x0000, 0x2000, 0x6108, 0x0000, 0x0000, 0x2000,
  0x0000, 0x2000, 0x2000, 0x0000, 0x2000, 0x2000, 0x2000, 0x2000, 0x2000, 0x4108, 0x4108, 0x2000, 0x4108, 0x4008, 0x2000, 0x4108,
  0x4108, 0x4108, 0x4108, 0x2000, 0x2000, 0x2000, 0x2000, 0x2000, 0x2000, 0x2000, 0x2000, 0x0000, 0x2000, 0x2000, 0x0000, 0x2000,
  0x2000, 0x2000, 0x2000, 0x2000, 0x2000, 0x2000, 0x2000, 0x0000, 0x0000, 0x0000, 0x0000, 0x0000, 0x0000, 0x2000, 0x2000, 0x2000,
  0x2000, 0x2000, 0x2000, 0x2000, 0x2000, 0x2000, 0x2000, 0x2000, 0x2000, 0x0000, 0x2000, 0x2000, 0x2000, 0x0000, 0x0000, 0x2000,
  0x0000, 0x0000, 0x0000, 0x0000, 0x0000, 0x0000, 0x0000, 0x0000, 0x0000, 0x0000, 0x0000, 0x2000, 0x2000, 0x2000, 0x2000, 0x2000,
  0x2108, 0x4108, 0x4008, 0x2000, 0x4108, 0x2000, 0x2000, 0x4108, 0x4108, 0x2108, 0x2000, 0x2000, 0x2000, 0x4108, 0x2008, 0x4008,
  0x2000, 0x2000, 0x4108, 0x4008, 0x2000, 0x4108, 0x2008, 0x4108, 0x4108, 0x4108, 0x2000, 0x4108, 0x4108, 0x4108, 0x4108, 0x4108,
  0x4108, 0x4108, 0x4108, 0x6108, 0x4108, 0x2000, 0x2000, 0x2000, 0x4108, 0x4108, 0x4108, 0x4108, 0x4108, 0x4108, 0x4108, 0x4108,
  0x4108, 0x8210, 0x4108, 0x4108, 0x2000, 0x4108, 0x2000, 0x6108, 0x4108, 0x4108, 0x4108, 0x6108, 0x4108, 0x4108, 0x4008, 0x6108,
  0x2000, 0x4108, 0x4108, 0x4108, 0x4108, 0x8210, 0x4108, 0x4108, 0x4108, 0x6108, 0x6108, 0x4108, 0x4108, 0x8210, 0x2000, 0x4108,
  0x4108, 0x4108, 0x4008, 0x8110, 0x4108, 0x4108, 0x4108, 0x4108, 0x4108, 0x4108, 0x4108, 0x6110, 0x4108, 0x4108, 0x4108, 0x4108,
  0x4108, 0x6108, 0x4108, 0x4108, 0x2000, 0x2000, 0x2000, 0x0000, 0x4110, 0x8210, 0x8210, 0x4140, 0x6230, 0x8208, 0x8200, 0x6120,
  0x4138, 0x6218, 0x8200, 0x8218, 0x4138, 0x6120, 0x8200, 0x6118, 0x4120, 0x6108, 0x8108, 0x6118, 0x6118, 0x6108, 0x6108, 0x6110,
  0x2000, 0x2000, 0x2000, 0x2000, 0x2008, 0x2000, 0x2000, 0x4108, 0x2008, 0x4108, 0x4108, 0x4108, 0x2000, 0x4108, 0x4108, 0x4108,
  0x4108, 0x4108, 0x4108, 0x4008, 0x4108, 0x4108, 0x4108, 0x4108, 0x4108, 0x4108, 0x2000, 0x6108, 0x4108, 0x4108, 0x2000, 0x2008,
  0x2000, 0x4108, 0x4108, 0x4008, 0x4108, 0x4108, 0x4108, 0x2000, 0x4108, 0x4108, 0x4108, 0x4008, 0x4008, 0x2008, 0x2008, 0x4108,
  0x2000, 0x4108, 0x4108, 0x4008, 0x2000, 0x4008, 0x6108, 0x4108, 0x4108, 0x4108, 0x4108, 0x4108, 0x6108, 0x6108, 0x4108, 0x4108,
  0x4108, 0x4108, 0x2000, 0x6108, 0x4108, 0x4108, 0x4108, 0x4108, 0x4108, 0x4108, 0x4108, 0x4100, 0x4108, 0x4108, 0x4108, 0x2000,
  0x2008, 0x4108, 0x2000, 0x2000, 0x2000, 0x2000, 0x2000, 0x2000, 0x6110, 0x8110, 0x0000, 0x0000, 0x0000, 0x0000, 0x0000, 0x0000,
  0x0000, 0x0000, 0x0000, 0x0000, 0x0000, 0x0000, 0x0000, 0x0000, 0x0000, 0x0000, 0x0000, 0x0000, 0xA210, 0x4108, 0x0000, 0x2000,
  0x2000, 0x2000, 0x4108, 0x2000, 0x4008, 0x2000, 0x2000, 0x2000, 0x4108, 0x6108, 0x4108, 0x4108, 0x4108, 0x4108, 0x4108, 0x4108,
  0x4108, 0x4108, 0x4108, 0x4108, 0x2008, 0x2000, 0x2000, 0x4008, 0x2000, 0x2000, 0x2000, 0x2000, 0x2000, 0x2000, 0x2000, 0x2000,
  0x2000, 0x2000, 0x2000, 0x2000, 0x2000, 0x2000, 0x2000, 0x2000, 0x2000, 0x2000, 0x2000, 0x2000, 0x2000, 0x2000, 0x2000, 0x2000,
  0x2000, 0x2000, 0x2000, 0x2000, 0x2000, 0x2000, 0x2000, 0x2000, 0x2000, 0x2000, 0x2000, 0x2000, 0x2000, 0x2000, 0x2000, 0x2000,
  0x2000, 0x2000, 0x2000, 0x2000, 0x2000, 0x2000, 0x2000, 0x2000, 0x2000, 0x2000, 0x2000, 0x2000, 0x2000, 0x2000, 0x2000, 0x2008,
  0x4008, 0x4108, 0x4108, 0x2108, 0x4108, 0x2000, 0x4108, 0x4108, 0x4008, 0x2000, 0x2000, 0x2008, 0x2000, 0x4108, 0x4108, 0x4108,
  0x4108, 0x4108, 0x4108, 0x2000, 0x4108, 0x4108, 0x4108, 0x4108, 0x4108, 0x4108, 0x4000, 0x4108, 0x4108, 0x4108, 0x4108, 0x4108,
  0x4108, 0x2008, 0x4108, 0x4108, 0x2108, 0x4108, 0x4008, 0x4108, 0x2000, 0x4108, 0x4108, 0x4108, 0x4108, 0x4108, 0x4108, 0x2000,
  0x4108, 0x6108, 0x4108, 0x4108, 0x4108, 0x4108, 0x4108, 0x4108, 0x6108, 0x4108, 0x4108, 0x4108, 0x6108, 0x2000, 0x6108, 0x4108,
  0x4108, 0x4108, 0x4108, 0x6108, 0x4008, 0x8210, 0x4108, 0x4108, 0x6108, 0x6108, 0x6108, 0x2000, 0x8110, 0x4108, 0x4108, 0x6108,
  0x4108, 0x4108, 0x2000, 0x6108, 0x6108, 0x4108, 0x6108, 0x4108, 0x6108, 0x2000, 0x6110, 0x6108, 0x4108, 0x4108, 0x4108, 0x4108,
  0x2000, 0x6108, 0x4108, 0x2000, 0x2000, 0x0000, 0x2008, 0x6110, 0xA208, 0x8220, 0x4148, 0x6220, 0xA200, 0x8208, 0x6128, 0x6238,
  0x8210, 0xA208, 0x8220, 0x4138, 0x6110, 0x8108, 0x6120, 0x4120, 0x6108, 0x6108, 0x6118, 0x6110, 0x6108, 0x6110, 0x6110, 0x4108,
  0x2000, 0x2000, 0x2000, 0x2000, 0x2000, 0x2000, 0x2000, 0x4108, 0x2000, 0x2008, 0x2008, 0x2000, 0x2000, 0x4108, 0x2008, 0x4008,
  0x4108, 0x4108, 0x4108, 0x4108, 0x4108, 0x4108, 0x4108, 0x4108, 0x4108, 0x2000, 0x4108, 0x4108, 0x4108, 0x4108, 0x4108, 0x4108,
  0x4108, 0x4108, 0x4108, 0x4108, 0x4108, 0x4108, 0x4008, 0x4108, 0x6108, 0x4108, 0x4108, 0x4108, 0x4108, 0x4108, 0x2008, 0x4108,
  0x4108, 0x4108, 0x4108, 0x4108, 0x2000, 0x6108, 0x4108, 0x4108, 0x4108, 0x4108, 0x4108, 0x4108, 0x4108, 0x6108, 0x4108, 0x4108,
  0x4108, 0x4008, 0x4108, 0x6108, 0x4108, 0x4108, 0x4108, 0x4108, 0x4108, 0x4108, 0x6108, 0x4108, 0x4108, 0x4108, 0x4108, 0x4108,
  0x6108, 0x4108, 0x4108, 0x4108, 0x4108, 0x2000, 0x2000, 0x4108, 0x2000, 0xA210, 0x0000, 0x0000, 0x0000, 0x0000, 0x0000, 0x0000,
  0x0000, 0x0000, 0x0000, 0x0000, 0x0000, 0x0000, 0x0000, 0x0000, 0x0000, 0x0000, 0x0000, 0x0000, 0x6108, 0xC210, 0x0000, 0x2000,
  0x2000, 0x2000, 0x6108, 0x4108, 0x4108, 0x4108, 0x4108, 0x2000, 0x6108, 0x4108, 0x4108, 0x4108, 0x4108, 0x4108, 0x4108, 0x4108,
  0x4108, 0x4108, 0x4108, 0x4008, 0x2000, 0x2000, 0x4108, 0x2000, 0x2008, 0x2000, 0x2000, 0x2008, 0x2000, 0x4108, 0x2000, 0x2000,
  0x2000, 0x2000, 0x2000, 0x2000, 0x2008, 0x2000, 0x2000, 0x2000, 0x2000, 0x2000, 0x2000, 0x2000, 0x2000, 0x2000, 0x2000, 0x2000,
  0x2000, 0x2000, 0x2000, 0x2000, 0x2000, 0x2000, 0x2000, 0x2000, 0x2000, 0x2000, 0x2000, 0x2000, 0x2000, 0x2000, 0x2000, 0x2000,
  0x2000, 0x2000, 0x2000, 0x2000, 0x2000, 0x2000, 0x2000, 0x2000, 0x2008, 0x2000, 0x2000, 0x2000, 0x2000, 0x2000, 0x2000, 0x4108,
  0x2008, 0x2008, 0x4108, 0x2000, 0x2000, 0x2000, 0x4108, 0x4108, 0x4108, 0x4108, 0x4108, 0x4108, 0x4108, 0x4108, 0x4108, 0x2008,
  0x4108, 0x4108, 0x4108, 0x2000, 0x4108, 0x4108, 0x4108, 0x4108, 0x4108, 0x4108, 0x4108, 0x4108, 0x6108, 0x4108, 0x4108, 0x4108,
  0x4108, 0x2000, 0x6108, 0x4108, 0x4108, 0x4108, 0x4108, 0x4108, 0x4108, 0x4108, 0x4108, 0x2000, 0x4100, 0x2008, 0x4108, 0x2000,
  0x6108, 0x4108, 0x4108, 0x4108, 0x4108, 0x4108, 0x4108, 0x4108, 0x6110, 0x4108, 0x4108, 0x4108, 0x4108, 0x2100, 0x8210, 0x4108,
  0x6108, 0x4108, 0x4108, 0x4108, 0x4108, 0x4108, 0x6108, 0x4108, 0x4108, 0x4108, 0x4108, 0x4108, 0x8210, 0x4008, 0x6108, 0x4108,
  0x4108, 0x4108, 0x4108, 0x4108, 0x6108, 0x4108, 0x4108, 0x4108, 0x4108, 0x4008, 0x8210, 0x4108, 0x4108, 0x4108, 0x4108, 0x4108,
  0x4108, 0x2000, 0x4108, 0x0000, 0x0000, 0x4108, 0x8218, 0xA210, 0x6130, 0x4138, 0x8210, 0x8200, 0x6118, 0x4130, 0x6220, 0xA208,
  0xA210, 0x6130, 0x4128, 0x6100, 0x8110, 0x6120, 0x4110, 0x6100, 0x6110, 0x6110, 0x6110, 0x6108, 0x6110, 0x6110, 0x6108, 0x6108,
  0x2000, 0x2000, 0x2000, 0x2000, 0x2000, 0x2000, 0x2000, 0x4100, 0x4108, 0x4108, 0x4108, 0x4108, 0x4108, 0x4008, 0x2000, 0x4008,
  0x4008, 0x4108, 0x4108, 0x4108, 0x2000, 0x4108, 0x4108, 0x4108, 0x4108, 0x4108, 0x4108, 0x4108, 0x4108, 0x4108, 0x4108, 0x4108,
  0x4108, 0x4108, 0x4108, 0x6108, 0x6108, 0x6108, 0x6108, 0x6108, 0x4108, 0x4108, 0x4108, 0x4108, 0x4108, 0x4108, 0x4108, 0x4108,
  0x6108, 0x6108, 0x6108, 0x6108, 0x6108, 0x6108, 0x4108, 0x4108, 0x4108, 0x4108, 0x4108, 0x4108, 0x4108, 0x6108, 0x6108, 0x6108,
  0x6108, 0x6108, 0x6108, 0x4108, 0x4108, 0x4108, 0x4108, 0x4108, 0x4108, 0x4008, 0x4108, 0x6108, 0x6108, 0x6108, 0x4108, 0x6108,
  0x6108, 0x4108, 0x4108, 0x4108, 0x4108, 0x4108, 0x4108, 0x2100, 0x2000, 0x4108, 0x2008, 0x2000, 0x0000, 0x0000, 0x2000, 0x0000,
  0x0000, 0x0000, 0x0000, 0x0000, 0x2000, 0x2000, 0x2000, 0x2000, 0x2000, 0x2000, 0x2000, 0x2000, 0x4108, 0xA210, 0x4108, 0x2000,
  0x2000, 0x2000, 0x4108, 0x6108, 0x6108, 0x6108, 0x6108, 0x4108, 0x4108, 0x4108, 0x4108, 0x4108, 0x4108, 0x4108, 0x4108, 0x6108,
  0x4108, 0x4108, 0x4108, 0x4108, 0x4108, 0x4108, 0x4108, 0x2000, 0x4108, 0x4108, 0x4108, 0x2000, 0x4108, 0x4108, 0x4108, 0x4108,
  0x4108, 0x4108, 0x4108, 0x4108, 0x2000, 0x2000, 0x2000, 0x2000, 0x2000, 0x2000, 0x2000, 0x2000, 0x2000, 0x2000, 0x2000, 0x2008,
  0x2000, 0x2000, 0x2000, 0x2000, 0x2000, 0x2000, 0x2000, 0x2000, 0x2000, 0x2000, 0x2000, 0x2000, 0x2000, 0x2000, 0x2000, 0x2000,
  0x2000, 0x2000, 0x2000, 0x2000, 0x4008, 0x2000, 0x2000, 0x4000, 0x2000, 0x2000, 0x2000, 0x2000, 0x4008, 0x4008, 0x4108, 0x2000,
  0x2008, 0x4108, 0x4108, 0x4108, 0x4108, 0x4108, 0x2008, 0x4108, 0x4108, 0x4108, 0x4108, 0x4108, 0x4108, 0x2000, 0x4108, 0x4108,
  0x4108, 0x4108, 0x4108, 0x4108, 0x4108, 0x4108, 0x4108, 0x4108, 0x4008, 0x4108, 0x4108, 0x4008, 0x4108, 0x6108, 0x6108, 0x6108,
  0x4108, 0x6108, 0x4108, 0x4008, 0x4108, 0x4108, 0x4108, 0x4108, 0x4108, 0x2000, 0x6108, 0x6108, 0x6108, 0x6108, 0x6108, 0x6108,
  0x6108, 0x4108, 0x4108, 0x4108, 0x4108, 0x4108, 0x4108, 0x4108, 0x6108, 0x8210, 0x6108, 0x8108, 0x6108, 0x6108, 0x4108, 0x4108,
  0x4108, 0x4108, 0x6108, 0x4108, 0x6108, 0x4108, 0x8210, 0x8210, 0x8210, 0x8210, 0x6108, 0x8210, 0x4108, 0x4108, 0x4108, 0x4108,
  0x4108, 0x4108, 0x4108, 0x2000, 0x6108, 0x6108, 0x8210, 0x8210, 0x6108, 0x6108, 0x4108, 0x4108, 0x4108, 0x4108, 0x4108, 0x4108,
  0x2000, 0x2000, 0x2000, 0x2000, 0x6110, 0xA220, 0x8228, 0x4138, 0x4128, 0x8208, 0xA208, 0x6128, 0x4138, 0x8218, 0xA200, 0x8218,
  0x6138, 0x6120, 0x8100, 0x6118, 0x6120, 0x6108, 0x6108, 0x6110, 0x6118, 0x6108, 0x6110, 0x6110, 0x6108, 0x6108, 0x6108, 0x6108,
  0x2000, 0x2000, 0x2000, 0x2000, 0x2000, 0x2000, 0x2000, 0x4108, 0x2108, 0x4108, 0x4108, 0x4108, 0x2000, 0x4108, 0x2008, 0x2008,
  0x4008, 0x4008, 0x4108, 0x2000, 0x4108, 0x4108, 0x4108, 0x4108, 0x4108, 0x2000, 0x4108, 0x4108, 0x4108, 0x4108, 0x4108, 0x4108,
  0x4108, 0x2000, 0x6108, 0x4108, 0x4108, 0x4108, 0x2008, 0x4108, 0x6108, 0x4108, 0x4108, 0x4108, 0x4108, 0x4108, 0x2000, 0x6108,
  0x6108, 0x4108, 0x4108, 0x4108, 0x4108, 0x6110, 0x4108, 0x4108, 0x4108, 0x4108, 0x4108, 0x4108, 0x4108, 0x6108, 0x4108, 0x4108,
  0x4108, 0x2008, 0x4108, 0x4108, 0x4108, 0x4108, 0x4108, 0x4108, 0x4108, 0x2008, 0x6108, 0x4108, 0x4108, 0x4108, 0x4108, 0x4108,
  0x6108, 0x4108, 0x4108, 0x4008, 0x4108, 0x4108, 0x4108, 0x4108, 0x2000, 0x4108, 0x2000, 0x2000, 0x2000, 0x2000, 0x2000, 0x2000,
  0x2000, 0x2000, 0x2000, 0x2000, 0x2000, 0x2000, 0x2000, 0x2000, 0x2000, 0x2000, 0x2000, 0x2000, 0x2000, 0x2000, 0x4108, 0x4108,
  0x4108, 0x2000, 0x4108, 0x4108, 0x4108, 0x4108, 0x4108, 0x2000, 0x4108, 0x4108, 0x4108, 0x4108, 0x4108, 0x4108, 0x4108, 0x6108,
  0x4108, 0x4108, 0x4108, 0x4108, 0x4108, 0x4108, 0x4108, 0x4108, 0x4108, 0x4108, 0x4108, 0x2008, 0x2008, 0x4108, 0x4108, 0x4108,
  0x4108, 0x4108, 0x4108, 0x4108, 0x4108, 0x2008, 0x4108, 0x2008, 0x2000, 0x2000, 0x2008, 0x2008, 0x2008, 0x2008, 0x2000, 0x4108,
  0x4108, 0x2008, 0x2008, 0x2008, 0x2008, 0x2008, 0x2000, 0x2000, 0x2000, 0x2008, 0x2008, 0x2000, 0x2000, 0x2000, 0x2000, 0x2000,
  0x2000, 0x2000, 0x2008, 0x2000, 0x4000, 0x2008, 0x2008, 0x4008, 0x2000, 0x2008, 0x2000, 0x4008, 0x2000, 0x2000, 0x4108, 0x4108,
  0x4108, 0x4108, 0x4108, 0x4108, 0x2000, 0x4108, 0x4108, 0x4108, 0x4108, 0x4108, 0x4008, 0x4108, 0x2008, 0x4008, 0x4108, 0x4108,
  0x4108, 0x4108, 0x4108, 0x4108, 0x4108, 0x4108, 0x4108, 0x4108, 0x4108, 0x4108, 0x4108, 0x2008, 0x4108, 0x4108, 0x4108, 0x4108,
  0x4108, 0x4108, 0x4108, 0x2008, 0x4108, 0x4108, 0x4108, 0x4108, 0x4008, 0x4108, 0x6108, 0x4108, 0x4108, 0x4108, 0x4108, 0x4108,
  0x6108, 0x4108, 0x4108, 0x4108, 0x4108, 0x4108, 0x4108, 0x4108, 0x6108, 0x6108, 0x6108, 0x6108, 0x4108, 0x4108, 0x6108, 0x4108,
  0x4108, 0x4108, 0x6108, 0x6108, 0x4108, 0x4108, 0x8210, 0x4108, 0x6108, 0x4108, 0x4108, 0x4108, 0x6108, 0x4108, 0x4108, 0x4108,
  0x4108, 0x4108, 0x4108, 0x2000, 0x8210, 0x4108, 0x6108, 0x6108, 0x4108, 0x4108, 0x6108, 0x4108, 0x4108, 0x4108, 0x4108, 0x2008,
  0x2000, 0x0000, 0x2008, 0x6110, 0x8210, 0x6128, 0x4140, 0x6118, 0x8200, 0xA210, 0x6238, 0x4130, 0x8208, 0xA200, 0x8228, 0x4138,
  0x8210, 0x8208, 0x6128, 0x6118, 0x8208, 0x6108, 0x6118, 0x6110, 0x8108, 0x6110, 0x6110, 0x6108, 0x6108, 0x6108, 0x4108, 0x4108,
  0x2000, 0x2000, 0x2000, 0x2000, 0x2000, 0x2000, 0x2000, 0x4108, 0x2008, 0x4108, 0x4108, 0x4108, 0x2000, 0x4108, 0x4008, 0x4108,
  0x4108, 0x4108, 0x4108, 0x2000, 0x4108, 0x4108, 0x4108, 0x4108, 0x4108, 0x4108, 0x4108, 0x4108, 0x4108, 0x4108, 0x4108, 0x4108,
  0x4008, 0x4108, 0x6108, 0x4108, 0x4108, 0x4108, 0x4108, 0x4108, 0x6108, 0x4108, 0x4108, 0x4108, 0x4108, 0x4108, 0x4108, 0x8210,
  0x4108, 0x4108, 0x4108, 0x4108, 0x4108, 0x6108, 0x6108, 0x4108, 0x4108, 0x4108, 0x6108, 0x4108, 0x6108, 0x6108, 0x4108, 0x4108,
  0x4108, 0x4108, 0x4008, 0x4108, 0x2000, 0x2000, 0x2000, 0x2000, 0x2000, 0x2000, 0x2008, 0x2000, 0x2000, 0x2000, 0x2000, 0x0000,
  0x2000, 0x2000, 0x2000, 0x2000, 0x2000, 0x2000, 0x2000, 0x2000, 0x2000, 0x2000, 0x2000, 0x2000, 0x2000, 0x0000, 0x2000, 0x0000,
  0x0000, 0x0000, 0x0000, 0x0000, 0x0000, 0x0000, 0x0000, 0x0000, 0x0000, 0x0000, 0x0000, 0x2000, 0x2000, 0x2000, 0x2000, 0x2000,
  0x2000, 0x2000, 0x2000, 0x2000, 0x2000, 0x2000, 0x2000, 0x0000, 0x2000, 0x2000, 0x2000, 0x2000, 0x2000, 0x2000, 0x2000, 0x2000,
  0x2000, 0x2000, 0x2000, 0x2000, 0x2000, 0x0000, 0x2000, 0x2000, 0x2000, 0x2000, 0x2000, 0x2000, 0x2000, 0x2000, 0x2000, 0x2000,
  0x2000, 0x2000, 0x2000, 0x0000, 0x2000, 0x2000, 0x2000, 0x2000, 0x2000, 0x2000, 0x2000, 0x2000, 0x2000, 0x0000, 0x0000, 0x0000,
  0x0000, 0x0000, 0x2000, 0x2000, 0x2000, 0x0000, 0x2000, 0x2000, 0x0000, 0x2000, 0x2000, 0x2000, 0x2000, 0x2000, 0x2000, 0x0000,
  0x2000, 0x2000, 0x2000, 0x2000, 0x2000, 0x2000, 0x2000, 0x2000, 0x2000, 0x2000, 0x2000, 0x2000, 0x2000, 0x2000, 0x2000, 0x2000,
  0x2000, 0x2000, 0x2000, 0x2000, 0x2000, 0x2000, 0x2000, 0x2000, 0x2000, 0x2000, 0x2000, 0x2000, 0x0000, 0x2000, 0x2000, 0x2000,
  0x2000, 0x2000, 0x2000, 0x0000, 0x2000, 0x0000, 0x2000, 0x2000, 0x2000, 0x2000, 0x2000, 0x2000, 0x2000, 0x2000, 0x2000, 0x2000,
  0x2000, 0x0000, 0x2000, 0x2000, 0x2000, 0x2000, 0x2000, 0x2000, 0x0000, 0x4108, 0x2000, 0x2000, 0x2000, 0x2000, 0x2000, 0x2000,
  0x2000, 0x2000, 0x2000, 0x2000, 0x2000, 0x2000, 0x2000, 0x2000, 0x4108, 0x2000, 0x2008, 0x2000, 0x2000, 0x2000, 0x6108, 0x6108,
  0x4108, 0x4108, 0x4108, 0x6108, 0x2000, 0x8210, 0x8110, 0x4108, 0x4108, 0x4108, 0x4108, 0x2000, 0x8210, 0x4108, 0x4108, 0x4108,
  0x4108, 0x4108, 0x4000, 0x6108, 0x8110, 0x4108, 0x4108, 0x4108, 0x4108, 0x4108, 0x8208, 0x4108, 0x4108, 0x4108, 0x2008, 0x2000,
  0x0000, 0x4110, 0x8208, 0x8210, 0x4138, 0x4130, 0x8208, 0x8200, 0x8218, 0x6138, 0x6228, 0x8200, 0x8208, 0x6130, 0x6130, 0x8208,
  0x8110, 0x4120, 0x6110, 0x6208, 0x6118, 0x6118, 0x6108, 0x6108, 0x6110, 0x6110, 0x6108, 0x6108, 0x4108, 0x4108, 0x4108, 0x4108,
  0x2000, 0x2000, 0x2000, 0x2000, 0x2000, 0x2000, 0x4108, 0x2000, 0x4008, 0x4108, 0x4008, 0x4108, 0x4008, 0x4108, 0x4108, 0x2000,
  0x4108, 0x4108, 0x2000, 0x2108, 0x4108, 0x2008, 0x4108, 0x4008, 0x4108, 0x4108, 0x4108, 0x4108, 0x4108, 0x4108, 0x4008, 0x4108,
  0x2000, 0x6108, 0x4108, 0x4108, 0x4108, 0x4108, 0x4108, 0x4108, 0x6108, 0x6108, 0x4108, 0x4108, 0x4108, 0x2000, 0x6108, 0x8110,
  0x4108, 0x4108, 0x4108, 0x4108, 0x4108, 0x4108, 0x8210, 0x4108, 0x4108, 0x4108, 0x4108, 0x4108, 0x8210, 0x4108, 0x4108, 0x4108,
  0x4108, 0x2000, 0x2000, 0x2000, 0x0000, 0x0000, 0x0000, 0x0000, 0x0000, 0x0000, 0x0000, 0x0000, 0x0000, 0x0000, 0x0000, 0x0000,
  0x0000, 0x0000, 0x0000, 0x0000, 0x0000, 0x0000, 0x0000, 0x0000, 0x0000, 0x0000, 0x0000, 0x0000, 0x0000, 0x0000, 0x0000, 0x0000,
  0x0000, 0x0000, 0x0000, 0x0000, 0x0000, 0x0000, 0x0000, 0x0000, 0x0000, 0x0000, 0x0000, 0x0000, 0x0000, 0x0000, 0x0000, 0x0000,
  0x0000, 0x0000, 0x0000, 0x0000, 0x0000, 0x0000, 0x0000, 0x0000, 0x0000, 0x0000, 0x0000, 0x0000, 0x0000, 0x0000, 0x0000, 0x0000,
  0x0000, 0x0000, 0x0000, 0x0000, 0x0000, 0x0000, 0x0000, 0x0000, 0x0000, 0x0000, 0x0000, 0x0000, 0x0000, 0x0000, 0x0000, 0x0000,
  0x0000, 0x0000, 0x0000, 0x0000, 0x0000, 0x0000, 0x0000, 0x0000, 0x0000, 0x0000, 0x0000, 0x0000, 0x0000, 0x0000, 0x0000, 0x0000,
  0x0000, 0x0000, 0x0000, 0x0000, 0x0000, 0x0000, 0x0000, 0x0000, 0x0000, 0x0000, 0x0000, 0x0000, 0x0000, 0x0000, 0x0000, 0x0000,
  0x0000, 0x0000, 0x0000, 0x0000, 0x0000, 0x0000, 0x0000, 0x0000, 0x0000, 0x0000, 0x0000, 0x0000, 0x0000, 0x0000, 0x0000, 0x0000,
  0x0000, 0x0000, 0x0000, 0x0000, 0x0000, 0x0000, 0x0000, 0x0000, 0x0000, 0x0000, 0x0000, 0x0000, 0x0000, 0x0000, 0x0000, 0x0000,
  0x0000, 0x0000, 0x0000, 0x0000, 0x0000, 0x0000, 0x0000, 0x0000, 0x0000, 0x0000, 0x0000, 0x0000, 0x0000, 0x0000, 0x0000, 0x0000,
  0x0000, 0x0000, 0x0000, 0x0000, 0x0000, 0x0000, 0x0000, 0x0000, 0x0000, 0x0000, 0x0000, 0x0000, 0x0000, 0x0000, 0x0000, 0x0000,
  0x0000, 0x0000, 0x0000, 0x0000, 0x0000, 0x0000, 0x0000, 0x0000, 0x0000, 0x0000, 0x0000, 0x0000, 0x2000, 0x2000, 0x4108, 0x6110,
  0x4108, 0x4108, 0x4108, 0x4108, 0x4108, 0xA210, 0x4108, 0x6108, 0x4108, 0x4108, 0x4108, 0x4108, 0x6108, 0x6108, 0x4108, 0x4108,
  0x4108, 0x4108, 0x2000, 0xA210, 0x6108, 0x6108, 0x4108, 0x4108, 0x4108, 0x4108, 0x6108, 0x6108, 0x2000, 0x2000, 0x2000, 0x0000,
  0x4110, 0xA210, 0x8118, 0x4148, 0x6120, 0x8200, 0x8208, 0x6128, 0x6138, 0x8218, 0xA200, 0x6118, 0x4140, 0x6120, 0x8200, 0x6120,
  0x4120, 0x6108, 0x8108, 0x6118, 0x6118, 0x8208, 0x8210, 0x6110, 0x6110, 0x6108, 0x6108, 0x6108, 0x6108, 0x4108, 0x4108, 0x4108,
  0x2000, 0x2000, 0x2000, 0x2000, 0x2000, 0x2000, 0x4108, 0x2000, 0x2000, 0x4008, 0x4108, 0x4108, 0x4108, 0x2008, 0x4108, 0x4108,
  0x4108, 0x4108, 0x4108, 0x4108, 0x2008, 0x2008, 0x2008, 0x2008, 0x2000, 0x4008, 0x4108, 0x4108, 0x4108, 0x6108, 0x6108, 0x4108,
  0x6108, 0x4108, 0x4108, 0x4108, 0x4108, 0x4108, 0x4108, 0x4108, 0x4108, 0x6108, 0x6108, 0x8210, 0x6110, 0x6108, 0x6110, 0x4108,
  0x4108, 0x4108, 0x4108, 0x4108, 0x4108, 0x4108, 0x4108, 0x6108, 0x6108, 0x6110, 0x6108, 0x8210, 0x6108, 0x4108, 0x4108, 0x4108,
  0x4108, 0x4108, 0x2000, 0x2000, 0x2000, 0x0000, 0x0000, 0x0000, 0x0000, 0x0000, 0x0000, 0x0000, 0x0000, 0x0000, 0x0000, 0x0000,
  0x0000, 0x0000, 0x0000, 0x0000, 0x0000, 0x0000, 0x0000, 0x0000, 0x0000, 0x0000, 0x0000, 0x0000, 0x0000, 0x0000, 0x0000, 0x0000,
  0x0000, 0x0000, 0x0000, 0x0000, 0x0000, 0x0000, 0x0000, 0x0000, 0x0000, 0x0000, 0x0000, 0x0000, 0x0000, 0x0000, 0x0000, 0x0000,
  0x0000, 0x0000, 0x0000, 0x0000, 0x0000, 0x0000, 0x0000, 0x0000, 0x0000, 0x0000, 0x0000, 0x0000, 0x0000, 0x0000, 0x0000, 0x0000,
  0x0000, 0x0000, 0x0000, 0x0000, 0x0000, 0x0000, 0x0000, 0x0000, 0x0000, 0x0000, 0x0000, 0x0000, 0x0000, 0x0000, 0x0000, 0x0000,
  0x0000, 0x0000, 0x0000, 0x0000, 0x0000, 0x0000, 0x0000, 0x0000, 0x0000, 0x0000, 0x0000, 0x0000, 0x0000, 0x0000, 0x0000, 0x0000,
  0x0000, 0x0000, 0x0000, 0x0000, 0x0000, 0x0000, 0x0000, 0x0000, 0x0000, 0x0000, 0x0000, 0x0000, 0x0000, 0x0000, 0x0000, 0x0000,
  0x0000, 0x0000, 0x0000, 0x0000, 0x0000, 0x0000, 0x0000, 0x0000, 0x0000, 0x0000, 0x0000, 0x0000, 0x0000, 0x0000, 0x0000, 0x0000,
  0x0000, 0x0000, 0x0000, 0x0000, 0x0000, 0x0000, 0x0000, 0x0000, 0x0000, 0x0000, 0x0000, 0x0000, 0x0000, 0x0000, 0x0000, 0x0000,
  0x0000, 0x0000, 0x0000, 0x0000, 0x0000, 0x0000, 0x0000, 0x0000, 0x0000, 0x0000, 0x0000, 0x0000, 0x0000, 0x0000, 0x0000, 0x0000,
  0x0000, 0x0000, 0x0000, 0x0000, 0x0000, 0x0000, 0x0000, 0x0000, 0x0000, 0x0000, 0x0000, 0x0000, 0x0000, 0x0000, 0x0000, 0x0000,
  0x0000, 0x0000, 0x0000, 0x0000, 0x0000, 0x0000, 0x0000, 0x0000, 0x0000, 0x0000, 0x2000, 0x2000, 0x2008, 0x4108, 0x2000, 0x6108,
  0x6108, 0x8110, 0x8210, 0x6108, 0x8210, 0x6108, 0x4108, 0x4108, 0x4108, 0x4108, 0x4108, 0x4108, 0x2000, 0x6108, 0x4108, 0x6108,
  0x6110, 0x6108, 0x6108, 0x6108, 0x4108, 0x6108, 0x6108, 0x4108, 0x4108, 0x4108, 0x2000, 0x4108, 0x2000, 0x2000, 0x2008, 0x8218,
  0xA208, 0x6130, 0x4140, 0x6210, 0x8200, 0x6110, 0x4138, 0x6128, 0x8208, 0xA210, 0x8230, 0x4138, 0x8110, 0x8208, 0x6120, 0x4118,
  0x6100, 0x6110, 0x6120, 0x6110, 0x6108, 0x6110, 0x6110, 0x6108, 0x6108, 0x6108, 0x6108, 0x6108, 0x4108, 0x4108, 0x4108, 0x4108,
  0x2000, 0x2000, 0x2000, 0x2000, 0x2000, 0x2000, 0x4100, 0x2000, 0x2000, 0x2008, 0x4008, 0x4108, 0x4108, 0x2000, 0x4108, 0x4108,
  0x4108, 0x4108, 0x4108, 0x4108, 0x2000, 0x2000, 0x2000, 0x2000, 0x2000, 0x4008, 0x2000, 0x4108, 0x4108, 0x4108, 0x4108, 0x4108,
  0x4108, 0x6108, 0x4108, 0x4108, 0x4108, 0x4108, 0x4108, 0x4108, 0x2008, 0x6108, 0x6108, 0x6108, 0x6108, 0x4108, 0x6108, 0x4108,
  0x4108, 0x4108, 0x4108, 0x4108, 0x4108, 0x2000, 0x4108, 0x6108, 0x6108, 0x6108, 0x6108, 0x6108, 0x6108, 0x4108, 0x4108, 0x4008,
  0x4108, 0x2000, 0x2000, 0x2000, 0x2000, 0x2000, 0x2000, 0x0000, 0x0000, 0x0000, 0x0000, 0x0008, 0x0018, 0x0030, 0x0048, 0x0050,
  0x0050, 0x0058, 0x0038, 0x0000, 0x0000, 0x0000, 0x0000, 0x0000, 0x6108, 0xA631, 0xC739, 0x8631, 0x2000, 0x8210, 0xE739, 0x0842,
  0x0842, 0xE318, 0x6108, 0xA631, 0xE739, 0xA631, 0x0000, 0x6108, 0xA631, 0xC739, 0xC739, 0xC318, 0x0000, 0xA631, 0x0842, 0x6529,
  0x0000, 0x6108, 0xA631, 0xE739, 0xA631, 0x2000, 0x6108, 0x6529, 0x2000, 0x0000, 0x6108, 0xA631, 0x4108, 0x0000, 0x8210, 0x4529,
  0x0000, 0x0000, 0xE318, 0x0421, 0x0000, 0xC318, 0x6529, 0x0000, 0xE318, 0x0842, 0xA631, 0x6108, 0x2000, 0x6529, 0xE739, 0x0842,
  0x2421, 0x0000, 0x0000, 0x0000, 0xC318, 0xC739, 0x0842, 0x4529, 0x0000, 0x0000, 0xC318, 0x8631, 0x0000, 0x0000, 0x0421, 0xC739,
  0xE739, 0x2421, 0x0000, 0x4529, 0xC739, 0xC739, 0xC739, 0x2000, 0x0000, 0x0000, 0x0000, 0x0010, 0x0040, 0x0020, 0x0000, 0x0000,
  0x0000, 0x0000, 0x0000, 0x0000, 0x6529, 0x6108, 0x0000, 0x0000, 0x0421, 0x0842, 0xA631, 0x6108, 0x0000, 0xC318, 0xE739, 0x8631,
  0x6108, 0x2000, 0x8631, 0x0842, 0x2842, 0x8631, 0x0000, 0x2421, 0x2842, 0xA631, 0x4108, 0x0000, 0x4529, 0xE841, 0x6529, 0x2000,
  0x0000, 0x2421, 0x0842, 0xA631, 0x2000, 0x2000, 0x6529, 0xA631, 0xC739, 0x8210, 0x0000, 0x6529, 0x8210, 0xA210, 0xC739, 0xC739,
  0xC739, 0x6108, 0x0000, 0xE739, 0x2842, 0x0421, 0x0000, 0x0000, 0x0000, 0x0000, 0x0008, 0x0060, 0x0058, 0x0050, 0x0040, 0x0038,
  0x0028, 0x0010, 0x0000, 0x0000, 0x0000, 0x0000, 0x2000, 0x2000, 0x2000, 0x2000, 0x4100, 0x4100, 0x4108, 0x4108, 0x2000, 0x6108,
  0x6108, 0x8210, 0x8210, 0x8210, 0x8210, 0x6108, 0x4108, 0x4108, 0x4108, 0x6108, 0x4108, 0x4108, 0x2000, 0x6108, 0x4108, 0x6110,
  0x8210, 0x8210, 0x8210, 0x6108, 0x4108, 0x4108, 0x4108, 0x4108, 0x4008, 0x2000, 0x0000, 0x2000, 0x2000, 0x6110, 0xA210, 0xA210,
  0x6140, 0x4130, 0x8108, 0x8200, 0x6118, 0x4140, 0x6120, 0x8200, 0x8210, 0x6138, 0x6130, 0x8200, 0x8110, 0x6120, 0x6110, 0x6100,
  0x6110, 0x6118, 0x6108, 0x8108, 0x6110, 0x6110, 0x6108, 0x6108, 0x6108, 0x6108, 0x6108, 0x6108, 0x6108, 0x4108, 0x4108, 0x4108,
  0x2000, 0x2000, 0x2000, 0x2000, 0x4008, 0x2000, 0x2000, 0x2000, 0x2008, 0x2008, 0x2008, 0x4108, 0x2000, 0x4100, 0x4108, 0x2000,
  0x2000, 0x2000, 0x2000, 0x2000, 0x4108, 0x2008, 0x2000, 0x2000, 0x2000, 0x2008, 0x2000, 0x6108, 0x4108, 0x4108, 0x4108, 0x4108,
  0x2000, 0x6108, 0x4108, 0x4108, 0x4108, 0x4108, 0x4108, 0x2000, 0x6108, 0x6108, 0x4108, 0x4108, 0x4108, 0x4008, 0x6108, 0x6108,
  0x4108, 0x4108, 0x4108, 0x4108, 0x4108, 0x2100, 0x8210, 0x4108, 0x4108, 0x4108, 0x4108, 0x4108, 0x6108, 0x4108, 0x4108, 0x2000,
  0x2008, 0x2010, 0x2018, 0x2028, 0x0038, 0x0040, 0x0058, 0x0070, 0x0090, 0x00A8, 0x00B8, 0x00B8, 0x00C8, 0x00D0, 0x00E0, 0x00E8,
  0x00E8, 0x00E8, 0x0030, 0x0000, 0x0000, 0x0000, 0x0000, 0x0000, 0xE739, 0x96B5, 0x1084, 0xF7C5, 0x4D6B, 0xA631, 0xD7BD, 0xCF7B,
  0xD39C, 0xE739, 0x8A52, 0x96B5, 0x1084, 0x79D6, 0x694A, 0x6529, 0xD7BD, 0xAE73, 0x518C, 0x0421, 0x8E73, 0x75AD, 0x3084, 0x59CE,
  0xA631, 0xC739, 0xD7BD, 0x3084, 0x18C6, 0x2C63, 0x2421, 0x9AD6, 0x6529, 0x0000, 0xF39C, 0xD7BD, 0x4108, 0x0000, 0xD39C, 0xD7BD,
  0x8210, 0x0000, 0xEF7B, 0x18C6, 0x0000, 0x1084, 0x3084, 0x0421, 0x38C6, 0x518C, 0x18C6, 0xF39C, 0x8210, 0x96B5, 0x1084, 0xB294,
  0x894A, 0x0000, 0x2000, 0x0000, 0xEF7B, 0x75AD, 0x518C, 0x79CE, 0x4529, 0x0000, 0x75AD, 0x55AD, 0x2000, 0x0000, 0x518C, 0x55AD,
  0x518C, 0x18C6, 0xE318, 0x0C63, 0x75AD, 0x75AD, 0xCF7B, 0x4008, 0x0000, 0x0000, 0x0018, 0x00B8, 0x0090, 0x00A8, 0x0010, 0x0000,
  0x0000, 0x0000, 0x0000, 0x494A, 0xFBDE, 0x2842, 0x0000, 0xC739, 0xD7BD, 0x718C, 0xBAD6, 0xCF7B, 0xC318, 0x18C6, 0x3084, 0xB6BD,
  0x718C, 0x4108, 0xB6B5, 0x3084, 0xB294, 0xAA52, 0x0842, 0x75AD, 0xAE73, 0x79CE, 0x0842, 0x0842, 0x96B5, 0x8E73, 0x59CE, 0xA631,
  0xE739, 0xB6B5, 0x3084, 0xF7BD, 0x4D6B, 0xC318, 0xD7BD, 0xEF7B, 0x55AD, 0xB294, 0x2000, 0x38C6, 0x0421, 0x4D6B, 0x34A5, 0xAE73,
  0xB294, 0x0419, 0x1084, 0x9294, 0xB294, 0xD6B5, 0x4108, 0x0000, 0x0000, 0x0000, 0x0000, 0x00B0, 0x00F8, 0x00E0, 0x00D0, 0x00C8,
  0x00C8, 0x00C0, 0x00A8, 0x0090, 0x0080, 0x0070, 0x0060, 0x2048, 0x2038, 0x2028, 0x2020, 0x2018, 0x4108, 0x4108, 0x4108, 0x8210,
  0x4108, 0x6108, 0x4108, 0x4108, 0x4108, 0x8210, 0x4108, 0x4108, 0x4108, 0x4108, 0x4108, 0x2000, 0x4108, 0x6108, 0x4108, 0x4108,
  0x6108, 0x4108, 0x4108, 0x8210, 0x4108, 0x4108, 0x4108, 0x4108, 0x2000, 0x2000, 0x0000, 0x2000, 0x6110, 0xA210, 0x6220, 0x6150,
  0x8120, 0x8200, 0x6108, 0x4128, 0x4138, 0x6110, 0xA200, 0x8220, 0x4138, 0x6118, 0x8100, 0x6120, 0x6120, 0x8108, 0x6108, 0x6110,
  0x6110, 0x6108, 0x6110, 0x6110, 0x6110, 0x6108, 0x6108, 0x6108, 0x6108, 0x6108, 0x6108, 0x6108, 0x6108, 0x6108, 0x4108, 0x6108,
  0x2000, 0x2000, 0x2000, 0x2000, 0x2000, 0x2000, 0x2000, 0x4008, 0x2000, 0x2000, 0x2008, 0x4108, 0x2000, 0x4108, 0x2000, 0x2008,
  0x2000, 0x2000, 0x2000, 0x2000, 0x4108, 0x4008, 0x2008, 0x4108, 0x4108, 0x2000, 0x4108, 0x6108, 0x4108, 0x4108, 0x4108, 0x4108,
  0x4108, 0x4108, 0x6108, 0x4108, 0x4108, 0x4108, 0x4108, 0x2000, 0x8210, 0x4108, 0x4108, 0x4108, 0x4108, 0x4108, 0x4108, 0x8210,
  0x4108, 0x4108, 0x4108, 0x4108, 0x2000, 0x6108, 0x6108, 0x4108, 0x6108, 0x4108, 0x4108, 0x4108, 0x6108, 0x4108, 0x4108, 0x2000,
  0x2008, 0x0018, 0x0028, 0x0048, 0x0050, 0x0050, 0x0058, 0x0060, 0x0068, 0x0078, 0x0090, 0x0098, 0x00A8, 0x00B0, 0x00C0, 0x00C8,
  0x00E8, 0x00A0, 0x0000, 0x0000, 0x0000, 0x0000, 0x2000, 0x0000, 0x718C, 0x4D6B, 0x0000, 0xD7BD, 0xAA52, 0x6E6B, 0x95B5, 0x8A52,
  0x2421, 0x0000, 0x96B5, 0xEB5A, 0x0000, 0x79CE, 0x8629, 0x6D6B, 0x96B5, 0x2842, 0xA210, 0x4108, 0x79CE, 0xA210, 0x0000, 0x59CE,
  0xE318, 0x718C, 0xEF7B, 0x0000, 0xD7BD, 0x2842, 0x8A52, 0x7DEF, 0x2842, 0xCB5A, 0x5DEF, 0xAE73, 0x0000, 0xCB5A, 0xD39C, 0x34AD,
  0xE318, 0x0000, 0x14A5, 0xBAD6, 0x2842, 0x34A5, 0x8631, 0xCF7B, 0x518C, 0x0000, 0x2421, 0x8631, 0x694A, 0x79CE, 0x694A, 0x6529,
  0x0000, 0x0000, 0x0000, 0x4108, 0xD7BD, 0xC318, 0xA210, 0xBBD6, 0x4108, 0x4D6B, 0xD39C, 0x75AD, 0x6108, 0x4108, 0x18C6, 0x2421,
  0x4529, 0x79CE, 0x6108, 0x0000, 0x14A5, 0x0842, 0x0000, 0x2000, 0x0000, 0x0000, 0x0038, 0x00E8, 0x0000, 0x0020, 0x0018, 0x0000,
  0x2000, 0x0000, 0xA210, 0xF39C, 0x55AD, 0x6D6B, 0x0000, 0x34A5, 0xCF7B, 0x0000, 0x4529, 0x0421, 0xCF7B, 0xB294, 0x0000, 0x0421,
  0x4529, 0x2842, 0x79CE, 0x8A52, 0xA631, 0x0000, 0x55AD, 0x34A5, 0x0842, 0x083A, 0x2000, 0x96B5, 0xF39C, 0xC739, 0xC739, 0x2000,
  0xD7BD, 0x8A52, 0x0000, 0x34A5, 0x8A4A, 0xAA52, 0x34A5, 0x0000, 0x9294, 0xCF7B, 0x8631, 0x18C6, 0x0000, 0xB6B5, 0x518C, 0x8A4A,
  0x4108, 0x2421, 0x5DEF, 0xAA52, 0xE739, 0x4529, 0x0000, 0x0000, 0x0000, 0x0000, 0x0000, 0x0028, 0x00D8, 0x00D0, 0x00C0, 0x00A8,
  0x0098, 0x0090, 0x0098, 0x0090, 0x0080, 0x0078, 0x0078, 0x0068, 0x0058, 0x0040, 0x0030, 0x0020, 0x2010, 0x2000, 0x6108, 0x6108,
  0x6108, 0x6108, 0x6108, 0x6108, 0x4108, 0x8210, 0x6108, 0x4108, 0x4108, 0x4108, 0x4108, 0x2000, 0x8210, 0x6108, 0x6108, 0x4108,
  0x4108, 0x4108, 0x4108, 0x6108, 0x6108, 0x4108, 0x4108, 0x2000, 0x2000, 0x0000, 0x4110, 0x8210, 0xA208, 0x6138, 0x4148, 0x8210,
  0xA200, 0x8210, 0x4130, 0x4128, 0x8200, 0x8208, 0x6130, 0x4138, 0x8208, 0x8210, 0x6128, 0x6118, 0x8208, 0x6110, 0x6118, 0x6110,
  0x8210, 0x8110, 0x6110, 0x6108, 0x6108, 0x6108, 0x6108, 0x6108, 0x6108, 0x6108, 0x6108, 0x6108, 0x6108, 0x6108, 0x6108, 0x6108,
  0x2000, 0x2000, 0x2000, 0x2000, 0x2000, 0x2000, 0x2000, 0x4108, 0x2000, 0x2000, 0x2008, 0x2000, 0x2000, 0x4108, 0x2000, 0x2000,
  0x2000, 0x2000, 0x2000, 0x2000, 0x2008, 0x4108, 0x4108, 0x4108, 0x4108, 0x2008, 0x4108, 0x4108, 0x4108, 0x4108, 0x4108, 0x4108,
  0x4108, 0x4108, 0x6108, 0x4108, 0x4108, 0x6108, 0x4108, 0x6108, 0x6108, 0x4108, 0x4108, 0x4108, 0x4108, 0x4108, 0x4108, 0x6108,
  0x6108, 0x4108, 0x4108, 0x4108, 0x4108, 0x8210, 0x4108, 0x4108, 0x4108, 0x4108, 0x4108, 0x4108, 0x4110, 0x2028, 0x2030, 0x2038,
  0x0040, 0x0040, 0x0040, 0x0040, 0x0040, 0x0040, 0x0048, 0x0040, 0x0030, 0x0030, 0x0028, 0x0028, 0x0028, 0x0020, 0x0020, 0x0018,
  0x0020, 0x0008, 0x0000, 0x0000, 0x0000, 0x0000, 0x0000, 0x2000, 0x38C6, 0xB6B5, 0x55AD, 0x149D, 0x2000, 0x75AD, 0xCF7B, 0x6D6B,
  0xE318, 0xA210, 0x9AD6, 0x14A5, 0x9AD6, 0xEF7B, 0x0000, 0x75AD, 0x9294, 0xEF7B, 0x0421, 0x694A, 0x55AD, 0x0000, 0xE739, 0x38C6,
  0x2000, 0x59CE, 0x75AD, 0x38C6, 0x718C, 0x0000, 0xF39C, 0x34A5, 0xF7BD, 0xD39C, 0xF7BD, 0x0842, 0x8210, 0x1CE7, 0x0C63, 0x79CE,
  0x2421, 0x4529, 0xB6B5, 0x2C63, 0x38C6, 0x75AD, 0x2000, 0x55AD, 0x6529, 0x0000, 0x8210, 0x0000, 0x9294, 0xD39C, 0x2C63, 0x8631,
  0x0000, 0x2000, 0x0000, 0x8631, 0x3CE7, 0x34A5, 0x38C6, 0x0C63, 0x0421, 0x3CE7, 0x4D6B, 0x79CE, 0x6108, 0x8631, 0xBAD6, 0x75AD,
  0xBAD6, 0xAA52, 0x0000, 0x0421, 0xBAD6, 0xA210, 0x0000, 0x0000, 0x0000, 0x0008, 0x0078, 0x0078, 0x0098, 0x0090, 0x0028, 0x0000,
  0x0000, 0x0000, 0x55AD, 0xF39C, 0xF39C, 0x3084, 0x0000, 0x38C6, 0xE318, 0x0000, 0xA210, 0x0000, 0x96B5, 0xA631, 0x0000, 0xA210,
  0x0000, 0x9294, 0xD39C, 0x4C63, 0xC739, 0x0000, 0x6529, 0x4D6B, 0x14A5, 0x38C6, 0x0000, 0xC739, 0x6D6B, 0x55AD, 0xD7BD, 0xE420,
  0x38C6, 0x0000, 0x2000, 0x7ACE, 0x6108, 0xD39C, 0x18C6, 0x38C6, 0x96B5, 0x6108, 0xEF7B, 0x518C, 0x8210, 0x59CE, 0x2C63, 0x2C63,
  0x6108, 0x2000, 0xEB5A, 0x8E73, 0x9AD6, 0xCA5A, 0x0000, 0x2000, 0x0000, 0x0000, 0x0000, 0x0000, 0x0018, 0x0020, 0x0020, 0x0028,
  0x0028, 0x0028, 0x0028, 0x0038, 0x0040, 0x0040, 0x0040, 0x0048, 0x0048, 0x0040, 0x0040, 0x0048, 0x0040, 0x2038, 0x2038, 0x2030,
  0x6118, 0x6108, 0x6108, 0x6108, 0x4108, 0x4108, 0x8210, 0x4108, 0x4108, 0x4108, 0x2008, 0x6108, 0x8210, 0x4108, 0x6108, 0x4108,
  0x4108, 0x4108, 0x4108, 0x4108, 0x6108, 0x2000, 0x2000, 0x2000, 0x0000, 0x4118, 0xA218, 0x8210, 0x4140, 0x6130, 0x8208, 0xA208,
  0x6118, 0x4138, 0x8220, 0xA200, 0x6110, 0x4138, 0x4120, 0x8100, 0x6118, 0x4128, 0x6110, 0x8108, 0x6118, 0x6118, 0x6108, 0x6108,
  0x6118, 0x6110, 0x6108, 0x6108, 0x6108, 0x6108, 0x6108, 0x6108, 0x6108, 0x6108, 0x6108, 0x6108, 0x6108, 0x6108, 0x6108, 0x6108,
  0x2000, 0x2000, 0x2000, 0x2000, 0x2000, 0x2000, 0x2000, 0x4008, 0x4108, 0x4108, 0x4108, 0x4108, 0x4108, 0x2000, 0x2000, 0x2000,
  0x2000, 0x2000, 0x2000, 0x2000, 0x2000, 0x4108, 0x4108, 0x6108, 0x4108, 0x4108, 0x4108, 0x4108, 0x4108, 0x4108, 0x4108, 0x4108,
  0x4108, 0x2000, 0x4108, 0x6108, 0x6108, 0x6108, 0x6108, 0x6108, 0x4108, 0x4108, 0x4108, 0x4108, 0x4108, 0x4108, 0x4108, 0x4108,
  0x6108, 0x6108, 0x6110, 0x6108, 0x6108, 0x6108, 0x4108, 0x4108, 0x4108, 0x4108, 0x4108, 0x4108, 0x4100, 0x6108, 0x6108, 0x6108,
  0x6108, 0x4110, 0x4110, 0x2010, 0x2010, 0x0018, 0x0018, 0x2020, 0x2028, 0x0030, 0x0030, 0x0038, 0x0050, 0x0050, 0x0050, 0x0048,
  0x0048, 0x0030, 0x0000, 0x0000, 0x0000, 0x0000, 0x0000, 0x0842, 0x59CE, 0xA210, 0xC318, 0x0000, 0x8631, 0xFBDE, 0xCB5A, 0xCB5A,
  0xE318, 0x0C63, 0x75AD, 0x8210, 0xDBDE, 0xC318, 0x2421, 0xDBDE, 0x2000, 0x0000, 0x0000, 0x518C, 0x18C6, 0xEB5A, 0xD7BD, 0x6D6B,
  0xA631, 0x38C6, 0x6108, 0x9AD6, 0xA631, 0xE318, 0x38C6, 0xA631, 0x59CE, 0xE739, 0x38C6, 0x6208, 0x34A5, 0xD39C, 0x8E73, 0xFBDE,
  0xE739, 0xCF7B, 0xF39C, 0x0000, 0x3CE7, 0x718C, 0xA210, 0xFBDE, 0x6D6B, 0xCF7B, 0xB6B5, 0xA210, 0x79CE, 0xEF7B, 0xAA52, 0xC739,
  0x0000, 0x2000, 0x0000, 0x518C, 0x9294, 0xA210, 0xC210, 0x0000, 0x96B5, 0xB294, 0x1084, 0x1CE7, 0x2421, 0x7294, 0xEF7B, 0x2421,
  0x9ACE, 0x4108, 0x0000, 0xAE73, 0xD7BD, 0x0000, 0x0000, 0x0000, 0x0000, 0x0048, 0x00E0, 0x0040, 0x00D0, 0x0090, 0x0000, 0x0000,
  0x0000, 0x8A52, 0x59CE, 0x8E73, 0xD7BD, 0xB294, 0x0421, 0x1CE7, 0x2C63, 0x9294, 0xF39C, 0xC318, 0xFBDE, 0xAE73, 0xCF7B, 0x55AD,
  0x6208, 0x9AD6, 0x1084, 0x8A52, 0x6529, 0x4529, 0xB6B5, 0x694A, 0x14A5, 0x3084, 0xA631, 0xF7BD, 0x694A, 0x34A5, 0xEF7B, 0x2842,
  0xDBDE, 0xAA52, 0xB294, 0xF49C, 0x8210, 0x9AD6, 0x8210, 0x14A5, 0xAE73, 0x0000, 0x59CE, 0xA631, 0x0C63, 0x9AD6, 0x8A52, 0xCB5A,
  0x4108, 0x3084, 0x3084, 0xAA52, 0x79CE, 0x8631, 0x0000, 0x0000, 0x0000, 0x0000, 0x0000, 0x0028, 0x0048, 0x0040, 0x0050, 0x0048,
  0x0048, 0x0040, 0x0030, 0x0030, 0x2030, 0x0028, 0x0020, 0x0018, 0x2018, 0x6118, 0x6118, 0x8218, 0x8218, 0x6110, 0x4108, 0x4108,
  0x6108, 0x6108, 0x8108, 0x6108, 0x6108, 0x2000, 0x8210, 0x8210, 0x8210, 0x8210, 0x6210, 0x8210, 0x4108, 0x4108, 0x4108, 0x6108,
  0x4108, 0x4108, 0x4108, 0x2000, 0x4108, 0x2000, 0x2000, 0x4008, 0x8218, 0xA210, 0x8228, 0x6140, 0x8220, 0x8200, 0x8208, 0x4130,
  0x2130, 0x6108, 0xA208, 0x8228, 0x4140, 0x6118, 0x8100, 0x6120, 0x4120, 0x6108, 0x8108, 0x6118, 0x6118, 0x8208, 0x8210, 0x6110,
  0x6108, 0x6108, 0x6108, 0x6108, 0x6108, 0x6108, 0x6108, 0x6108, 0x6108, 0x6108, 0x6108, 0x6108, 0x6108, 0x6108, 0x6108, 0x6108,
  0x2000, 0x2000, 0x2000, 0x2000, 0x2000, 0x2000, 0x2000, 0x4108, 0x2000, 0x2000, 0x2000, 0x2000, 0x2000, 0x4108, 0x2000, 0x2000,
  0x2000, 0x2000, 0x2000, 0x2000, 0x4108, 0x4108, 0x4108, 0x4108, 0x4108, 0x2000, 0x4108, 0x4108, 0x4108, 0x4108, 0x4108, 0x4108,
  0x4108, 0x2008, 0x6108, 0x4108, 0x4108, 0x4108, 0x2008, 0x4108, 0x6108, 0x4108, 0x4108, 0x4108, 0x4108, 0x4108, 0x2000, 0x6108,
  0x4108, 0x4108, 0x4108, 0x4108, 0x2000, 0x6108, 0x4108, 0x4108, 0x4108, 0x4108, 0x4108, 0x4108, 0x4108, 0x8110, 0x4000, 0x4108,
  0x4108, 0x2000, 0x4100, 0x4100, 0x2000, 0x2000, 0x2000, 0x2000, 0x2000, 0x2000, 0x2000, 0x0000, 0x0000, 0x2000, 0x2000, 0x0000,
  0x0008, 0x0040, 0x0020, 0x0000, 0x0000, 0x0000, 0x0000, 0x8631, 0x2842, 0x0000, 0x0000, 0x0000, 0x2521, 0x2C63, 0x6D6B, 0xCE73,
  0xE318, 0xE739, 0xC739, 0x0000, 0xCB52, 0x4421, 0x0421, 0xAA52, 0x0000, 0x2000, 0x0000, 0xE320, 0x8E73, 0xAE73, 0x0B5B, 0x0000,
  0x8631, 0x2842, 0x0000, 0x694A, 0xE739, 0x0421, 0x8A52, 0x2000, 0x6108, 0xE318, 0x4942, 0xA210, 0x0C5B, 0x0000, 0x0000, 0x694A,
  0x4529, 0x2842, 0x8631, 0x0000, 0x694A, 0x8631, 0x2000, 0xAA52, 0x8E73, 0x8E73, 0x4529, 0x6108, 0xEB5A, 0x4D6B, 0x0F7C, 0xC739,
  0x0000, 0x0000, 0x0000, 0x8A4A, 0x0421, 0x0000, 0x0000, 0x2421, 0x0C63, 0x0000, 0x0000, 0xEB5A, 0x2421, 0xAA52, 0x2421, 0x0000,
  0xEB5A, 0xE318, 0x0000, 0x2842, 0xC739, 0x0000, 0x0000, 0x0000, 0x0000, 0x0010, 0x0068, 0x0068, 0x0030, 0x0040, 0x0000, 0x0000,
  0x0000, 0x6A4A, 0x2421, 0x0000, 0xE318, 0xAA52, 0x4108, 0x0C63, 0xCF7B, 0xAE73, 0xE318, 0x0000, 0xAA52, 0xAE73, 0xAE73, 0x0421,
  0x6108, 0xEB5A, 0x4C63, 0xAE73, 0xA631, 0x6108, 0x6D6B, 0xCE73, 0x6D6B, 0x2000, 0xA218, 0xAE73, 0xEF7B, 0x4D6B, 0x2000, 0x6108,
  0x2C63, 0x8E73, 0x6D6B, 0x6108, 0xC318, 0xAA52, 0x0000, 0xA631, 0xAA52, 0x4108, 0xEB5A, 0x2000, 0xE739, 0x2C63, 0x8E73, 0x6D6B,
  0x2000, 0xE739, 0xCF7B, 0xCF7B, 0x494A, 0x0000, 0x0000, 0x0000, 0x0000, 0x0000, 0x0018, 0x0050, 0x0008, 0x0000, 0x2000, 0x0000,
  0x2000, 0x2000, 0x2000, 0x2000, 0x2000, 0x2000, 0x2000, 0x2000, 0x4100, 0x2000, 0x2000, 0x4100, 0x4000, 0x2000, 0x6110, 0x4108,
  0x6108, 0x6108, 0x6108, 0x6108, 0x4108, 0x4108, 0x8210, 0x4108, 0x4108, 0x4108, 0x4108, 0x4108, 0x6108, 0x4108, 0x4108, 0x4108,
  0x4108, 0x4108, 0x2000, 0x2000, 0x4108, 0x0000, 0x4110, 0x8218, 0x8208, 0x6138, 0x6138, 0xA210, 0xA208, 0x8210, 0x4140, 0x4128,
  0x8100, 0x8108, 0x4130, 0x4138, 0x8208, 0x8210, 0x6128, 0x6118, 0x8100, 0x8110, 0x6118, 0x6110, 0x8108, 0x6110, 0x6110, 0x6108,
  0x6108, 0x6108, 0x6108, 0x6108, 0x6108, 0x6108, 0x6108, 0x6108, 0x6108, 0x6108, 0x6108, 0x6108, 0x6108, 0x4108, 0x4108, 0x4108,
  0x2000, 0x2000, 0x2000, 0x2000, 0x2000, 0x2000, 0x2000, 0x4108, 0x2000, 0x2000, 0x2008, 0x2000, 0x2000, 0x4008, 0x2000, 0x2000,
  0x2000, 0x2000, 0x2000, 0x2000, 0x4108, 0x4108, 0x4108, 0x4000, 0x4008, 0x2000, 0x2008, 0x6108, 0x4108, 0x4108, 0x4108, 0x4108,
  0x2000, 0x6108, 0x4108, 0x4108, 0x4108, 0x2008, 0x4108, 0x2108, 0x6108, 0x4108, 0x4108, 0x4108, 0x4108, 0x4108, 0x4108, 0x8210,
  0x4108, 0x4108, 0x4108, 0x4108, 0x4108, 0x4108, 0x6108, 0x4108, 0x4108, 0x4108, 0x4108, 0x2000, 0x8210, 0x6108, 0x4108, 0x4108,
  0x4108, 0x4108, 0x4008, 0x4108, 0x2008, 0x2000, 0x2000, 0x0000, 0x2000, 0x2000, 0x2000, 0x2000, 0x2000, 0x0000, 0x2000, 0x2000,
  0x2000, 0x2008, 0x0050, 0x0000, 0x0000, 0x0000, 0x0000, 0x0000, 0x0000, 0x0000, 0x0000, 0x0000, 0x0000, 0x0000, 0x0000, 0x0000,
  0x0000, 0x0000, 0x0000, 0x0000, 0x0000, 0x0000, 0x0000, 0x0000, 0x0000, 0x0000, 0x0000, 0x0000, 0x0000, 0x0000, 0x0000, 0x0000,
  0x0000, 0x0000, 0x0000, 0x0000, 0x0000, 0x0000, 0x0000, 0x0000, 0x0000, 0x0000, 0x0000, 0x0000, 0x0000, 0x0000, 0x2000, 0x0000,
  0x0000, 0x0000, 0x0000, 0x0000, 0x0000, 0x0000, 0x0000, 0x0000, 0x0000, 0x0000, 0x0000, 0x0000, 0x0000, 0x0000, 0x0000, 0x0000,
  0x0000, 0x0000, 0x0000, 0x0000, 0x0000, 0x0000, 0x0000, 0x0000, 0x0000, 0x0000, 0x2000, 0x0000, 0x0000, 0x0000, 0x0000, 0x0000,
  0x0000, 0x0000, 0x0000, 0x0000, 0x0000, 0x0000, 0x0000, 0x0000, 0x0000, 0x0000, 0x0000, 0x0000, 0x0000, 0x0000, 0x0000, 0x0000,
  0x0000, 0x0000, 0x0000, 0x2000, 0x0000, 0x0000, 0x0000, 0x0000, 0x0000, 0x0000, 0x0000, 0x0000, 0x0000, 0x0000, 0x0000, 0x0000,
  0x0000, 0x0000, 0x0000, 0x0000, 0x0000, 0x0000, 0x0000, 0x0000, 0x0000, 0x0000, 0x0000, 0x0000, 0x0000, 0x0000, 0x0000, 0x0000,
  0x0000, 0x0000, 0x0000, 0x0000, 0x0000, 0x0000, 0x0000, 0x0000, 0x0000, 0x0000, 0x0000, 0x0000, 0x0000, 0x0000, 0x0000, 0x0000,
  0x0000, 0x0000, 0x0000, 0x0000, 0x0000, 0x0000, 0x0000, 0x0000, 0x0000, 0x0000, 0x0048, 0x0010, 0x2000, 0x2000, 0x2000, 0x2000,
  0x2000, 0x2000, 0x2000, 0x2000, 0x2000, 0x2000, 0x2000, 0x4108, 0x6108, 0x2000, 0x4108, 0x4108, 0x4108, 0x2000, 0x8210, 0x6108,
  0x6108, 0x6108, 0x4108, 0x6108, 0x2000, 0x8210, 0x6108, 0x6108, 0x4108, 0x4108, 0x4108, 0x2108, 0x8210, 0x4108, 0x4108, 0x4108,
  0x2008, 0x2000, 0x0000, 0x2000, 0x2000, 0x6118, 0xC210, 0x8218, 0x2140, 0x6128, 0x8100, 0x8208, 0x6120, 0x4140, 0x6218, 0x8200,
  0x8118, 0x4140, 0x6120, 0x8200, 0x6118, 0x6128, 0x6110, 0x8108, 0x8118, 0x6118, 0x6108, 0x8108, 0x6110, 0x6110, 0x6108, 0x6108,
  0x6108, 0x6108, 0x6108, 0x6108, 0x6108, 0x6108, 0x6108, 0x6108, 0x6108, 0x6108, 0x6108, 0x6108, 0x6108, 0x6108, 0x4108, 0x4108,
  0x2000, 0x2000, 0x2000, 0x2000, 0x2000, 0x2000, 0x2000, 0x2000, 0x2008, 0x2000, 0x2008, 0x2000, 0x2000, 0x2000, 0x4108, 0x2000,
  0x2000, 0x4108, 0x2000, 0x4108, 0x4108, 0x2000, 0x4008, 0x4008, 0x4108, 0x4108, 0x2000, 0x4108, 0x4108, 0x4108, 0x4108, 0x4108,
  0x2008, 0x6108, 0x2000, 0x4008, 0x2108, 0x2008, 0x4008, 0x2108, 0x4108, 0x6108, 0x4008, 0x4108, 0x4108, 0x2000, 0x6108, 0x6108,
  0x4108, 0x4108, 0x4108, 0x4108, 0x4108, 0x2000, 0x6108, 0x4108, 0x4108, 0x4108, 0x4108, 0x4108, 0x8210, 0x4108, 0x4108, 0x4108,
  0x4108, 0x4108, 0x4008, 0x4108, 0x4108, 0x2000, 0x2000, 0x2000, 0x2000, 0x2000, 0x2000, 0x2000, 0x2000, 0x2000, 0x2000, 0x2000,
  0x2000, 0x2000, 0x0030, 0x0040, 0x0000, 0x0000, 0x0000, 0x0000, 0x0000, 0x0000, 0x0000, 0x0000, 0x0000, 0x0000, 0x0000, 0x0000,
  0x0000, 0x0000, 0x0000, 0x0000, 0x0000, 0x0000, 0x0000, 0x0000, 0x0000, 0x0000, 0x0000, 0x0000, 0x2000, 0x0000, 0x0000, 0x0000,
  0x0000, 0x0000, 0x0000, 0x0000, 0x0000, 0x0000, 0x0000, 0x0000, 0x0000, 0x0000, 0x0000, 0x0000, 0x0000, 0x0000, 0x0000, 0x0000,
  0x0000, 0x0000, 0x0000, 0x0000, 0x0000, 0x0000, 0x0000, 0x0000, 0x0000, 0x0000, 0x0000, 0x0000, 0x0000, 0x0000, 0x0000, 0x0000,
  0x0000, 0x0000, 0x0000, 0x0000, 0x0000, 0x0000, 0x0000, 0x0000, 0x0000, 0x0000, 0x0000, 0x0000, 0x0000, 0x0000, 0x0000, 0x0000,
  0x0000, 0x0000, 0x0000, 0x0000, 0x0000, 0x0000, 0x0000, 0x0000, 0x0000, 0x0000, 0x0000, 0x0000, 0x0000, 0x0000, 0x0000, 0x0000,
  0x0000, 0x0000, 0x0000, 0x0000, 0x0000, 0x0000, 0x0000, 0x0000, 0x0000, 0x0000, 0x0000, 0x0000, 0x0000, 0x0000, 0x0000, 0x0000,
  0x0000, 0x0000, 0x0000, 0x0000, 0x0000, 0x0000, 0x0000, 0x0000, 0x0000, 0x0000, 0x0000, 0x2000, 0x2000, 0x0000, 0x0000, 0x0000,
  0x0000, 0x0000, 0x0000, 0x0000, 0x0000, 0x0000, 0x0000, 0x0000, 0x0000, 0x0000, 0x0000, 0x0000, 0x0000, 0x0000, 0x0000, 0x0000,
  0x0000, 0x0000, 0x2000, 0x0000, 0x0000, 0x0000, 0x0000, 0x0000, 0x0000, 0x0030, 0x0038, 0x2000, 0x2000, 0x2000, 0x0000, 0x2000,
  0x2000, 0x2000, 0x0000, 0x0000, 0x2000, 0x2000, 0x0000, 0x6108, 0x4108, 0x4108, 0x4108, 0x4108, 0x4108, 0x4108, 0x4108, 0x8210,
  0x4108, 0x4108, 0x4108, 0x4108, 0x4108, 0x8210, 0x4108, 0x6108, 0x4108, 0x4108, 0x4108, 0x4108, 0x6108, 0x6110, 0x2000, 0x2000,
  0x2000, 0x2000, 0x0000, 0x2108, 0x6118, 0xA210, 0x6128, 0x2148, 0x6218, 0x8200, 0x8208, 0x6128, 0x4130, 0x8208, 0xA200, 0x8228,
  0x4148, 0x8210, 0xA208, 0x6128, 0x4120, 0x8108, 0x8208, 0x6118, 0x6118, 0x8208, 0x8110, 0x6110, 0x6108, 0x6108, 0x6108, 0x6108,
  0x6108, 0x6108, 0x6108, 0x6108, 0x6108, 0x6108, 0x6108, 0x6108, 0x6108, 0x6108, 0x6108, 0x6108, 0x6108, 0x6108, 0x4108, 0x4108,
  0x0000, 0x2000, 0x2000, 0x2000, 0x2000, 0x2000, 0x2000, 0x2000, 0x2000, 0x2008, 0x2000, 0x2000, 0x2008, 0x2000, 0x4108, 0x4108,
  0x4108, 0x4108, 0x4108, 0x4108, 0x2000, 0x2008, 0x4108, 0x4108, 0x4100, 0x4008, 0x2008, 0x2000, 0x6108, 0x6108, 0x6108, 0x6108,
  0x6108, 0x4108, 0x2000, 0x2008, 0x4108, 0x4108, 0x4108, 0x4108, 0x2000, 0x6108, 0x6108, 0x6108, 0x6108, 0x6108, 0x8210, 0x2000,
  0x4108, 0x4108, 0x4108, 0x4108, 0x4108, 0x2000, 0x4108, 0x6108, 0x6110, 0x6108, 0x6108, 0x8210, 0x6108, 0x4108, 0x4108, 0x4108,
  0x4108, 0x4108, 0x4108, 0x4108, 0x6108, 0x4108, 0x4108, 0x4108, 0x4108, 0x2008, 0x2000, 0x2000, 0x2000, 0x2000, 0x2000, 0x2000,
  0x2000, 0x2000, 0x2000, 0x0040, 0x0048, 0x0018, 0x0010, 0x0010, 0x0010, 0x0010, 0x0010, 0x0010, 0x0010, 0x0010, 0x0010, 0x0010,
  0x0010, 0x0010, 0x0010, 0x0010, 0x0010, 0x0010, 0x0010, 0x0010, 0x0010, 0x0010, 0x0018, 0x0018, 0x0018, 0x0018, 0x0018, 0x0018,
  0x0018, 0x0018, 0x0018, 0x0018, 0x0018, 0x0018, 0x0018, 0x0018, 0x0018, 0x0018, 0x0018, 0x0018, 0x0018, 0x0018, 0x0018, 0x0018,
  0x0018, 0x0018, 0x0018, 0x2018, 0x2018, 0x2010, 0x4110, 0x2010, 0x2010, 0x2010, 0x2010, 0x2110, 0x4108, 0x2008, 0x2008, 0x2008,
  0x0010, 0x2010, 0x2008, 0x2008, 0x2000, 0x2000, 0x0000, 0x0000, 0x2000, 0x2000, 0x0000, 0x0000, 0x0000, 0x0000, 0x0000, 0x2000,
  0x2000, 0x2000, 0x0000, 0x0000, 0x2000, 0x0000, 0x0000, 0x2000, 0x0000, 0x0000, 0x0000, 0x0000, 0x2000, 0x2000, 0x2000, 0x2000,
  0x2000, 0x0000, 0x0000, 0x0000, 0x2008, 0x0008, 0x0008, 0x2008, 0x0008, 0x0010, 0x0010, 0x0010, 0x0010, 0x0010, 0x0010, 0x0010,
  0x0018, 0x0018, 0x0018, 0x0018, 0x0018, 0x0018, 0x0018, 0x0018, 0x0018, 0x0010, 0x0010, 0x0010, 0x0010, 0x0010, 0x0010, 0x0010,
  0x0010, 0x0010, 0x0010, 0x0010, 0x0010, 0x0010, 0x0010, 0x0010, 0x0010, 0x0010, 0x0010, 0x0010, 0x0010, 0x0010, 0x0010, 0x0010,
  0x0010, 0x0010, 0x0010, 0x0010, 0x0010, 0x0008, 0x0010, 0x0018, 0x0040, 0x0040, 0x2000, 0x2000, 0x2000, 0x2000, 0x2000, 0x2000,
  0x2000, 0x2000, 0x4108, 0x4108, 0x4108, 0x4108, 0x4108, 0x4108, 0x2000, 0x4108, 0x4108, 0x4108, 0x4108, 0x4108, 0x4008, 0x6108,
  0x8110, 0x6110, 0x8210, 0x6110, 0xA210, 0x6108, 0x4108, 0x4108, 0x4108, 0x6108, 0x4108, 0x4108, 0x2000, 0x6108, 0x4108, 0x4108,
  0x2008, 0x2000, 0x4118, 0xA210, 0x8210, 0x4138, 0x4130, 0x8208, 0xA200, 0x8218, 0x6138, 0x6220, 0x8200, 0x8208, 0x6130, 0x6138,
  0x8208, 0x8210, 0x6128, 0x6118, 0x8208, 0x8210, 0x6118, 0x8210, 0x8208, 0x6210, 0x6110, 0x6108, 0x6108, 0x6108, 0x6108, 0x6108,
  0x6108, 0x6108, 0x6108, 0x6108, 0x4108, 0x4108, 0x6108, 0x6108, 0x4108, 0x6108, 0x6108, 0x6108, 0x6108, 0x4108, 0x4108, 0x4008,
  0x2000, 0x2000, 0x2000, 0x2000, 0x2000, 0x0000, 0x2000, 0x2000, 0x2000, 0x2000, 0x2000, 0x2000, 0x2000, 0x2000, 0x4108, 0x4008,
  0x4108, 0x4108, 0x2000, 0x2000, 0x4108, 0x2000, 0x4108, 0x4108, 0x4008, 0x4108, 0x2000, 0x4108, 0x4108, 0x4108, 0x4108, 0x4108,
  0x4100, 0x6108, 0x2000, 0x4108, 0x4108, 0x4108, 0x4108, 0x2008, 0x4108, 0x6108, 0x4108, 0x4108, 0x4108, 0x2000, 0x4108, 0x4108,
  0x2000, 0x4108, 0x4108, 0x4108, 0x4108, 0x2000, 0x6108, 0x4108, 0x4108, 0x4108, 0x4108, 0x4108, 0x6108, 0x4108, 0x4108, 0x4108,
  0x4108, 0x4108, 0x4108, 0x4108, 0x6108, 0x4108, 0x4108, 0x4108, 0x2000, 0x4108, 0x2000, 0x2000, 0x2000, 0x2000, 0x2000, 0x2000,
  0x2000, 0x2000, 0x2000, 0x0000, 0x0028, 0x0050, 0x0058, 0x0058, 0x0058, 0x0058, 0x0058, 0x0058, 0x0058, 0x0058, 0x0058, 0x0060,
  0x0058, 0x0058, 0x0058, 0x0058, 0x0058, 0x0060, 0x0058, 0x0058, 0x0058, 0x0058, 0x0058, 0x0058, 0x0050, 0x0050, 0x0050, 0x0050,
  0x0050, 0x0048, 0x0050, 0x0050, 0x0050, 0x0050, 0x0050, 0x0050, 0x0050, 0x0048, 0x0048, 0x2050, 0x2048, 0x0048, 0x0050, 0x0050,
  0x2148, 0x2148, 0x4148, 0x6248, 0x6148, 0x6240, 0x8238, 0x6240, 0x8238, 0x8238, 0x8230, 0xA230, 0xA328, 0x8228, 0x8220, 0x6228,
  0x4130, 0x6128, 0x6128, 0x6110, 0x6108, 0x6108, 0x4108, 0x4108, 0x4108, 0x4108, 0x4108, 0x4108, 0x4108, 0x4108, 0x4108, 0x4108,
  0x4108, 0x6108, 0x4108, 0x4108, 0x6108, 0x4108, 0x4108, 0x4108, 0x4108, 0x4108, 0x4108, 0x4108, 0x6108, 0x6110, 0x6110, 0x6110,
  0x6108, 0x4110, 0x4110, 0x6110, 0x6110, 0x6118, 0x6118, 0x6218, 0x4128, 0x0040, 0x2040, 0x0048, 0x0048, 0x0048, 0x0048, 0x0050,
  0x0050, 0x0058, 0x0058, 0x0058, 0x0058, 0x0058, 0x0058, 0x0060, 0x0060, 0x0058, 0x0058, 0x0058, 0x0058, 0x0058, 0x0060, 0x0060,
  0x0058, 0x0058, 0x0058, 0x0058, 0x0058, 0x0058, 0x0058, 0x0058, 0x0058, 0x0050, 0x0058, 0x0058, 0x0058, 0x0058, 0x0058, 0x0058,
  0x0058, 0x0058, 0x0058, 0x0058, 0x0050, 0x0050, 0x0050, 0x0048, 0x0020, 0x2000, 0x2000, 0x2000, 0x2000, 0x2000, 0x2000, 0x2000,
  0x2000, 0x4108, 0x4108, 0x4108, 0x4108, 0x4108, 0x4108, 0x6108, 0x4108, 0x4108, 0x4108, 0x4108, 0x4108, 0x4108, 0x2000, 0x8210,
  0x4108, 0x6108, 0x6108, 0x4108, 0x6108, 0x6108, 0x4108, 0x4108, 0x4108, 0x4108, 0x4108, 0x4108, 0x2000, 0x6108, 0x2000, 0x0000,
  0x2000, 0x8218, 0xA220, 0x8220, 0x4148, 0x6120, 0x8100, 0x8100, 0x6128, 0x4140, 0x8218, 0xA200, 0x8218, 0x4138, 0x6120, 0xA200,
  0x8120, 0x6128, 0x8110, 0x8208, 0x8218, 0x6118, 0x8208, 0x8210, 0x6110, 0x6110, 0x6108, 0x6108, 0x6108, 0x6108, 0x6108, 0x6108,
  0x6108, 0x6108, 0x6108, 0x6108, 0x4108, 0x4108, 0x6108, 0x6108, 0x6108, 0x6108, 0x6108, 0x4108, 0x4108, 0x4108, 0x2000, 0x2000,
  0x2000, 0x2000, 0x2000, 0x2000, 0x2000, 0x2000, 0x2000, 0x2000, 0x2000, 0x2000, 0x2000, 0x2000, 0x2000, 0x4108, 0x4108, 0x4008,
  0x4008, 0x4008, 0x4008, 0x2000, 0x4108, 0x2008, 0x4108, 0x4008, 0x4008, 0x2008, 0x2000, 0x6108, 0x4108, 0x4108, 0x4108, 0x4108,
  0x2000, 0x4108, 0x4108, 0x4008, 0x4108, 0x4108, 0x4108, 0x2000, 0x6108, 0x4108, 0x4108, 0x4108, 0x4108, 0x4108, 0x4108, 0x6108,
  0x2008, 0x4108, 0x4108, 0x4108, 0x2008, 0x2108, 0x6108, 0x4108, 0x4108, 0x4108, 0x4108, 0x4108, 0x6108, 0x4108, 0x4108, 0x4108,
  0x4108, 0x4108, 0x2000, 0x8210, 0x4108, 0x4108, 0x4108, 0x4108, 0x4008, 0x4108, 0x4108, 0x2000, 0x2000, 0x2000, 0x2000, 0x2000,
  0x2000, 0x2000, 0x2000, 0x2000, 0x2000, 0x2000, 0x0000, 0x0000, 0x0000, 0x0000, 0x0000, 0x0000, 0x0000, 0x0000, 0x0000, 0x0000,
  0x0000, 0x0000, 0x0000, 0x0000, 0x2000, 0x2000, 0x0000, 0x0000, 0x0000, 0x0000, 0x0000, 0x2000, 0x2000, 0x2000, 0x2000, 0x2000,
  0x2000, 0x2000, 0x2000, 0x2000, 0x2000, 0x2000, 0x2000, 0x2000, 0x2000, 0x2000, 0x2000, 0x2000, 0x2000, 0x2000, 0x2000, 0x2000,
  0x2000, 0x2000, 0x0000, 0x0000, 0x0000, 0x0000, 0x0000, 0x0000, 0x0000, 0x0000, 0x0000, 0x0000, 0x0000, 0x0000, 0x0000, 0x0000,
  0x2000, 0x0000, 0x0000, 0x0000, 0x0000, 0x0000, 0x0000, 0x0000, 0x0000, 0x2000, 0x2000, 0x2000, 0x2000, 0x2000, 0x2000, 0x0000,
  0x0000, 0x0000, 0x2000, 0x2000, 0x2000, 0x0000, 0x0000, 0x2000, 0x0000, 0x2000, 0x2000, 0x2000, 0x2000, 0x2000, 0x2000, 0x2000,
  0x2000, 0x2000, 0x0000, 0x0000, 0x2000, 0x2000, 0x0000, 0x0000, 0x0000, 0x2000, 0x2000, 0x2000, 0x2000, 0x2000, 0x2000, 0x2000,
  0x2000, 0x2000, 0x2000, 0x2000, 0x0000, 0x0000, 0x2000, 0x0000, 0x0000, 0x0000, 0x0000, 0x0000, 0x0000, 0x0000, 0x0000, 0x0000,
  0x2000, 0x2000, 0x2000, 0x2000, 0x0000, 0x0000, 0x2000, 0x2000, 0x0000, 0x0000, 0x2000, 0x2000, 0x0000, 0x0000, 0x2000, 0x2000,
  0x0000, 0x0000, 0x0000, 0x2000, 0x2000, 0x0000, 0x0000, 0x2000, 0x0000, 0x2000, 0x2000, 0x2000, 0x2000, 0x2000, 0x2000, 0x2000,
  0x2000, 0x6108, 0x2000, 0x4108, 0x4108, 0x4108, 0x2000, 0x8210, 0x6108, 0x4108, 0x4108, 0x4108, 0x4108, 0x2000, 0x6108, 0x8210,
  0x4108, 0x4108, 0x4108, 0x4108, 0x4108, 0x8210, 0x4108, 0x4108, 0x4108, 0x4108, 0x4108, 0x0000, 0x4108, 0x4108, 0x0000, 0x4008,
  0xA218, 0xA208, 0x6128, 0x4140, 0x8218, 0xA200, 0x8210, 0x4138, 0x4130, 0x8208, 0xA208, 0x6128, 0x6140, 0x8218, 0xA208, 0x6128,
  0x6118, 0x8208, 0x8210, 0x8218, 0x8210, 0x8208, 0x8110, 0x6110, 0x6110, 0x6108, 0x6108, 0x6108, 0x6108, 0x6108, 0x6108, 0x6108,
  0x6108, 0x6108, 0x4108, 0x4108, 0x4108, 0x4108, 0x4108, 0x6108, 0x6108, 0x6108, 0x6108, 0x4108, 0x4108, 0x2000, 0x2010, 0x2068,
  0x2000, 0x2000, 0x2000, 0x2000, 0x2000, 0x2000, 0x2000, 0x2000, 0x2000, 0x2000, 0x2000, 0x2000, 0x2000, 0x4108, 0x2000, 0x2008,
  0x2000, 0x2008, 0x4108, 0x4008, 0x4108, 0x4108, 0x2000, 0x2000, 0x4108, 0x2000, 0x4108, 0x4108, 0x4108, 0x4108, 0x2008, 0x2000,
  0x4108, 0x4108, 0x6108, 0x4008, 0x2008, 0x2000, 0x2000, 0x2000, 0x6108, 0x4108, 0x4108, 0x4108, 0x4108, 0x4108, 0x2100, 0x6108,
  0x4108, 0x2000, 0x2008, 0x4108, 0x2000, 0x6108, 0x6108, 0x4108, 0x4108, 0x4108, 0x4108, 0x4108, 0x6108, 0x6108, 0x2008, 0x4108,
  0x4108, 0x4008, 0x4108, 0x6108, 0x4108, 0x4108, 0x4108, 0x4108, 0x4108, 0x4108, 0x6108, 0x2000, 0x2000, 0x2000, 0x2000, 0x2000,
  0x2008, 0x2000, 0x2000, 0x2000, 0x2000, 0x2000, 0x2000, 0x2000, 0x2000, 0x0000, 0x2000, 0x2000, 0x0000, 0x0000, 0x2000, 0x2000,
  0x2000, 0x2000, 0x2000, 0x2000, 0x2000, 0x2000, 0x2000, 0x2000, 0x2000, 0x2000, 0x2000, 0x2000, 0x2000, 0x2000, 0x2000, 0x2000,
  0x2000, 0x2000, 0x2008, 0x2000, 0x2008, 0x2000, 0x2000, 0x2000, 0x2000, 0x2000, 0x2000, 0x2000, 0x2000, 0x2000, 0x2000, 0x2000,
  0x2000, 0x2000, 0x2000, 0x2000, 0x2000, 0x2000, 0x2000, 0x2000, 0x2000, 0x2000, 0x2000, 0x2000, 0x2000, 0x2000, 0x2000, 0x2000,
  0x2000, 0x2000, 0x2000, 0x2000, 0x2000, 0x2000, 0x2000, 0x2000, 0x2000, 0x2000, 0x2000, 0x2000, 0x2000, 0x2000, 0x2000, 0x2000,
  0x2000, 0x2000, 0x2000, 0x2000, 0x2000, 0x2000, 0x2000, 0x2000, 0x2000, 0x2000, 0x2000, 0x2000, 0x2000, 0x2000, 0x2000, 0x2000,
  0x2000, 0x2000, 0x2000, 0x2000, 0x2000, 0x2000, 0x2000, 0x2000, 0x2000, 0x2000, 0x2000, 0x2000, 0x2000, 0x2000, 0x2000, 0x2000,
  0x2000, 0x2000, 0x2000, 0x2000, 0x2000, 0x2000, 0x2000, 0x2000, 0x2000, 0x2000, 0x2000, 0x2000, 0x2000, 0x2000, 0x2000, 0x2000,
  0x2000, 0x2000, 0x2000, 0x2000, 0x2000, 0x2000, 0x2000, 0x2000, 0x2000, 0x2000, 0x2000, 0x2000, 0x2000, 0x2000, 0x2000, 0x2000,
  0x2000, 0x2000, 0x2000, 0x2000, 0x2000, 0x2000, 0x2000, 0x2000, 0x2000, 0x2000, 0x2000, 0x2000, 0x2000, 0x2000, 0x4108, 0x2000,
  0x6108, 0x6108, 0x4108, 0x4108, 0x6108, 0x6108, 0x4108, 0x4108, 0x8210, 0x2000, 0x4108, 0x4108, 0x4108, 0x2000, 0xA210, 0x6108,
  0x6108, 0x4108, 0x4108, 0x6108, 0x4108, 0x6108, 0x6108, 0x4108, 0x4108, 0x2008, 0x2000, 0x0000, 0x4100, 0x0000, 0x4118, 0xA218,
  0xA218, 0x6140, 0x4130, 0x8208, 0xA208, 0x8218, 0x4148, 0x6228, 0x8200, 0x8210, 0x4130, 0x6130, 0xA208, 0xA218, 0x6128, 0x6110,
  0x8200, 0x8210, 0x8118, 0x8210, 0x8210, 0x8218, 0x6110, 0x6108, 0x6108, 0x6108, 0x6108, 0x6108, 0x6108, 0x6108, 0x6108, 0x6108,
  0x6108, 0x6108, 0x4108, 0x4108, 0x4108, 0x4108, 0x6108, 0x6108, 0x6108, 0x6108, 0x6108, 0x4108, 0x2000, 0x0028, 0x0080, 0x0070,
  0x2000, 0x2000, 0x2000, 0x2000, 0x2000, 0x2000, 0x2000, 0x2000, 0x2000, 0x2000, 0x4008, 0x4108, 0x4108, 0x4108, 0x4100, 0x4008,
  0x4008, 0x4108, 0x4108, 0x4108, 0x2000, 0x4108, 0x4108, 0x4108, 0x4108, 0x4108, 0x6108, 0x4108, 0x4108, 0x4108, 0x4008, 0x2008,
  0x4108, 0x4108, 0x4108, 0x6108, 0x6108, 0x4108, 0x4108, 0x6108, 0x4108, 0x4108, 0x4108, 0x4108, 0x4108, 0x4108, 0x4108, 0x4108,
  0x6108, 0x4108, 0x6108, 0x6108, 0x6108, 0x8210, 0x4108, 0x4108, 0x4108, 0x4108, 0x4108, 0x4108, 0x4108, 0x8210, 0x6108, 0x6108,
  0x6108, 0x6108, 0x6110, 0x4108, 0x4108, 0x4108, 0x4108, 0x4108, 0x4108, 0x4108, 0x6108, 0x6108, 0x4108, 0x4108, 0x4108, 0x4108,
  0x4108, 0x2000, 0x2000, 0x2000, 0x2000, 0x2000, 0x2000, 0x2000, 0x2000, 0x2000, 0x2000, 0x2000, 0x2000, 0x2000, 0x2000, 0x2000,
  0x2000, 0x2000, 0x2000, 0x2000, 0x2000, 0x2000, 0x2000, 0x2008, 0x2000, 0x2008, 0x2008, 0x2000, 0x2000, 0x2008, 0x2008, 0x2000,
  0x2000, 0x2000, 0x2000, 0x2000, 0x2000, 0x2000, 0x2000, 0x2000, 0x2000, 0x2000, 0x2000, 0x2000, 0x2000, 0x2000, 0x2000, 0x2000,
  0x2000, 0x2000, 0x2000, 0x2000, 0x2000, 0x2000, 0x2000, 0x2000, 0x2000, 0x2000, 0x2000, 0x2000, 0x2000, 0x2000, 0x2000, 0x2000,
  0x2000, 0x2000, 0x2000, 0x2000, 0x2000, 0x2000, 0x2000, 0x2000, 0x2000, 0x2000, 0x2000, 0x2000, 0x2000, 0x2000, 0x2000, 0x2000,
  0x2000, 0x2000, 0x2000, 0x2000, 0x2000, 0x2000, 0x2000, 0x2000, 0x2000, 0x2000, 0x2000, 0x2000, 0x2000, 0x2000, 0x2000, 0x2000,
  0x2000, 0x2000, 0x2000, 0x2000, 0x2000, 0x2000, 0x2000, 0x2000, 0x2000, 0x2000, 0x2000, 0x2000, 0x2000, 0x2000, 0x2000, 0x2000,
  0x2000, 0x2000, 0x2000, 0x2000, 0x2000, 0x2000, 0x2000, 0x2000, 0x2000, 0x2000, 0x2000, 0x2000, 0x2000, 0x2000, 0x2000, 0x2000,
  0x2000, 0x2008, 0x2008, 0x2000, 0x2008, 0x2008, 0x2008, 0x2000, 0x2008, 0x2008, 0x2000, 0x2000, 0x2000, 0x2000, 0x2000, 0x2000,
  0x2000, 0x2000, 0x2000, 0x2000, 0x2000, 0x2000, 0x2000, 0x2000, 0x2000, 0x2000, 0x4108, 0x4108, 0x4108, 0x4108, 0x4108, 0x4108,
  0x8210, 0x4108, 0x6108, 0x4108, 0x6108, 0x4108, 0x4108, 0x4108, 0x6110, 0x6208, 0x6108, 0x6108, 0x4108, 0x6210, 0x8210, 0x4108,
  0x4108, 0x4108, 0x4108, 0x4108, 0x4108, 0x4008, 0x6108, 0x4108, 0x4108, 0x2000, 0x2000, 0x2000, 0x4108, 0x6118, 0xA218, 0x8228,
  0x4150, 0x6120, 0x8200, 0x8208, 0x6130, 0x4138, 0x8210, 0x8200, 0x6118, 0x4138, 0x6218, 0xA208, 0x8220, 0x6120, 0x8208, 0x8208,
  0x6118, 0x8218, 0x8210, 0x8210, 0x8110, 0x8110, 0x8208, 0x6108, 0x6108, 0x6108, 0x6108, 0x6108, 0x6108, 0x6108, 0x6108, 0x6108,
  0x6108, 0x6108, 0x6108, 0x6108, 0x6108, 0x6108, 0x6108, 0x6108, 0x4108, 0x4108, 0x4100, 0x2000, 0x2058, 0x0090, 0x0070, 0x0068,
  0x2000, 0x2000, 0x2000, 0x2000, 0x2000, 0x2000, 0x2000, 0x2000, 0x2000, 0x2000, 0x4008, 0x2000, 0x4000, 0x4108, 0x2008, 0x4008,
  0x4108, 0x4108, 0x4108, 0x4108, 0x2000, 0x4108, 0x2000, 0x4108, 0x4108, 0x2000, 0x4108, 0x4108, 0x4108, 0x4008, 0x4008, 0x4108,
  0x4108, 0x2000, 0x4108, 0x4108, 0x4108, 0x4108, 0x4108, 0x4108, 0x4108, 0x4108, 0x4108, 0x4108, 0x4108, 0x4108, 0x2008, 0x4108,
  0x6108, 0x4108, 0x4108, 0x4108, 0x4108, 0x6108, 0x4108, 0x4108, 0x4108, 0x4108, 0x4108, 0x4108, 0x4108, 0x8210, 0x6108, 0x6108,
  0x6108, 0x4108, 0x6108, 0x4108, 0x4108, 0x4108, 0x4108, 0x4108, 0x4108, 0x4108, 0x6108, 0x6108, 0x6108, 0x6108, 0x4108, 0x4108,
  0x4108, 0x2000, 0x2000, 0x2000, 0x2000, 0x2000, 0x2000, 0x2000, 0x2000, 0x2000, 0x2000, 0x2000, 0x2000, 0x2000, 0x2000, 0x2000,
  0x2000, 0x2000, 0x2000, 0x2000, 0x2000, 0x2000, 0x2000, 0x4000, 0x2000, 0x2000, 0x0000, 0x2000, 0x2000, 0x2000, 0x2000, 0x2000,
  0x2000, 0x2000, 0x2000, 0x2000, 0x2000, 0x2000, 0x2000, 0x2000, 0x2000, 0x2000, 0x2000, 0x2000, 0x2000, 0x2000, 0x0000, 0x2000,
  0x2000, 0x2000, 0x2000, 0x2000, 0x2000, 0x0000, 0x0000, 0x2000, 0x2000, 0x2000, 0x2000, 0x2000, 0x0000, 0x0000, 0x2000, 0x2000,
  0x0000, 0x0000, 0x2000, 0x2000, 0x2000, 0x0000, 0x0000, 0x2000, 0x2000, 0x0000, 0x2000, 0x2000, 0x2000, 0x0000, 0x0000, 0x0000,
  0x0000, 0x0000, 0x2000, 0x2000, 0x2000, 0x2000, 0x2000, 0x2000, 0x0000, 0x2000, 0x2000, 0x2000, 0x2000, 0x0000, 0x2000, 0x2108,
  0x0000, 0x0000, 0x4008, 0x2000, 0x2000, 0x2000, 0x2000, 0x0000, 0x0000, 0x2000, 0x2000, 0x4008, 0x0000, 0x0000, 0x4108, 0x2000,
  0x2000, 0x2000, 0x0000, 0x0000, 0x2008, 0x0000, 0x0000, 0x2000, 0x2000, 0x2000, 0x2000, 0x2000, 0x2000, 0x2000, 0x2000, 0x2000,
  0x2000, 0x2000, 0x2000, 0x2000, 0x2000, 0x2000, 0x2000, 0x2000, 0x2000, 0x2000, 0x2000, 0x2000, 0x2000, 0x2000, 0x2000, 0x2000,
  0x2000, 0x2000, 0x2000, 0x4008, 0x2000, 0x2000, 0x2000, 0x2000, 0x2000, 0x2000, 0x4108, 0x6108, 0x6108, 0x6108, 0x6108, 0x6108,
  0x8210, 0x6108, 0x4108, 0x6108, 0x6108, 0x4108, 0x6108, 0x4108, 0x8210, 0x8210, 0x6110, 0x8210, 0x6108, 0x6108, 0x6108, 0x4108,
  0x4108, 0x4108, 0x4108, 0x4108, 0x4108, 0x2000, 0x6108, 0x4108, 0x4108, 0x2000, 0x2000, 0x6110, 0x8220, 0x8210, 0x6130, 0x4140,
  0x8110, 0x8200, 0x8210, 0x6140, 0x6130, 0x8208, 0x8100, 0x6128, 0x4138, 0x8208, 0x8208, 0x6120, 0x6118, 0x8208, 0x8210, 0x6120,
  0x6110, 0x8208, 0x8210, 0x8110, 0x6108, 0x6108, 0x8110, 0x6110, 0x6108, 0x6108, 0x6108, 0x6108, 0x6108, 0x6108, 0x6108, 0x6108,
  0x6108, 0x6108, 0x6108, 0x6108, 0x6108, 0x6108, 0x6108, 0x4108, 0x4108, 0x2000, 0x2010, 0x2178, 0x2190, 0x0070, 0x0070, 0x0068,
  0x2000, 0x2000, 0x2000, 0x2000, 0x2000, 0x2000, 0x2000, 0x2000, 0x2000, 0x2000, 0x2000, 0x2000, 0x2000, 0x4108, 0x2008, 0x4108,
  0x4108, 0x4108, 0x4108, 0x2000, 0x4108, 0x4108, 0x2000, 0x2000, 0x2008, 0x2000, 0x4000, 0x4108, 0x4008, 0x4108, 0x4108, 0x4108,
  0x4108, 0x2000, 0x4108, 0x2000, 0x4108, 0x4108, 0x4008, 0x2000, 0x4108, 0x4108, 0x4108, 0x4108, 0x4108, 0x4108, 0x2000, 0x6108,
  0x4108, 0x4108, 0x4108, 0x4108, 0x2000, 0x6108, 0x4108, 0x4108, 0x4108, 0x4108, 0x4108, 0x2000, 0x6108, 0x6108, 0x4108, 0x4108,
  0x4108, 0x4008, 0x4108, 0x6108, 0x4108, 0x4108, 0x4108, 0x4108, 0x4108, 0x2000, 0x8210, 0x4108, 0x4108, 0x4108, 0x4108, 0x2000,
  0x6108, 0x2108, 0x2000, 0x2108, 0x2000, 0x4108, 0x2000, 0x2000, 0x4108, 0x2000, 0x4008, 0x4108, 0x2000, 0x2000, 0x2008, 0x2000,
  0x2000, 0x2000, 0x2000, 0x2000, 0x2000, 0x2010, 0x0050, 0x2048, 0x0000, 0x0038, 0x0060, 0x2030, 0x0008, 0x0068, 0x0070, 0x0030,
  0x2000, 0x2000, 0x2000, 0x2000, 0x2000, 0x2000, 0x2000, 0x8210, 0x4108, 0x4108, 0x2000, 0x0000, 0x0000, 0x0000, 0x6108, 0x2000,
  0x2000, 0x4108, 0x4108, 0x4108, 0x0000, 0x6108, 0x4108, 0x0000, 0x2000, 0x4108, 0x4108, 0x2000, 0x6108, 0x4108, 0x2000, 0x0000,
  0xA210, 0xE318, 0x2000, 0x2000, 0x0000, 0x0421, 0x8210, 0x0000, 0x2000, 0x8210, 0x0000, 0x2000, 0x6108, 0x6108, 0xC318, 0xE318,
  0xC318, 0x6108, 0x2000, 0x4108, 0x4000, 0x4108, 0x2000, 0x2000, 0xE318, 0x0000, 0x2000, 0x6108, 0x2000, 0xA210, 0x4108, 0x0000,
  0x8210, 0xC318, 0x0000, 0x2000, 0x2000, 0x2000, 0x0000, 0x4108, 0xC318, 0x0000, 0x2000, 0x0000, 0xC318, 0xE318, 0x0000, 0x4108,
  0x6108, 0x2000, 0xE318, 0x2000, 0x0000, 0xC318, 0xA210, 0x0000, 0x4100, 0x2000, 0x2000, 0x2000, 0x2000, 0x2000, 0x2000, 0x2000,
  0x0028, 0x2070, 0x0070, 0x2018, 0x2030, 0x0068, 0x0050, 0x0000, 0x2030, 0x0048, 0x2020, 0x2000, 0x4108, 0x2000, 0x4108, 0x2000,
  0x4008, 0x2000, 0x4108, 0x4108, 0x4108, 0x4108, 0x4108, 0x4108, 0x4108, 0x2000, 0x6108, 0x4108, 0x4108, 0x4108, 0x4108, 0x2000,
  0x6108, 0x4108, 0x4108, 0x4108, 0x4108, 0x6108, 0x6108, 0x4108, 0xA210, 0x4108, 0x4108, 0x4108, 0x4008, 0x2000, 0x8210, 0x4108,
  0x4108, 0x4108, 0x4108, 0x4108, 0x2000, 0x4108, 0x4108, 0x0000, 0x0000, 0x0000, 0x6110, 0xA208, 0x8118, 0x4140, 0x4128, 0x8208,
  0x8208, 0x6120, 0x4140, 0x8220, 0xA200, 0x8210, 0x4138, 0x4130, 0xA200, 0x6118, 0x6128, 0x8210, 0x8208, 0x6118, 0x6120, 0x6108,
  0x6108, 0x6110, 0x6110, 0x6108, 0x6108, 0x6108, 0x6108, 0x6108, 0x6108, 0x6108, 0x6108, 0x6108, 0x6108, 0x6108, 0x6108, 0x6108,
  0x6108, 0x6108, 0x6108, 0x6108, 0x6108, 0x4108, 0x4108, 0x4108, 0x2000, 0x2030, 0x2198, 0x2190, 0x0078, 0x2078, 0x0070, 0x0070,
  0x2000, 0x2000, 0x2000, 0x2000, 0x2000, 0x2000, 0x2000, 0x2000, 0x2000, 0x2000, 0x2000, 0x2000, 0x2000, 0x4008, 0x4008, 0x2008,
  0x4008, 0x4108, 0x4108, 0x2000, 0x4108, 0x2000, 0x4008, 0x2000, 0x2000, 0x2000, 0x2000, 0x4108, 0x4008, 0x4108, 0x4108, 0x4108,
  0x2000, 0x4108, 0x4108, 0x4108, 0x4108, 0x4108, 0x4108, 0x2000, 0x4108, 0x4108, 0x4108, 0x4108, 0x4108, 0x4008, 0x4108, 0x6108,
  0x4008, 0x4108, 0x4108, 0x4108, 0x2008, 0x4108, 0x6108, 0x4108, 0x4108, 0x4108, 0x4108, 0x2000, 0x8210, 0x4108, 0x4108, 0x4108,
  0x4108, 0x4108, 0x4108, 0x6108, 0x4108, 0x4108, 0x4108, 0x4108, 0x4108, 0x4108, 0x6108, 0x4108, 0x4108, 0x4108, 0x4108, 0x4008,
  0x4108, 0x4108, 0x4108, 0x4108, 0x4108, 0x4108, 0x2000, 0x6108, 0x4108, 0x4108, 0x4108, 0x4108, 0x4108, 0x2000, 0x4108, 0x2000,
  0x2000, 0x2000, 0x2000, 0x2000, 0x2000, 0x4108, 0x0080, 0x00A0, 0x0018, 0x0048, 0x00E0, 0x00C0, 0x0008, 0x00B8, 0x00F8, 0x00A0,
  0x0000, 0x0000, 0x2000, 0x2000, 0x2000, 0x4108, 0x0000, 0x2C63, 0x8631, 0x0000, 0x518C, 0x494A, 0x0000, 0x2842, 0x6D6B, 0x694A,
  0x0000, 0x494A, 0x718C, 0x0000, 0x0421, 0x6D6B, 0x2C63, 0x2000, 0x2000, 0x34A5, 0x0421, 0x0000, 0x8E73, 0xC318, 0x0000, 0x0842,
  0x8E73, 0x2C63, 0xAA52, 0x2000, 0xAE73, 0x1084, 0x6D6B, 0xD29C, 0x8210, 0xAB52, 0x694A, 0x4108, 0x3084, 0xC318, 0x0B63, 0xEB5A,
  0x14A5, 0x694A, 0x0000, 0x0000, 0x0000, 0x8210, 0x9294, 0xAE73, 0x6D6B, 0xEF7B, 0x6108, 0x8631, 0x14A5, 0x8E73, 0x6108, 0x694A,
  0xAE73, 0x8E73, 0x0C63, 0x0000, 0x4108, 0x0000, 0xC739, 0xEF7B, 0x6D6B, 0x4C6B, 0x2000, 0xCB5A, 0x1084, 0x1084, 0x2C63, 0x0000,
  0xEB5A, 0x518C, 0x6D6B, 0xEF7B, 0xCB5A, 0x6D6B, 0x3084, 0xE739, 0x0000, 0x4108, 0x2000, 0x2000, 0x2000, 0x2000, 0x2000, 0x0000,
  0x0198, 0x01F8, 0x21C8, 0x2108, 0x00B8, 0x00F0, 0x0070, 0x0010, 0x00A0, 0x0088, 0x0010, 0x4100, 0x4108, 0x4108, 0x4108, 0x4108,
  0x4108, 0x2000, 0x4108, 0x6108, 0x4108, 0x4108, 0x4108, 0x4108, 0x2000, 0x6108, 0x6108, 0x4108, 0x6108, 0x6108, 0x4108, 0x4108,
  0x4108, 0x6108, 0x4108, 0x6108, 0x4108, 0x6108, 0x4008, 0x6108, 0x6108, 0x4108, 0x4108, 0x4108, 0x6108, 0x2008, 0x6108, 0x6108,
  0x4108, 0x4108, 0x4108, 0x4108, 0x0000, 0x4108, 0x2000, 0x0000, 0x2008, 0x8218, 0xA208, 0x6128, 0x4138, 0x6110, 0x8200, 0x8108,
  0x6130, 0x6138, 0x8210, 0xA200, 0x8220, 0x4138, 0x6218, 0x8100, 0x8120, 0x6120, 0x8208, 0x8210, 0x8118, 0x6118, 0x6108, 0x6108,
  0x6110, 0x6108, 0x6108, 0x6110, 0x6108, 0x6108, 0x6108, 0x6108, 0x6108, 0x6108, 0x6108, 0x6108, 0x6108, 0x6108, 0x6108, 0x6108,
  0x6108, 0x6108, 0x6108, 0x6108, 0x4108, 0x4108, 0x2000, 0x2000, 0x2160, 0x21A8, 0x2190, 0x2188, 0x2180, 0x2180, 0x2078, 0x0070,
  0x2000, 0x2000, 0x2000, 0x2000, 0x2000, 0x2000, 0x2000, 0x2000, 0x2000, 0x2000, 0x2000, 0x2000, 0x2000, 0x2000, 0x4108, 0x2000,
  0x2008, 0x4108, 0x2008, 0x4108, 0x4108, 0x2008, 0x4108, 0x2008, 0x2008, 0x2008, 0x2000, 0x4108, 0x4108, 0x4108, 0x4108, 0x4108,
  0x4108, 0x4108, 0x2000, 0x4108, 0x4108, 0x4108, 0x4008, 0x2000, 0x2008, 0x4108, 0x4108, 0x4108, 0x4108, 0x4108, 0x6110, 0x4108,
  0x4108, 0x4108, 0x4108, 0x4108, 0x4108, 0x2000, 0x6108, 0x4108, 0x4108, 0x4108, 0x4108, 0x6108, 0x6108, 0x4108, 0x4108, 0x4108,
  0x4108, 0x4108, 0x4108, 0x6108, 0x4108, 0x4108, 0x4108, 0x4108, 0x4108, 0x6110, 0x4108, 0x4108, 0x4108, 0x4108, 0x4108, 0x4108,
  0x4108, 0x6108, 0x4108, 0x4108, 0x4108, 0x4108, 0x4108, 0x6108, 0x4108, 0x4108, 0x4108, 0x4108, 0x4108, 0x4108, 0x4108, 0x4108,
  0x2000, 0x2000, 0x2000, 0x2000, 0x2008, 0x2000, 0x0038, 0x0098, 0x0058, 0x0000, 0x00B0, 0x00F0, 0x0050, 0x0030, 0x01E8, 0x01E0,
  0x0028, 0x0000, 0x2008, 0x2000, 0x2000, 0x4108, 0x0000, 0xC739, 0xCB5A, 0x6108, 0x518C, 0x6D6B, 0x2000, 0xAF73, 0xA210, 0xCF7B,
  0x2000, 0x2C63, 0x718C, 0x8210, 0xAA52, 0xA631, 0xEB5A, 0x4529, 0x6529, 0xB294, 0x494A, 0x0421, 0xAE73, 0x0000, 0x0000, 0xCF7B,
  0x2C63, 0x8210, 0x0000, 0x494A, 0xEF7B, 0x0000, 0x2000, 0x34A5, 0x2421, 0x2000, 0x8E73, 0x7294, 0xA631, 0x0000, 0x0000, 0x6529,
  0xEF7B, 0x2000, 0xE318, 0xE739, 0x2421, 0x6108, 0x95B5, 0x0421, 0x0000, 0x8A52, 0xCB52, 0x8631, 0xB294, 0x0000, 0x4529, 0x3084,
  0x2000, 0x0000, 0x8E73, 0xE739, 0x0000, 0x8210, 0x718C, 0xC318, 0x0000, 0xE318, 0xA631, 0x3084, 0x0000, 0x0000, 0x3084, 0x2421,
  0x4D6B, 0xEB5A, 0x0000, 0x8A52, 0x3084, 0x0000, 0x0421, 0x3084, 0x0000, 0x4108, 0x2000, 0x2000, 0x2000, 0x2008, 0x2000, 0x0028,
  0x01E0, 0x01F0, 0x2030, 0x0048, 0x00F0, 0x00C8, 0x0008, 0x0068, 0x00B0, 0x0048, 0x0000, 0x4108, 0x4108, 0x4108, 0x4108, 0x4108,
  0x4108, 0x2000, 0x6108, 0x6108, 0x4108, 0x4108, 0x4108, 0x4108, 0x2000, 0x8210, 0x4108, 0x6108, 0x6108, 0x4108, 0x4108, 0x4108,
  0x4108, 0x8210, 0x4108, 0x4108, 0x4108, 0x4108, 0x4108, 0x8210, 0x4108, 0x4108, 0x4108, 0x4108, 0x4108, 0x4108, 0x4108, 0x8210,
  0x4108, 0x4108, 0x4108, 0x2000, 0x2000, 0x2000, 0x0000, 0x4108, 0x8210, 0x8210, 0x4140, 0x6138, 0x8208, 0x8100, 0x6110, 0x4138,
  0x4128, 0x8200, 0xA208, 0x6130, 0x4140, 0x8208, 0x8210, 0x6128, 0x6118, 0x8108, 0x8210, 0x8220, 0x6110, 0x8108, 0x6110, 0x6110,
  0x6108, 0x6108, 0x6108, 0x6110, 0x6110, 0x6108, 0x6108, 0x6108, 0x6108, 0x6108, 0x6108, 0x6108, 0x6108, 0x6108, 0x6108, 0x6108,
  0x6108, 0x6108, 0x6108, 0x4108, 0x2008, 0x2000, 0x0018, 0x0190, 0x21B0, 0x2190, 0x2190, 0x2190, 0x2180, 0x0180, 0x0178, 0x2170,
  0x0000, 0x2000, 0x2000, 0x2000, 0x2000, 0x2000, 0x2000, 0x2000, 0x2000, 0x2000, 0x2000, 0x2000, 0x2000, 0x2000, 0x2000, 0x4008,
  0x4108, 0x4108, 0x4108, 0x4108, 0x2000, 0x4108, 0x4108, 0x4108, 0x4008, 0x2008, 0x2000, 0x2000, 0x4108, 0x4108, 0x4108, 0x4108,
  0x4108, 0x4108, 0x2000, 0x4108, 0x4108, 0x4108, 0x4108, 0x4108, 0x2000, 0x6108, 0x6108, 0x6108, 0x6108, 0x6108, 0x6108, 0x2000,
  0x4108, 0x4108, 0x4108, 0x4108, 0x4108, 0x2000, 0x4108, 0x8210, 0x6108, 0x6108, 0x6108, 0x8210, 0x4108, 0x4108, 0x4108, 0x4108,
  0x4108, 0x4108, 0x4108, 0x4108, 0x6108, 0x6108, 0x6108, 0x6108, 0x8110, 0x6108, 0x4108, 0x4108, 0x4108, 0x4108, 0x4108, 0x4108,
  0x4108, 0x6108, 0x8210, 0x8210, 0x6108, 0x6108, 0x8210, 0x6108, 0x4108, 0x4108, 0x4108, 0x4108, 0x4108, 0x4108, 0x4108, 0x6108,
  0x4108, 0x4108, 0x4108, 0x4108, 0x2000, 0x2000, 0x0008, 0x0088, 0x00A0, 0x0008, 0x0068, 0x00F0, 0x00A0, 0x0000, 0x01A8, 0x01F0,
  0x0190, 0x2000, 0x2008, 0x2000, 0x2000, 0x2000, 0x2000, 0x4108, 0x0C63, 0xAA52, 0xA631, 0xCB5A, 0xAA52, 0x0C63, 0x0000, 0xEB5A,
  0xAA52, 0xCB5A, 0xA631, 0xEB5A, 0x6D6B, 0x6108, 0xA631, 0x0C63, 0x0C63, 0x0421, 0x0C63, 0x0C63, 0xC739, 0x0000, 0x0000, 0x2000,
  0x8A4A, 0x6D6B, 0xEB5A, 0x0C63, 0x8A52, 0x0000, 0x0000, 0xEF7B, 0x8631, 0x0000, 0x2C63, 0xB7B5, 0x2000, 0x0000, 0xA210, 0x518C,
  0x6108, 0x0000, 0x4529, 0xCA5A, 0x8631, 0x6108, 0x518C, 0x0000, 0x0000, 0x2429, 0x6D6B, 0x8631, 0x2C63, 0x0000, 0x0842, 0x8E6B,
  0x0000, 0x0000, 0xAB52, 0xEB5A, 0x0000, 0xC318, 0x3084, 0x0000, 0x0000, 0x0000, 0x2842, 0x4D6B, 0x0000, 0x0000, 0x4D6B, 0xE739,
  0x8A52, 0x8631, 0x0000, 0x2842, 0xEB5A, 0x0000, 0xA210, 0xAE73, 0x0000, 0x2000, 0x2000, 0x2000, 0x2008, 0x2008, 0x2000, 0x0188,
  0x01F8, 0x01A8, 0x0000, 0x01A8, 0x00F8, 0x2078, 0x0008, 0x00B0, 0x00A8, 0x2018, 0x2000, 0x4108, 0x4108, 0x4108, 0x4108, 0x4108,
  0x6108, 0x6108, 0x4108, 0x6108, 0x8210, 0x6108, 0x6108, 0x6108, 0x8210, 0x8210, 0x4108, 0x4108, 0x4108, 0x4108, 0x4108, 0x6108,
  0x4108, 0x8210, 0xA210, 0x8210, 0x8210, 0x8210, 0xA210, 0x8210, 0x4108, 0x6108, 0x4108, 0x4108, 0x4108, 0x4108, 0x2000, 0x6108,
  0x8110, 0x6108, 0x6108, 0x4108, 0x2000, 0x2008, 0x8210, 0xC210, 0x6118, 0x4150, 0x8228, 0xA208, 0xA208, 0x6120, 0x4138, 0x6118,
  0x8200, 0x8110, 0x4140, 0x6230, 0xA208, 0x8220, 0x4128, 0x6110, 0x8108, 0x6110, 0x6118, 0x8210, 0x8208, 0x8110, 0x6110, 0x6108,
  0x6108, 0x6108, 0x6110, 0x6110, 0x6108, 0x6108, 0x6108, 0x6108, 0x6108, 0x6108, 0x6108, 0x6108, 0x6108, 0x6108, 0x6108, 0x6108,
  0x6108, 0x6108, 0x4108, 0x4108, 0x0000, 0x0140, 0x01B0, 0x21A8, 0x2198, 0x2198, 0x2190, 0x2190, 0x2188, 0x2180, 0x0078, 0x0078,
  0x2000, 0x2000, 0x2000, 0x2000, 0x2000, 0x0000, 0x2000, 0x2000, 0x2000, 0x2000, 0x2000, 0x2000, 0x2000, 0x2000, 0x4108, 0x2000,
  0x2000, 0x2008, 0x2000, 0x2000, 0x4108, 0x2008, 0x4108, 0x4108, 0x4108, 0x4108, 0x2000, 0x4108, 0x2000, 0x4000, 0x2000, 0x2008,
  0x2000, 0x4108, 0x4108, 0x2008, 0x4108, 0x4008, 0x4108, 0x2000, 0x4108, 0x4108, 0x2000, 0x4108, 0x4108, 0x2000, 0x4108, 0x4108,
  0x4108, 0x4108, 0x4108, 0x4108, 0x4108, 0x2000, 0x6108, 0x4108, 0x4108, 0x4108, 0x4108, 0x4108, 0x6108, 0x4108, 0x4108, 0x4108,
  0x4108, 0x4108, 0x2008, 0x6108, 0x6108, 0x4108, 0x4108, 0x4108, 0x2000, 0x6110, 0x4108, 0x4108, 0x4108, 0x4108, 0x4108, 0x4108,
  0x2000, 0x8210, 0x4108, 0x4108, 0x4108, 0x4108, 0x4108, 0x6108, 0x4108, 0x4108, 0x4108, 0x4108, 0x4108, 0x4108, 0x4108, 0x6108,
  0x4108, 0x4108, 0x4108, 0x2000, 0x4108, 0x2008, 0x0000, 0x0058, 0x00D0, 0x0070, 0x2010, 0x00D0, 0x01E0, 0x0028, 0x0040, 0x01F8,
  0x01F8, 0x2038, 0x4100, 0x2008, 0x2000, 0x2000, 0x2000, 0x0000, 0xEB5A, 0x34A5, 0x0000, 0xA631, 0x18C6, 0x0421, 0x0000, 0x0421,
  0xD7BD, 0xA631, 0x0000, 0x35A5, 0x2C63, 0x0000, 0x4108, 0xF39C, 0xEF7B, 0x0000, 0x0C63, 0xF39C, 0x2000, 0x8631, 0xA631, 0xE739,
  0xE739, 0xC739, 0x518C, 0x4529, 0x928C, 0xE739, 0x2842, 0xF7C5, 0xC318, 0x2942, 0x8E73, 0x6529, 0x3084, 0x8210, 0xB294, 0xEB5A,
  0xA631, 0x4429, 0x0000, 0x0000, 0x0000, 0x4108, 0x75AD, 0xEB5A, 0xC739, 0x718C, 0x8631, 0xC739, 0xAE73, 0x0000, 0x6108, 0x518C,
  0x494A, 0xC739, 0x9294, 0xE318, 0x8A52, 0x8210, 0x4D6B, 0x0B5B, 0xC631, 0xEB5A, 0xC318, 0x718C, 0x2842, 0x2842, 0x718C, 0x4108,
  0x6D6B, 0xE739, 0x0000, 0x8952, 0x6E6B, 0x0000, 0xC318, 0xCF7B, 0x0000, 0x2000, 0x2000, 0x2000, 0x2008, 0x4100, 0x4130, 0x00F8,
  0x01F8, 0x0030, 0x0038, 0x01F0, 0x00D8, 0x0018, 0x0070, 0x00D0, 0x0068, 0x2000, 0x2008, 0x4108, 0x4108, 0x4108, 0x4108, 0x4108,
  0x4108, 0x4108, 0x6108, 0x8210, 0x4108, 0x4108, 0x4108, 0x4108, 0x2108, 0x8210, 0x4108, 0x4108, 0x4108, 0x4108, 0x6108, 0x6108,
  0x4108, 0xA210, 0x4108, 0x2008, 0x4108, 0x2000, 0x2000, 0x8210, 0x4108, 0x4108, 0x6108, 0x4108, 0x4108, 0x4108, 0x2000, 0x6108,
  0x2000, 0x2000, 0x2000, 0x0000, 0x2008, 0xA218, 0xC210, 0x6130, 0x4140, 0x6218, 0x8200, 0x8210, 0x6138, 0x6138, 0x8208, 0x8200,
  0x6120, 0x4140, 0x6118, 0xA200, 0x8228, 0x6128, 0x6108, 0x8208, 0x6118, 0x6110, 0x6108, 0x8210, 0x8210, 0x8210, 0x8208, 0x6108,
  0x6110, 0x6110, 0x6110, 0x6108, 0x6108, 0x6108, 0x6108, 0x6108, 0x6108, 0x6108, 0x6108, 0x6108, 0x6108, 0x6108, 0x6108, 0x6108,
  0x6108, 0x4108, 0x4100, 0x0000, 0x2170, 0x21B8, 0x21A8, 0x21A0, 0x21A0, 0x2198, 0x2198, 0x2190, 0x2190, 0x2080, 0x2190, 0x2180,
  0x2000, 0x2000, 0x2000, 0x2000, 0x2000, 0x2000, 0x2000, 0x2000, 0x2000, 0x2000, 0x2000, 0x2000, 0x2000, 0x4108, 0x2000, 0x2000,
  0x2000, 0x2000, 0x2008, 0x2000, 0x4108, 0x2008, 0x4108, 0x4108, 0x4108, 0x2000, 0x2000, 0x4108, 0x2000, 0x4008, 0x4108, 0x4008,
  0x2000, 0x4108, 0x4108, 0x2000, 0x2100, 0x2008, 0x4108, 0x2000, 0x6108, 0x4108, 0x4108, 0x4108, 0x4108, 0x4108, 0x4108, 0x6108,
  0x4108, 0x4108, 0x4108, 0x4108, 0x2000, 0x4108, 0x6108, 0x4108, 0x4108, 0x4108, 0x4108, 0x4108, 0x6108, 0x4108, 0x4108, 0x4108,
  0x4108, 0x4108, 0x2008, 0x8210, 0x4108, 0x4108, 0x4108, 0x4108, 0x4108, 0x6108, 0x6108, 0x2000, 0x4108, 0x4108, 0x4108, 0x4108,
  0x6108, 0x8110, 0x4108, 0x4108, 0x4108, 0x4108, 0x4008, 0x6108, 0x4108, 0x4108, 0x4108, 0x4108, 0x4108, 0x2000, 0x6110, 0x4108,
  0x4108, 0x4108, 0x4108, 0x4108, 0x4108, 0x2008, 0x2000, 0x2020, 0x2088, 0x0078, 0x0000, 0x0050, 0x0090, 0x0048, 0x0000, 0x2088,
  0x00A8, 0x0050, 0x2000, 0x2000, 0x2000, 0x2000, 0x2000, 0x2000, 0x0421, 0xE739, 0x2000, 0x6108, 0x2842, 0x0000, 0x0000, 0x2000,
  0x2842, 0x4108, 0x0000, 0xC739, 0xE318, 0x0000, 0x0000, 0xA631, 0x4529, 0x0000, 0xE318, 0xA631, 0x0000, 0x8631, 0xC739, 0x0421,
  0x0C63, 0x0C63, 0xE318, 0x0000, 0xC318, 0x0C63, 0x2842, 0xCF7B, 0x4529, 0xE739, 0xA210, 0x0000, 0xE739, 0x4529, 0xCB52, 0xAA52,
  0x4D6B, 0xC739, 0x2000, 0x6108, 0x2000, 0xA210, 0x1084, 0x0842, 0x4D6B, 0x8631, 0x0000, 0xE318, 0x6529, 0x0000, 0x2000, 0x8210,
  0xEB5A, 0x2C63, 0xC318, 0x0000, 0x694A, 0xC318, 0x0000, 0x494A, 0x0C63, 0x8531, 0x2000, 0x8210, 0xEB5A, 0xEB5A, 0x8210, 0x0000,
  0xA631, 0xE318, 0x0000, 0x0421, 0x8531, 0x2000, 0x8210, 0xA631, 0x0000, 0x2000, 0x2000, 0x2000, 0x2008, 0x4100, 0x2148, 0x20A0,
  0x2178, 0x2000, 0x0050, 0x0098, 0x0058, 0x0000, 0x0070, 0x0078, 0x2018, 0x2000, 0x2000, 0x6108, 0x4108, 0x4108, 0x4108, 0x4108,
  0x4108, 0x2000, 0x6108, 0x8210, 0x4108, 0x6108, 0x4108, 0x4108, 0x4108, 0x6108, 0x6108, 0x4108, 0x4108, 0x6108, 0x6108, 0x4108,
  0x4108, 0x8210, 0x4108, 0x4108, 0x4108, 0x4108, 0x2000, 0x6108, 0x6108, 0x4108, 0x6108, 0x6108, 0x4108, 0x2000, 0x4108, 0x4108,
  0x2000, 0x2000, 0x2000, 0x6110, 0xA210, 0x8210, 0x4148, 0x6138, 0x8208, 0x8100, 0x6118, 0x4138, 0x6120, 0x8200, 0xA210, 0x6138,
  0x4130, 0x8208, 0x8110, 0x6128, 0x8118, 0x8108, 0x8110, 0x6118, 0x6110, 0x8108, 0x6110, 0x8110, 0x8110, 0x8108, 0x8210, 0x6110,
  0x6110, 0x6108, 0x6108, 0x6108, 0x6108, 0x6108, 0x6108, 0x6108, 0x6108, 0x6108, 0x6108, 0x6108, 0x6108, 0x6108, 0x6108, 0x4108,
  0x4108, 0x2000, 0x0020, 0x01A0, 0x21C0, 0x21A8, 0x21A8, 0x21A8, 0x21A0, 0x21A0, 0x2198, 0x2190, 0x2198, 0x21A8, 0x2158, 0x2008,
  0x2000, 0x2000, 0x2000, 0x2000, 0x2000, 0x2000, 0x2000, 0x2000, 0x2000, 0x2000, 0x2000, 0x2000, 0x2000, 0x4108, 0x2000, 0x2000,
  0x2000, 0x2000, 0x2000, 0x2000, 0x4108, 0x4108, 0x4000, 0x4108, 0x4108, 0x2000, 0x4108, 0x4108, 0x2000, 0x2008, 0x4108, 0x4000,
  0x2000, 0x2000, 0x4108, 0x2008, 0x2008, 0x2008, 0x2000, 0x4108, 0x6108, 0x4108, 0x4108, 0x4108, 0x4108, 0x4108, 0x2000, 0x6108,
  0x4108, 0x4108, 0x4108, 0x4108, 0x2000, 0x6110, 0x4108, 0x4108, 0x4108, 0x4108, 0x4108, 0x4108, 0x4108, 0x6108, 0x2008, 0x4108,
  0x4108, 0x2000, 0x6108, 0x6108, 0x4108, 0x4108, 0x4108, 0x4108, 0x4108, 0x4108, 0x8210, 0x4108, 0x4108, 0x4108, 0x4108, 0x2000,
  0x8210, 0x4108, 0x4108, 0x4108, 0x4108, 0x4108, 0x4108, 0x4108, 0x6108, 0x4108, 0x4108, 0x4108, 0x2000, 0x4108, 0x8210, 0x4108,
  0x4108, 0x4108, 0x4108, 0x4108, 0x2008, 0x4108, 0x2000, 0x2000, 0x2100, 0x2000, 0x0000, 0x2000, 0x0000, 0x0000, 0x2000, 0x2000,
  0x2000, 0x2000, 0x2000, 0x2000, 0x2000, 0x2000, 0x2000, 0x2000, 0x0000, 0x0000, 0x2000, 0x2000, 0x0000, 0x2000, 0x0000, 0x2000,
  0x0000, 0x0000, 0x2000, 0x0000, 0x0000, 0x2000, 0x2000, 0x0000, 0x0000, 0x2000, 0x0000, 0x0000, 0x0000, 0x0000, 0x0000, 0x0000,
  0x0000, 0x0000, 0x0000, 0x2000, 0x0000, 0x0000, 0x0000, 0x6D6B, 0x8631, 0x0000, 0x2000, 0x4108, 0x0000, 0x0000, 0x0000, 0x0000,
  0x0000, 0x0000, 0x2000, 0x2000, 0x0000, 0xA210, 0xEF7B, 0x0000, 0x0000, 0x0000, 0x4108, 0x0000, 0x0000, 0x2000, 0x2008, 0x2000,
  0x0000, 0x0000, 0x0000, 0x2000, 0x0000, 0x2000, 0x4108, 0x0000, 0x0000, 0x0000, 0x2000, 0x0000, 0x0000, 0x0000, 0x0000, 0x2008,
  0x0000, 0x0000, 0x2000, 0x0000, 0x0000, 0x2000, 0x2000, 0x0000, 0x2000, 0x2000, 0x2000, 0x2000, 0x2000, 0x4108, 0x2000, 0x4100,
  0x4100, 0x4108, 0x2000, 0x0000, 0x0000, 0x2000, 0x2000, 0x2000, 0x2000, 0x2000, 0x0000, 0x6108, 0x4108, 0x2008, 0x4108, 0x4108,
  0x4108, 0x2000, 0x8210, 0x6108, 0x4108, 0x6108, 0x6108, 0x4108, 0x4108, 0x4108, 0x8210, 0x4108, 0x4108, 0x4108, 0x4108, 0x2000,
  0x8210, 0x4108, 0x4108, 0x4108, 0x4108, 0x4108, 0x4108, 0x4108, 0x8210, 0x4008, 0x4108, 0x4108, 0x2000, 0x2000, 0x6108, 0x2000,
  0x0000, 0x2008, 0x8220, 0xC210, 0x6228, 0x4148, 0x8220, 0xA208, 0xA208, 0x6128, 0x4138, 0x6110, 0xA200, 0x8218, 0x6140, 0x6228,
  0xA208, 0x8118, 0x6120, 0x8210, 0xA210, 0x8118, 0x6118, 0x8208, 0x8208, 0x6110, 0x6110, 0x6210, 0x8210, 0x8210, 0x8210, 0x6110,
  0x6108, 0x6108, 0x6108, 0x6108, 0x6108, 0x6108, 0x6108, 0x6108, 0x6108, 0x6108, 0x6108, 0x6108, 0x6108, 0x4108, 0x4108, 0x4108,
  0x0000, 0x0050, 0x21C0, 0x21C8, 0x41B0, 0x41B0, 0x41B0, 0x21A8, 0x21A8, 0x21A0, 0x2198, 0x21B0, 0x4198, 0x2128, 0x2000, 0x4108,
  0x2000, 0x2000, 0x2000, 0x2000, 0x2000, 0x2000, 0x2000, 0x2000, 0x2000, 0x4108, 0x4108, 0x2000, 0x4108, 0x2000, 0x2000, 0x2000,
  0x2000, 0x2000, 0x2000, 0x2008, 0x2000, 0x4108, 0x4108, 0x4108, 0x4108, 0x4108, 0x4108, 0x2000, 0x4108, 0x2000, 0x2008, 0x2008,
  0x4008, 0x2000, 0x4108, 0x6108, 0x6108, 0x6108, 0x4108, 0x6108, 0x4108, 0x4108, 0x4108, 0x4108, 0x4108, 0x4108, 0x4008, 0x2000,
  0x6108, 0x6108, 0x8210, 0x8210, 0x6108, 0x6108, 0x4108, 0x4108, 0x4108, 0x4108, 0x4108, 0x4108, 0x4108, 0x8108, 0x8210, 0x8210,
  0x6108, 0x6108, 0x6108, 0x4108, 0x4108, 0x4108, 0x4108, 0x4108, 0x4108, 0x4108, 0x4108, 0x8110, 0x6108, 0x6108, 0x8210, 0x8210,
  0x6108, 0x4108, 0x4108, 0x4108, 0x4108, 0x4108, 0x4108, 0x4108, 0x6108, 0x8210, 0x6108, 0x6108, 0x6108, 0x8210, 0x4108, 0x6108,
  0x4108, 0x4108, 0x4108, 0x4108, 0x4108, 0x4108, 0x4108, 0x4108, 0x4108, 0x2008, 0x2000, 0x2008, 0x4108, 0x4108, 0x4108, 0x2008,
  0x2008, 0x2000, 0x2000, 0x2000, 0x2000, 0x2000, 0x2000, 0x2000, 0x2000, 0x4000, 0x2000, 0x4008, 0x4108, 0x4008, 0x2000, 0x2000,
  0x4008, 0x2000, 0x2000, 0x4108, 0x2000, 0x2000, 0x2000, 0x4108, 0x4108, 0x2000, 0x4108, 0x4108, 0x2000, 0x2000, 0x2000, 0x2000,
  0x4108, 0x4108, 0x2000, 0x2000, 0x2000, 0x4108, 0x4108, 0x8210, 0x4108, 0x4108, 0x2000, 0x2000, 0x2000, 0x2000, 0x4108, 0x4108,
  0x4108, 0x2000, 0x2000, 0x2000, 0x2000, 0x2000, 0x6108, 0x4108, 0x4108, 0x4108, 0x2000, 0x4108, 0x4108, 0x2000, 0x2000, 0x2000,
  0x4108, 0x2000, 0x2000, 0x2000, 0x4108, 0x2000, 0x2000, 0x4108, 0x4108, 0x4108, 0x2000, 0x2000, 0x4108, 0x4108, 0x4108, 0x2000,
  0x2000, 0x2000, 0x2000, 0x2000, 0x2000, 0x2000, 0x2000, 0x4108, 0x4108, 0x4108, 0x4108, 0x4108, 0x4108, 0x2000, 0x2000, 0x2008,
  0x2008, 0x2000, 0x2008, 0x2008, 0x2000, 0x2000, 0x4108, 0x4108, 0x4108, 0x6108, 0x6108, 0x6108, 0x8210, 0x6108, 0x6108, 0x4108,
  0x4108, 0x6108, 0x8210, 0x4108, 0x6108, 0x4108, 0x6108, 0x4108, 0x4108, 0x4108, 0x6108, 0xA210, 0x8210, 0x8210, 0x8210, 0xA210,
  0x8210, 0x2000, 0x4108, 0x4108, 0x4108, 0x4108, 0x4108, 0x2008, 0x4108, 0x8210, 0x6108, 0x6108, 0x4108, 0x4108, 0x2000, 0x0000,
  0x4110, 0xA218, 0xC318, 0x6138, 0x4140, 0x8210, 0xA208, 0x8210, 0x4138, 0x6130, 0x8208, 0x8200, 0x6128, 0x4140, 0x8210, 0xA208,
  0x6228, 0x6220, 0x8208, 0x8210, 0x8220, 0x8210, 0x8210, 0x8210, 0x8110, 0x8110, 0x6108, 0x6210, 0x6110, 0x8110, 0x6108, 0x6108,
  0x6108, 0x6108, 0x6108, 0x6108, 0x6108, 0x6108, 0x6108, 0x6108, 0x6108, 0x6108, 0x6108, 0x6108, 0x4108, 0x4108, 0x2000, 0x0008,
  0x0180, 0x22D8, 0x42C0, 0x41B8, 0x41C0, 0x41B8, 0x41B0, 0x21B0, 0x21A8, 0x21A8, 0x21B8, 0x4178, 0x2008, 0x4000, 0x4108, 0x6108,
  0x0000, 0x2000, 0x2000, 0x2000, 0x2000, 0x2000, 0x2000, 0x2000, 0x2000, 0x2000, 0x2000, 0x2000, 0x2000, 0x2000, 0x2000, 0x2000,
  0x2000, 0x2000, 0x2000, 0x2000, 0x2000, 0x4108, 0x2000, 0x2008, 0x2000, 0x2000, 0x4108, 0x4008, 0x2000, 0x2008, 0x2008, 0x2008,
  0x2008, 0x2000, 0x4108, 0x4108, 0x4108, 0x4108, 0x2008, 0x4108, 0x4108, 0x4108, 0x4108, 0x4108, 0x4108, 0x4108, 0x2000, 0x4108,
  0x6108, 0x4108, 0x4108, 0x4108, 0x4108, 0x6108, 0x4108, 0x4108, 0x4108, 0x4108, 0x4108, 0x4108, 0x4108, 0x8210, 0x4108, 0x6108,
  0x4108, 0x2008, 0x4108, 0x4108, 0x4108, 0x4108, 0x4108, 0x4108, 0x4108, 0x2000, 0x6108, 0x6108, 0x4108, 0x4108, 0x4108, 0x4108,
  0x6108, 0x4108, 0x4108, 0x4108, 0x4108, 0x4108, 0x4108, 0x2000, 0x6108, 0x6108, 0x6108, 0x6108, 0x4108, 0x6108, 0x6108, 0x4108,
  0x4108, 0x4108, 0x4108, 0x6108, 0x4108, 0x6108, 0x6108, 0x4108, 0x4108, 0x4108, 0x4108, 0x4108, 0x6108, 0x4108, 0x4108, 0x4108,
  0x4008, 0x4108, 0x2008, 0x4108, 0x4108, 0x4108, 0x4108, 0x4108, 0x2000, 0x4108, 0x6108, 0x6108, 0x4108, 0x4108, 0x4108, 0x4108,
  0x4108, 0x4108, 0x4108, 0x4108, 0x4108, 0x4108, 0x2000, 0x6108, 0x4108, 0x4108, 0x4108, 0x4108, 0x4108, 0x4108, 0x4108, 0x4108,
  0x4108, 0x4108, 0x4108, 0x4108, 0x2000, 0x6108, 0x6108, 0x4108, 0x4108, 0x4108, 0x4108, 0x4108, 0x2000, 0x4108, 0x4108, 0x4108,
  0x4108, 0x4108, 0x2000, 0x4108, 0x4108, 0x4108, 0x2000, 0x4108, 0x4108, 0x4108, 0x4108, 0x4108, 0x4108, 0x4108, 0x4108, 0x2000,
  0x4008, 0x2000, 0x4000, 0x4108, 0x4108, 0x4108, 0x4108, 0x4108, 0x4108, 0x6108, 0x4108, 0x4108, 0x6108, 0x4108, 0x6108, 0x4108,
  0x4108, 0x4108, 0x4108, 0x4108, 0x4008, 0x4008, 0x2000, 0x6108, 0x4108, 0x6108, 0x6108, 0x4108, 0x4108, 0x4108, 0x2000, 0x4000,
  0x2000, 0x2000, 0x4108, 0x4108, 0x2000, 0x6108, 0x4108, 0x4108, 0x6108, 0x6108, 0x6108, 0x6108, 0x8210, 0x4108, 0x4108, 0x4108,
  0x4108, 0x4108, 0x6108, 0x4108, 0x6108, 0x4108, 0x6108, 0x6108, 0x6108, 0x2000, 0x6108, 0x8110, 0x6108, 0x6108, 0x6108, 0x6108,
  0x6108, 0x4108, 0x4108, 0x4108, 0x4108, 0x4108, 0x4108, 0x2000, 0x4108, 0x4108, 0x2008, 0x2000, 0x2000, 0x0000, 0x2000, 0x6118,
  0xC210, 0x8218, 0x6148, 0x8230, 0x8208, 0x8200, 0x8118, 0x4138, 0x6228, 0xA200, 0xA210, 0x6130, 0x4130, 0x8208, 0x8210, 0x6120,
  0x6118, 0x8208, 0x8218, 0x8218, 0x8210, 0x8208, 0x8210, 0x6110, 0x8110, 0x6110, 0x6110, 0x6110, 0x6108, 0x6110, 0x6108, 0x6108,
  0x6108, 0x6108, 0x6108, 0x6108, 0x6108, 0x6108, 0x6108, 0x6108, 0x6108, 0x6108, 0x6108, 0x4108, 0x4108, 0x2000, 0x0020, 0x21A8,
  0x22D8, 0x42C8, 0x42C8, 0x42C0, 0x42C0, 0x42B8, 0x41B0, 0x21A8, 0x21C0, 0x21B0, 0x2040, 0x2000, 0x4108, 0x4108, 0x6108, 0x8210,
  0x2000, 0x2000, 0x2000, 0x2000, 0x2000, 0x2000, 0x2000, 0x2000, 0x2000, 0x2000, 0x2000, 0x2000, 0x2000, 0x4108, 0x2000, 0x2000,
  0x2000, 0x2000, 0x4008, 0x2000, 0x4108, 0x2000, 0x2000, 0x2000, 0x2000, 0x2000, 0x2000, 0x4108, 0x2000, 0x4108, 0x2000, 0x2008,
  0x2000, 0x4108, 0x6108, 0x4108, 0x4108, 0x4108, 0x4108, 0x2000, 0x6108, 0x4108, 0x4108, 0x4108, 0x4108, 0x4108, 0x2000, 0x8210,
  0x4108, 0x4108, 0x4108, 0x4108, 0x2000, 0x6108, 0x6108, 0x4108, 0x4108, 0x4108, 0x4108, 0x2000, 0x6108, 0x6108, 0x2000, 0x4108,
  0x4108, 0x4108, 0x4108, 0x6108, 0x4108, 0x4108, 0x4108, 0x4108, 0x4108, 0x2000, 0x8210, 0x4108, 0x4108, 0x4108, 0x4108, 0x2000,
  0x6108, 0x4108, 0x4108, 0x4108, 0x4108, 0x4108, 0x4108, 0x4108, 0x8210, 0x4108, 0x4108, 0x4108, 0x4108, 0x4108, 0x8210, 0x4108,
  0x4108, 0x4108, 0x6108, 0x4108, 0x4108, 0xA210, 0x4108, 0x4108, 0x4108, 0x4108, 0x4108, 0x8210, 0x6108, 0x4108, 0x4108, 0x6108,
  0x4108, 0x6108, 0x6108, 0x4108, 0x4108, 0x4108, 0x4108, 0x4108, 0x2000, 0x8210, 0x6108, 0x6108, 0x4108, 0x4108, 0x2008, 0x6110,
  0x4108, 0x4108, 0x4108, 0x4108, 0x4108, 0x4108, 0x4108, 0x8210, 0x4108, 0x4108, 0x6108, 0x4108, 0x4108, 0x8210, 0x4108, 0x4108,
  0x4108, 0x4108, 0x6108, 0x4108, 0x6108, 0x8210, 0x4108, 0x4108, 0x4108, 0x4108, 0x4108, 0x6108, 0x4108, 0x4108, 0x4108, 0x4108,
  0x4108, 0x4108, 0x4108, 0x6108, 0x4108, 0x4108, 0x4108, 0x4108, 0x2000, 0x6108, 0x8210, 0x4108, 0x6108, 0x6108, 0x4108, 0x4108,
  0x4108, 0x6108, 0x4108, 0x4108, 0x4108, 0x4108, 0x4108, 0x2000, 0x6108, 0x6108, 0x4108, 0x4108, 0x6108, 0x4108, 0x6108, 0x6108,
  0x4108, 0x4108, 0x4108, 0x4108, 0x4108, 0x2000, 0x6108, 0x8210, 0x4108, 0x4108, 0x4108, 0x4108, 0x4108, 0x6108, 0x4108, 0x4108,
  0x4108, 0x4108, 0x4108, 0x2000, 0x6108, 0x8210, 0x4108, 0x4108, 0x4108, 0x4108, 0x2000, 0xA210, 0x6108, 0x4008, 0x4108, 0x4108,
  0x4108, 0x2000, 0x8210, 0x6108, 0x4108, 0x4108, 0x4108, 0x4108, 0x4108, 0x4108, 0x8210, 0x4108, 0x4108, 0x4108, 0x4108, 0x2000,
  0x6108, 0x6108, 0x4108, 0x4108, 0x4108, 0x4108, 0x4108, 0x2000, 0x6108, 0x2000, 0x2000, 0x0000, 0x0000, 0x2008, 0x8228, 0xA210,
  0x6128, 0x4150, 0x8220, 0xA208, 0x8208, 0x4130, 0x6138, 0x8210, 0xA200, 0x8220, 0x4140, 0x8220, 0xA200, 0x6118, 0x4120, 0x6108,
  0x8108, 0x6118, 0x6118, 0x8208, 0x8208, 0x6110, 0x6110, 0x8110, 0x6110, 0x6110, 0x6110, 0x6108, 0x6108, 0x6108, 0x6108, 0x6108,
  0x6108, 0x6108, 0x6108, 0x6108, 0x6108, 0x6108, 0x6108, 0x6108, 0x6108, 0x6108, 0x4108, 0x4108, 0x2000, 0x2150, 0x22D0, 0x42D8,
  0x42C8, 0x42C8, 0x42C8, 0x42C0, 0x42C0, 0x42B8, 0x41B8, 0x22C8, 0x2180, 0x2010, 0x4000, 0x4108, 0x6108, 0x8210, 0x8210, 0x8210,
  0x2000, 0x2000, 0x2000, 0x2000, 0x2000, 0x2000, 0x2000, 0x2000, 0x2000, 0x2000, 0x2000, 0x2000, 0x2000, 0x2008, 0x2008, 0x2000,
  0x2000, 0x2000, 0x2000, 0x2000, 0x4108, 0x2000, 0x2000, 0x2000, 0x2000, 0x2000, 0x2000, 0x4108, 0x2000, 0x2000, 0x2000, 0x2000,
  0x2000, 0x6108, 0x4108, 0x4108, 0x4108, 0x4108, 0x4108, 0x4108, 0x4108, 0x4108, 0x2000, 0x4108, 0x4108, 0x2000, 0x4108, 0x6108,
  0x4108, 0x4108, 0x4108, 0x4108, 0x4108, 0x4108, 0x6108, 0x4108, 0x4108, 0x4108, 0x4108, 0x2000, 0x8210, 0x4108, 0x4108, 0x4108,
  0x4108, 0x4108, 0x2008, 0x6108, 0x4108, 0x4108, 0x4108, 0x4108, 0x2000, 0x6108, 0x6108, 0x4108, 0x4108, 0x4108, 0x4108, 0x4108,
  0x4108, 0x6110, 0x4108, 0x4108, 0x4108, 0x4108, 0x2000, 0x8210, 0x6108, 0x4108, 0x4108, 0x4108, 0x4108, 0x4108, 0x8210, 0x6108,
  0x4108, 0x4108, 0x6108, 0x4108, 0x8210, 0x6108, 0x4108, 0x4108, 0x4108, 0x4108, 0x4108, 0x6108, 0x4108, 0x4108, 0x4108, 0x4108,
  0x4108, 0x4108, 0x8210, 0x4108, 0x4108, 0x4108, 0x4108, 0x2008, 0x6108, 0x8210, 0x4108, 0x6108, 0x6108, 0x6108, 0x4108, 0x6108,
  0x8210, 0x4108, 0x4108, 0x4108, 0x4108, 0x2000, 0x8210, 0x6108, 0x6108, 0x6108, 0x6108, 0x6108, 0x4108, 0x6110, 0x6108, 0x4108,
  0x4108, 0x4108, 0x6108, 0x4108, 0xA210, 0x6108, 0x4108, 0x4108, 0x4108, 0x4108, 0x4108, 0x6108, 0x6108, 0x4108, 0x4108, 0x4108,
  0x4108, 0x4008, 0x8210, 0x6108, 0x4108, 0x4108, 0x4108, 0x4108, 0x4108, 0x6108, 0x8210, 0x4108, 0x4108, 0x4108, 0x4108, 0x4108,
  0x4108, 0x8210, 0x6108, 0x4108, 0x4108, 0x4108, 0x4108, 0x4108, 0xA210, 0x4108, 0x6108, 0x6108, 0x6108, 0x4108, 0x4108, 0x8210,
  0x4108, 0x4108, 0x4108, 0x4108, 0x4108, 0x4108, 0xA210, 0x6108, 0x6108, 0x4108, 0x4108, 0x4108, 0x4108, 0x6108, 0x6108, 0x4108,
  0x4108, 0x4108, 0x4108, 0x2000, 0x8210, 0x6108, 0x4108, 0x4108, 0x4108, 0x4108, 0x4108, 0x6108, 0x6108, 0x4108, 0x6108, 0x4108,
  0x6108, 0x4108, 0xA210, 0x8210, 0x4108, 0x4108, 0x4108, 0x4108, 0x2000, 0x8210, 0x6108, 0x4108, 0x6108, 0x4108, 0x4108, 0x4108,
  0x4108, 0x8210, 0x4108, 0x4108, 0x4108, 0x4108, 0x2000, 0x6108, 0x4108, 0x2000, 0x0000, 0x0000, 0x4110, 0xA218, 0xA218, 0x6138,
  0x4138, 0x8210, 0xA208, 0x8210, 0x4138, 0x6230, 0xA208, 0xA208, 0x8230, 0x6140, 0x8210, 0xA208, 0x8128, 0x6118, 0x8108, 0x8110,
  0x6118, 0x6110, 0x6108, 0x6110, 0x6110, 0x6110, 0x6108, 0x8110, 0x6110, 0x6110, 0x6108, 0x6108, 0x6108, 0x6108, 0x6108, 0x6108,
  0x6108, 0x6108, 0x6108, 0x6108, 0x6108, 0x6108, 0x6108, 0x6108, 0x6108, 0x4108, 0x4000, 0x2000, 0x2280, 0x42E0, 0x42D8, 0x42D0,
  0x42D0, 0x42D0, 0x42C8, 0x42C8, 0x42C0, 0x42D0, 0x22B8, 0x2148, 0x2000, 0x4100, 0x6108, 0x8108, 0x8210, 0x8210, 0x8210, 0x8210,
  0x2000, 0x2000, 0x2000, 0x2000, 0x2000, 0x2000, 0x2000, 0x2000, 0x2000, 0x2000, 0x2000, 0x2000, 0x2000, 0x2000, 0x2000, 0x2000,
  0x4008, 0x4108, 0x2000, 0x4108, 0x2000, 0x2000, 0x2000, 0x2000, 0x2000, 0x2000, 0x2000, 0x2000, 0x4108, 0x4108, 0x4108, 0x4108,
  0x4108, 0x4108, 0x2000, 0x4108, 0x4108, 0x4108, 0x4108, 0x4108, 0x4008, 0x6108, 0x6108, 0x6108, 0x6108, 0x4108, 0x6108, 0x4108,
  0x4108, 0x4108, 0x4108, 0x4108, 0x4108, 0x4108, 0x4108, 0x4108, 0x4108, 0x6108, 0x6108, 0x6108, 0x4108, 0x4108, 0x4108, 0x4108,
  0x4108, 0x4108, 0x4108, 0x4108, 0x6108, 0x4108, 0x4108, 0x6108, 0x4108, 0x8210, 0x4108, 0x4108, 0x4108, 0x4108, 0x4108, 0x4108,
  0x4108, 0x6108, 0x6108, 0x6108, 0x6108, 0x4108, 0x6108, 0x6108, 0x4108, 0x6108, 0x4108, 0x4108, 0x4108, 0x4108, 0x4108, 0x6108,
  0x4108, 0x6108, 0x6108, 0x4108, 0x8210, 0x4108, 0x4108, 0x4108, 0x4108, 0x4108, 0x4108, 0x4108, 0x4108, 0x4108, 0x4108, 0x4108,
  0x6108, 0x4108, 0x8210, 0x6108, 0x4108, 0x4108, 0x4108, 0x4008, 0x8210, 0x4108, 0x6108, 0x4108, 0x6108, 0x6108, 0x6108, 0x4108,
  0x8210, 0x4108, 0x6108, 0x6108, 0x4108, 0x6108, 0xA210, 0x4108, 0x6108, 0x6108, 0x6108, 0x6108, 0x4108, 0x4108, 0x8210, 0x4108,
  0x6108, 0x6108, 0x4108, 0x6108, 0x8210, 0x4108, 0x6108, 0x4108, 0x4108, 0x4108, 0x4108, 0x4108, 0x8210, 0x4108, 0x4108, 0x4108,
  0x4108, 0x4108, 0x8210, 0x6108, 0x6108, 0x4108, 0x4108, 0x6108, 0x4108, 0x6108, 0x4108, 0x4108, 0x4108, 0x4108, 0x4108, 0x6108,
  0x4108, 0x8210, 0x6108, 0x4108, 0x4108, 0x4108, 0x2000, 0x8210, 0x6108, 0x6108, 0x4108, 0x4108, 0x4108, 0x4108, 0x4108, 0x6108,
  0x6108, 0x4108, 0x4108, 0x6108, 0x4108, 0x6108, 0x8110, 0x4108, 0x4108, 0x4108, 0x4108, 0x4108, 0x4108, 0x6108, 0x6210, 0x2108,
  0x4108, 0x4108, 0x4108, 0x6108, 0x8210, 0x4108, 0x4108, 0x4108, 0x4108, 0x4108, 0x4108, 0x4000, 0x8210, 0x6108, 0x6108, 0x6108,
  0x6108, 0x6108, 0x4108, 0x8210, 0x6108, 0x4108, 0x4108, 0x4108, 0x4108, 0x8210, 0x4108, 0x4108, 0x6108, 0x4108, 0x4108, 0x6108,
  0x4108, 0x6108, 0x6108, 0x6108, 0x4108, 0x4108, 0x2000, 0x4108, 0x0000, 0x0000, 0x0000, 0x6118, 0xA218, 0x8218, 0x4148, 0x6128,
  0x8200, 0x8208, 0x6120, 0x6140, 0x8220, 0xA200, 0xA210, 0x6140, 0x4130, 0x8200, 0x8210, 0x6128, 0x8218, 0x8208, 0x8118, 0x8118,
  0x8108, 0x6108, 0x6110, 0x6110, 0x6108, 0x6108, 0x6108, 0x6110, 0x6110, 0x6108, 0x6108, 0x6108, 0x6108, 0x6108, 0x6108, 0x6108,
  0x6108, 0x6108, 0x6108, 0x6108, 0x6108, 0x6108, 0x4108, 0x4108, 0x4108, 0x2000, 0x2020, 0x22B0, 0x42E8, 0x42D0, 0x42D0, 0x42D0,
  0x42D0, 0x42D0, 0x42C8, 0x42C8, 0x42D8, 0x2188, 0x2010, 0x4000, 0x4108, 0x6108, 0x8210, 0x8210, 0x8210, 0x8210, 0x8210, 0x8210,
  0x2000, 0x2000, 0x2000, 0x2000, 0x2000, 0x2000, 0x2000, 0x2000, 0x2000, 0x2000, 0x2000, 0x2000, 0x2000, 0x2000, 0x2000, 0x2000,
  0x2000, 0x2000, 0x2000, 0x2000, 0x2000, 0x2000, 0x2000, 0x2000, 0x2000, 0x2000, 0x2000, 0x2000, 0x4108, 0x4108, 0x4108, 0x4108,
  0x4108, 0x4108, 0x4100, 0x4108, 0x4108, 0x4108, 0x4008, 0x4100, 0x2000, 0x6108, 0x6108, 0x6108, 0x6108, 0x4108, 0x6108, 0x4108,
  0x4108, 0x4108, 0x4108, 0x4108, 0x4108, 0x4000, 0x4108, 0x6108, 0x6108, 0x6108, 0x6108, 0x6108, 0x4108, 0x4108, 0x4108, 0x4108,
  0x4108, 0x4108, 0x4108, 0x4008, 0x8210, 0x6108, 0x6108, 0x6108, 0x6108, 0x6108, 0x4108, 0x4108, 0x4108, 0x4108, 0x4108, 0x4108,
  0x2000, 0x6108, 0x8210, 0x6108, 0x6108, 0x6108, 0x6108, 0x6108, 0x4108, 0x4108, 0x4108, 0x4108, 0x4108, 0x4108, 0x4108, 0x8210,
  0x8210, 0x8210, 0x8210, 0x8210, 0x6108, 0x4108, 0x4108, 0x4108, 0x4108, 0x4108, 0x6108, 0x6108, 0x4108, 0x4108, 0x4108, 0x4108,
  0x4108, 0x4108, 0x4108, 0x8210, 0x8210, 0xA210, 0x8210, 0x6108, 0x6108, 0x4108, 0x4108, 0x4108, 0x6108, 0x6108, 0x6108, 0x4108,
  0x8210, 0x8210, 0x8210, 0x8210, 0x8210, 0xA210, 0x6108, 0x6108, 0x6108, 0x6108, 0x6108, 0x6108, 0x6108, 0x2000, 0x8210, 0x8210,
  0xA210, 0xA210, 0x8210, 0x8210, 0x4108, 0x4108, 0x4108, 0x4108, 0x4108, 0x6108, 0x6108, 0x4008, 0x8210, 0x8210, 0x8210, 0xA210,
  0x8210, 0x8210, 0x6108, 0x4108, 0x6108, 0x6108, 0x6108, 0x4108, 0x6108, 0x4108, 0x4108, 0x4108, 0x4108, 0x6108, 0x6108, 0x6108,
  0x4108, 0x4108, 0xA210, 0x8210, 0xA210, 0x8210, 0x6108, 0x8210, 0x4108, 0x4108, 0x4108, 0x4108, 0x4108, 0x4108, 0x6108, 0x4108,
  0xA210, 0x8210, 0x8210, 0xA210, 0x6108, 0x8210, 0x4108, 0x4108, 0x4108, 0x4108, 0x4108, 0x4108, 0x4108, 0x2000, 0x6108, 0x6108,
  0x8210, 0xA210, 0x8208, 0x8210, 0x4108, 0x4108, 0x4108, 0x4108, 0x4108, 0x4108, 0x4108, 0x2000, 0x8210, 0x8210, 0xA210, 0x8210,
  0x8210, 0x8110, 0x2000, 0x6108, 0x8210, 0x8210, 0x8210, 0x6108, 0x6108, 0x6108, 0x4108, 0x4108, 0x4108, 0x6108, 0x6108, 0x6108,
  0x2000, 0x4108, 0x8210, 0x6108, 0x6108, 0x4108, 0x2000, 0x2000, 0x0000, 0x2008, 0x8220, 0xA210, 0x6238, 0x4140, 0x6110, 0x8200,
  0x8208, 0x4130, 0x4130, 0x8210, 0xA200, 0x8220, 0x4148, 0x6220, 0x8200, 0x6120, 0x6128, 0x8108, 0x8210, 0x6120, 0x8210, 0x8210,
  0x8110, 0x6110, 0x6110, 0x6108, 0x6108, 0x6110, 0x6110, 0x6108, 0x6108, 0x6108, 0x6108, 0x6108, 0x6108, 0x6108, 0x6108, 0x6108,
  0x6108, 0x6108, 0x6108, 0x6108, 0x6108, 0x4108, 0x4108, 0x4108, 0x2000, 0x2150, 0x42D8, 0x42E0, 0x42D0, 0x42D8, 0x42D0, 0x42D0,
  0x42D0, 0x42D0, 0x22E0, 0x21C8, 0x2150, 0x2000, 0x4100, 0x6108, 0x8210, 0x8210, 0x8210, 0x8210, 0x8210, 0x8210, 0x8210, 0x8210,
  0x2000, 0x2000, 0x2000, 0x2000, 0x2000, 0x2000, 0x2000, 0x2000, 0x2000, 0x2000, 0x2000, 0x2000, 0x2000, 0x2000, 0x4108, 0x2000,
  0x2000, 0x2000, 0x2000, 0x2000, 0x4108, 0x2000, 0x2008, 0x2000, 0x2000, 0x2000, 0x2000, 0x4108, 0x4008, 0x4108, 0x4008, 0x2008,
  0x2000, 0x4108, 0x4108, 0x4108, 0x4108, 0x2008, 0x4108, 0x2000, 0x4108, 0x4108, 0x4108, 0x4108, 0x4108, 0x2000, 0x4108, 0x4108,
  0x4108, 0x4108, 0x4108, 0x4108, 0x4108, 0x2000, 0x6108, 0x4108, 0x4108, 0x4108, 0x4108, 0x4108, 0x6108, 0x4108, 0x4108, 0x4108,
  0x4108, 0x4108, 0x2000, 0x6108, 0x6108, 0x4108, 0x4108, 0x4108, 0x2000, 0x6108, 0x4108, 0x4108, 0x4108, 0x4108, 0x4108, 0x4108,
  0x2000, 0x8210, 0x4108, 0x4108, 0x4108, 0x4108, 0x4108, 0x8210, 0x4108, 0x4108, 0x4108, 0x4108, 0x4108, 0x4008, 0x6108, 0x6108,
  0x4108, 0x6108, 0x4108, 0x2000, 0x6108, 0x4108, 0x4108, 0x4108, 0x4108, 0x4108, 0x4108, 0x6108, 0x4108, 0x4108, 0x4108, 0x4108,
  0x4108, 0x2000, 0x8210, 0x6108, 0x6108, 0x6108, 0x6108, 0x2000, 0x8210, 0x6108, 0x4108, 0x4108, 0x6108, 0x6108, 0x6108, 0x4108,
  0xA210, 0x4108, 0x4108, 0x4108, 0x4108, 0x4108, 0x8210, 0x6108, 0x6108, 0x6108, 0x6108, 0x6108, 0x4108, 0x4108, 0x8210, 0x4108,
  0x6108, 0x6108, 0x4108, 0x6108, 0x8210, 0x4108, 0x6108, 0x4108, 0x4108, 0x4108, 0x6108, 0x4108, 0x8210, 0x4108, 0x6108, 0x6108,
  0x4108, 0x4108, 0x8210, 0x4108, 0x6108, 0x6108, 0x6108, 0x6108, 0x6108, 0x4108, 0x4108, 0x4108, 0x4108, 0x6108, 0x6108, 0x6108,
  0x2000, 0x8210, 0x6110, 0x4108, 0x6108, 0x6108, 0x2000, 0x6108, 0x6108, 0x4108, 0x6108, 0x4108, 0x4108, 0x6108, 0x4108, 0x6108,
  0x8210, 0x4108, 0x4108, 0x4108, 0x2000, 0x6108, 0x6108, 0x4108, 0x4108, 0x4108, 0x4108, 0x4108, 0x4108, 0x4108, 0x6108, 0x4108,
  0x6108, 0x6108, 0x4108, 0x6108, 0x8210, 0x4108, 0x4108, 0x4108, 0x4108, 0x4108, 0x4108, 0x4108, 0xA210, 0x4108, 0x6108, 0x4108,
  0x4108, 0x2000, 0x4108, 0x8210, 0x4108, 0x4108, 0x6108, 0x4108, 0x2000, 0x6108, 0x6108, 0x4108, 0x4108, 0x4108, 0x6108, 0x6108,
  0x4108, 0x8210, 0x4108, 0x4108, 0x2008, 0x2000, 0x0000, 0x0000, 0x4118, 0xA210, 0xA210, 0x4140, 0x4138, 0x8208, 0x8200, 0x6110,
  0x4140, 0x6128, 0x8208, 0x8208, 0x6130, 0x4140, 0x8210, 0x8208, 0x6128, 0x6118, 0x8208, 0x6110, 0x6118, 0x6210, 0x8208, 0x8210,
  0x8110, 0x6110, 0x6108, 0x6108, 0x6110, 0x6108, 0x6108, 0x6108, 0x6108, 0x6108, 0x6108, 0x6108, 0x6108, 0x6108, 0x6108, 0x6108,
  0x6108, 0x6108, 0x6108, 0x6108, 0x4108, 0x4108, 0x2000, 0x2008, 0x2188, 0x22E8, 0x42D8, 0x42D0, 0x42D8, 0x42D8, 0x42D8, 0x42D0,
  0x42D8, 0x42E8, 0x2198, 0x2018, 0x4000, 0x4108, 0x6110, 0x8210, 0x8210, 0x8210, 0x8210, 0x8210, 0x8210, 0x8210, 0x8210, 0x8210,
  0x2000, 0x2000, 0x2000, 0x2000, 0x2000, 0x2000, 0x2000, 0x2000, 0x2000, 0x2000, 0x2000, 0x2000, 0x2000, 0x4108, 0x2000, 0x2000,
  0x2000, 0x2000, 0x2000, 0x2000, 0x4108, 0x2008, 0x2000, 0x2000, 0x2000, 0x2000, 0x2000, 0x4108, 0x2000, 0x2108, 0x2008, 0x4108,
  0x2000, 0x4108, 0x4108, 0x2008, 0x4108, 0x2008, 0x2008, 0x2000, 0x6108, 0x4108, 0x4108, 0x4108, 0x4108, 0x4108, 0x2000, 0x6108,
  0x4108, 0x4108, 0x4108, 0x4108, 0x2000, 0x4108, 0x6108, 0x4108, 0x4108, 0x4108, 0x4108, 0x2008, 0x6108, 0x4108, 0x4108, 0x4108,
  0x4108, 0x4108, 0x4108, 0x8210, 0x4108, 0x4108, 0x4108, 0x4108, 0x4108, 0x4108, 0x6108, 0x4108, 0x4108, 0x4108, 0x4108, 0x2000,
  0x6108, 0x6110, 0x4108, 0x4108, 0x4108, 0x4108, 0x4008, 0x6108, 0x6108, 0x4108, 0x4108, 0x4108, 0x4108, 0x2000, 0x8210, 0x4108,
  0x4108, 0x4108, 0x4108, 0x4108, 0x6108, 0x6108, 0x4108, 0x4108, 0x4108, 0x6108, 0x2000, 0x6210, 0x6108, 0x4108, 0x4108, 0x4108,
  0x4108, 0x4108, 0xA210, 0x4108, 0x6108, 0x6108, 0x6108, 0x4108, 0x6108, 0x8210, 0x4108, 0x6108, 0x4108, 0x6108, 0x4008, 0x6108,
  0x8210, 0x4108, 0x6108, 0x6108, 0x6108, 0x4108, 0x8210, 0x6108, 0x6108, 0x6108, 0x6108, 0x6108, 0x4108, 0x8210, 0x6108, 0x4108,
  0x6108, 0x6108, 0x6108, 0x4108, 0xA210, 0x6108, 0x6108, 0x6108, 0x6108, 0x6108, 0x4108, 0x8210, 0x6108, 0x4108, 0x4108, 0x4108,
  0x4108, 0x4108, 0x8210, 0x6108, 0x4108, 0x4108, 0x4108, 0x6108, 0x4108, 0x4108, 0x8210, 0x4108, 0x6108, 0x6108, 0x6108, 0x6108,
  0x4108, 0xA210, 0x4108, 0x6108, 0x6108, 0x6108, 0x4108, 0x4108, 0xA210, 0x6108, 0x6108, 0x6108, 0x6108, 0x6108, 0x2000, 0xA210,
  0x4108, 0x4108, 0x4108, 0x4108, 0x4108, 0x4108, 0x8210, 0x6108, 0x6108, 0x6108, 0x4108, 0x4108, 0x2000, 0x8210, 0x6108, 0x6108,
  0x6108, 0x6108, 0x4108, 0x4108, 0x8210, 0x4108, 0x4108, 0x6108, 0x4108, 0x6108, 0x2000, 0x8210, 0x6108, 0x4108, 0x4108, 0x6108,
  0x4108, 0x4108, 0x8210, 0x6110, 0x4108, 0x6108, 0x6108, 0x4108, 0x4108, 0x4108, 0xA210, 0x4108, 0x4108, 0x4108, 0x4108, 0x2000,
  0x8210, 0x6108, 0x2008, 0x2000, 0x2000, 0x0000, 0x2000, 0x6118, 0xA210, 0x8228, 0x4150, 0x6120, 0x8200, 0x8208, 0x4128, 0x4140,
  0x6118, 0xA200, 0x8210, 0x4138, 0x4128, 0x8200, 0x8218, 0x6128, 0x6110, 0x8108, 0x6118, 0x6118, 0x6108, 0x8208, 0x6110, 0x8110,
  0x6110, 0x6108, 0x6108, 0x6110, 0x6110, 0x6108, 0x6108, 0x6108, 0x6108, 0x6108, 0x6108, 0x6108, 0x6108, 0x6108, 0x6108, 0x6108,
  0x6108, 0x6108, 0x6108, 0x4108, 0x4108, 0x2000, 0x0028, 0x22B8, 0x42E8, 0x42D0, 0x42D8, 0x42D8, 0x42D8, 0x62D8, 0x42D8, 0x42E8,
  0x42D0, 0x2150, 0x2000, 0x4100, 0x6110, 0x6210, 0x8210, 0x8210, 0x8210, 0x8210, 0x8210, 0x8210, 0x8210, 0x8210, 0x8210, 0x8210,
  0x2000, 0x2000, 0x2000, 0x2000, 0x2000, 0x2000, 0x2000, 0x2000, 0x2000, 0x2008, 0x2000, 0x2000, 0x2000, 0x2000, 0x2000, 0x2000,
  0x2000, 0x2000, 0x2000, 0x2000, 0x2000, 0x4108, 0x2000, 0x4108, 0x4108, 0x2000, 0x4108, 0x2000, 0x2000, 0x2008, 0x4008, 0x4108,
  0x4100, 0x2000, 0x4108, 0x4108, 0x4108, 0x4108, 0x4108, 0x4108, 0x4108, 0x4108, 0x4108, 0x4108, 0x4108, 0x4108, 0x2000, 0x4108,
  0x4108, 0x4108, 0x4108, 0x4108, 0x2000, 0x6108, 0x4108, 0x4108, 0x4108, 0x4108, 0x4108, 0x4108, 0x4108, 0x6108, 0x4108, 0x4108,
  0x4108, 0x2108, 0x6108, 0x4108, 0x4108, 0x4108, 0x4108, 0x4108, 0x4108, 0x4008, 0x6108, 0x6108, 0x4108, 0x4108, 0x4108, 0x2000,
  0x8210, 0x4108, 0x4108, 0x4108, 0x4108, 0x4108, 0x4108, 0x4108, 0x8110, 0x4108, 0x4108, 0x4108, 0x2000, 0x4108, 0x8110, 0x4108,
  0x4108, 0x4108, 0x4108, 0x4108, 0x4108, 0x8210, 0x4108, 0x4108, 0x4108, 0x4108, 0x2000, 0x8210, 0x6108, 0x4108, 0x4108, 0x4108,
  0x2000, 0x8210, 0x6108, 0x4108, 0x4108, 0x4108, 0x4108, 0x4108, 0x4108, 0xA210, 0x6108, 0x4108, 0x4108, 0x4108, 0x2000, 0x8210,
  0x6108, 0x6108, 0x6108, 0x6108, 0x6108, 0x4108, 0x6108, 0xA210, 0x4108, 0x4108, 0x6108, 0x4108, 0x4108, 0x8210, 0x4108, 0x6108,
  0x4108, 0x4108, 0x6108, 0x4108, 0x8210, 0x8210, 0x4108, 0x4108, 0x4108, 0x4108, 0x4108, 0x8210, 0x4108, 0x6108, 0x4108, 0x4108,
  0x4108, 0x4108, 0x6108, 0x8210, 0x4108, 0x4108, 0x4108, 0x4108, 0x2000, 0x8210, 0x8210, 0x4108, 0x6108, 0x4108, 0x4108, 0x2008,
  0x8210, 0x8110, 0x4108, 0x4108, 0x4108, 0x4108, 0x6108, 0x4108, 0x8210, 0x8210, 0x4108, 0x4108, 0x4108, 0x2000, 0x6108, 0x8210,
  0x4108, 0x4108, 0x4108, 0x4108, 0x4108, 0x4108, 0x8210, 0x8210, 0x4108, 0x4108, 0x4108, 0x4108, 0x4108, 0xA210, 0x4108, 0x6108,
  0x4108, 0x4108, 0x4108, 0x4108, 0x6108, 0x8210, 0x4108, 0x4108, 0x4108, 0x4108, 0x4108, 0xA210, 0x4108, 0x4108, 0x4108, 0x4108,
  0x4108, 0x4108, 0x6108, 0x8110, 0x2000, 0x4108, 0x4108, 0x4108, 0x4108, 0x2000, 0x6108, 0x8110, 0x6108, 0x6108, 0x6108, 0x4108,
  0x6108, 0x4108, 0x2008, 0x2000, 0x0000, 0x4110, 0xA218, 0xA210, 0x6130, 0x6140, 0x8210, 0x8200, 0x8210, 0x4138, 0x4138, 0x8208,
  0xA200, 0x8220, 0x4138, 0x6118, 0x8208, 0x8120, 0x6120, 0x6108, 0x8108, 0x6118, 0x6110, 0x8108, 0x8110, 0x6110, 0x6110, 0x6108,
  0x6108, 0x6110, 0x6110, 0x6108, 0x6108, 0x6108, 0x6108, 0x6108, 0x6108, 0x6108, 0x6108, 0x6108, 0x6108, 0x6108, 0x6108, 0x6108,
  0x6108, 0x6108, 0x4108, 0x4100, 0x2000, 0x2158, 0x22D0, 0x42E0, 0x42D0, 0x42D8, 0x42D8, 0x42D8, 0x42D8, 0x62D8, 0x42E8, 0x2198,
  0x2018, 0x4000, 0x4108, 0x6108, 0x8210, 0x8210, 0xA210, 0x8210, 0x8210, 0x8210, 0x8210, 0x8210, 0x8210, 0x8210, 0x8210, 0x8210,
  0x2000, 0x2000, 0x2000, 0x2000, 0x2000, 0x2000, 0x2000, 0x2000, 0x2000, 0x4008, 0x4108, 0x2000, 0x2000, 0x2000, 0x2000, 0x2000,
  0x2000, 0x2000, 0x2000, 0x2000, 0x2000, 0x4108, 0x2000, 0x4008, 0x4008, 0x2000, 0x2000, 0x2000, 0x2000, 0x2000, 0x2008, 0x2000,
  0x4108, 0x2000, 0x4108, 0x4108, 0x4108, 0x4108, 0x4108, 0x4108, 0x4008, 0x4108, 0x4108, 0x4108, 0x4108, 0x2108, 0x4008, 0x2000,
  0x6108, 0x6108, 0x6108, 0x6108, 0x6108, 0x6108, 0x4108, 0x4108, 0x4108, 0x4108, 0x4108, 0x4108, 0x2008, 0x6108, 0x6108, 0x8210,
  0x6108, 0x6108, 0x6108, 0x2008, 0x4108, 0x4108, 0x4108, 0x4108, 0x4108, 0x4008, 0x4108, 0x8210, 0x8210, 0x8110, 0x8210, 0x8210,
  0x4108, 0x4108, 0x4108, 0x4108, 0x4108, 0x4108, 0x4108, 0x2000, 0x6108, 0xA210, 0xA210, 0x8210, 0x6108, 0x8210, 0x4108, 0x4108,
  0x4108, 0x4108, 0x4108, 0x4108, 0x4108, 0x6108, 0xA210, 0x8210, 0x8210, 0x6108, 0x6108, 0x2000, 0x6108, 0x8210, 0xA210, 0xA210,
  0x8210, 0x8210, 0x4108, 0x6108, 0x6108, 0x4108, 0x4108, 0x4108, 0x4108, 0x6108, 0x8210, 0x8210, 0x8210, 0x6108, 0x8210, 0x8210,
  0x6108, 0x6108, 0x6108, 0x6108, 0x6108, 0x6108, 0x4108, 0x8210, 0x8210, 0x8210, 0xA210, 0x8210, 0x8210, 0x4108, 0x4108, 0x4108,
  0x4108, 0x6108, 0x6108, 0x6108, 0x4108, 0x8210, 0x8210, 0x8210, 0x8210, 0x8210, 0x8210, 0x4108, 0x4108, 0x4108, 0x4108, 0x4108,
  0x4108, 0x4108, 0x4108, 0x8210, 0x6108, 0x6108, 0x6108, 0x6108, 0x6108, 0x8210, 0x6108, 0xA210, 0x8210, 0x6110, 0x6108, 0x6108,
  0x8210, 0x4108, 0x6108, 0x6108, 0x6108, 0x4108, 0x4108, 0x6108, 0x6108, 0xA210, 0x8210, 0x8210, 0x8210, 0x6108, 0xA210, 0x4108,
  0x4108, 0x4108, 0x4108, 0x4108, 0x4108, 0x4108, 0x4108, 0x8210, 0x6108, 0x6108, 0x8210, 0x8210, 0x8210, 0x6108, 0x6108, 0x4108,
  0x4108, 0x4108, 0x4108, 0x4108, 0x4008, 0x8210, 0x8210, 0x8210, 0x8210, 0x8210, 0xA210, 0x6108, 0x4108, 0x4108, 0x4108, 0x4108,
  0x4108, 0x4108, 0x4108, 0x8210, 0x8210, 0x6108, 0x4108, 0x6108, 0x4108, 0x2000, 0x6108, 0x6108, 0x6108, 0x6108, 0x4108, 0x4108,
  0x4108, 0x2000, 0x2000, 0x0000, 0x4110, 0xA210, 0x8218, 0x4148, 0x6130, 0x8208, 0x8200, 0x6118, 0x4140, 0x6120, 0x8200, 0x8108,
  0x4138, 0x4138, 0x8208, 0x8210, 0x6128, 0x8118, 0x8108, 0x8218, 0x8118, 0x8210, 0x8208, 0x8110, 0x6110, 0x6110, 0x6108, 0x6108,
  0x6110, 0x6110, 0x6108, 0x6108, 0x6108, 0x6108, 0x6108, 0x6108, 0x6108, 0x6108, 0x6108, 0x6108, 0x6108, 0x6108, 0x6108, 0x6108,
  0x6108, 0x4108, 0x2000, 0x2008, 0x2190, 0x22E8, 0x42D8, 0x42D0, 0x42D8, 0x42D8, 0x42D8, 0x42D8, 0x42E8, 0x42D0, 0x2150, 0x2000,
  0x4100, 0x6110, 0x6110, 0x8210, 0x8210, 0x8210, 0xA210, 0x8210, 0x8210, 0x8210, 0x8210, 0x8210, 0x8210, 0x8210, 0x8210, 0x8210,
  0x2000, 0x2000, 0x2000, 0x2000, 0x2000, 0x2000, 0x0000, 0x2000, 0x2000, 0x2000, 0x2000, 0x2000, 0x2000, 0x2008, 0x2000, 0x2000,
  0x2000, 0x2000, 0x2000, 0x2000, 0x2000, 0x4108, 0x2000, 0x2000, 0x2000, 0x2000, 0x2000, 0x2008, 0x2000, 0x2008, 0x2008, 0x2000,
  0x2000, 0x2000, 0x4108, 0x2000, 0x2000, 0x2000, 0x2000, 0x2000, 0x4108, 0x4108, 0x4108, 0x4108, 0x2008, 0x4108, 0x2000, 0x4108,
  0x4108, 0x4108, 0x4108, 0x4108, 0x2000, 0x6108, 0x4108, 0x4108, 0x4108, 0x4108, 0x4108, 0x4108, 0x4108, 0x6108, 0x4108, 0x4108,
  0x4108, 0x2000, 0x4108, 0x4108, 0x4108, 0x4108, 0x4108, 0x4108, 0x4108, 0x2000, 0x6108, 0x6108, 0x4108, 0x4108, 0x4108, 0x4108,
  0x6108, 0x4108, 0x4108, 0x4108, 0x4108, 0x4108, 0x4108, 0x4108, 0x8210, 0x4108, 0x4108, 0x4108, 0x4108, 0x6108, 0x6108, 0x4108,
  0x4108, 0x4108, 0x4108, 0x4108, 0x4008, 0x6208, 0x6108, 0x6108, 0x6108, 0x4108, 0x4108, 0x6108, 0x6108, 0x4108, 0x6108, 0x6108,
  0x4108, 0x8210, 0x4108, 0x4108, 0x4108, 0x6108, 0x4108, 0x6108, 0x4108, 0x8210, 0x6108, 0x4108, 0x4108, 0x4108, 0x4108, 0x8210,
  0x4108, 0x6108, 0x6108, 0x6108, 0x4108, 0x6108, 0x4108, 0x8210, 0x6108, 0x6108, 0x6108, 0x6108, 0x6108, 0x6108, 0x4108, 0x6108,
  0x6108, 0x6108, 0x6108, 0x6108, 0x4108, 0x8210, 0x6108, 0x6110, 0x6108, 0x6108, 0x6108, 0x6108, 0x4108, 0x6108, 0x6108, 0x6108,
  0x4108, 0x6108, 0x2000, 0x8210, 0x6108, 0x4108, 0x6108, 0x6110, 0x8210, 0x8210, 0x4108, 0x6108, 0x6108, 0x4108, 0x4108, 0x4108,
  0x6108, 0x6108, 0x6108, 0x6108, 0x6108, 0x6108, 0x6108, 0x4108, 0x6108, 0x8210, 0x4108, 0x6108, 0x4108, 0x4108, 0x8210, 0x6108,
  0x4108, 0x6108, 0x6108, 0x4108, 0x4108, 0x4108, 0x2000, 0x6108, 0x4108, 0x6108, 0x8210, 0x6108, 0x8210, 0x6108, 0x4108, 0x4108,
  0x4108, 0x4108, 0x4108, 0x4108, 0x4108, 0xA210, 0x6108, 0x6108, 0x4108, 0x4108, 0x6108, 0x8210, 0x4108, 0x4108, 0x4108, 0x4108,
  0x4108, 0x6108, 0x4108, 0xA210, 0x6210, 0x6108, 0x6108, 0x6108, 0x4108, 0x6108, 0x6110, 0x4008, 0x4108, 0x4108, 0x2000, 0x2000,
  0x2000, 0x2000, 0x2008, 0x8120, 0xA208, 0x6120, 0x2140, 0x6118, 0x8200, 0x8208, 0x6128, 0x4140, 0x6110, 0x8100, 0x6118, 0x4140,
  0x6128, 0x8200, 0x8220, 0x6228, 0x8210, 0x8208, 0x6118, 0x6118, 0x8208, 0x8210, 0x8110, 0x8110, 0x8210, 0x6108, 0x6108, 0x6110,
  0x6110, 0x6108, 0x6108, 0x6108, 0x6108, 0x6108, 0x6108, 0x6108, 0x6108, 0x6108, 0x6108, 0x6108, 0x6108, 0x6108, 0x6108, 0x6108,
  0x4108, 0x2000, 0x0028, 0x22B8, 0x42E8, 0x42D0, 0x42D8, 0x42D8, 0x42D8, 0x42D8, 0x42D8, 0x42E8, 0x21A0, 0x2018, 0x2000, 0x4108,
  0x6108, 0x8210, 0x8210, 0x8210, 0x8210, 0x8210, 0xA210, 0x8210, 0x8210, 0x8210, 0x8210, 0x8210, 0x8210, 0x8210, 0x8210, 0x6108,
  0x2000, 0x2000, 0x2000, 0x2000, 0x2000, 0x2000, 0x2000, 0x2000, 0x2000, 0x2000, 0x2000, 0x2000, 0x2000, 0x2000, 0x2000, 0x2000,
  0x2000, 0x2000, 0x2000, 0x2000, 0x4108, 0x2000, 0x2000, 0x2000, 0x2008, 0x2000, 0x2000, 0x4108, 0x2000, 0x2000, 0x2000, 0x2008,
  0x2000, 0x4108, 0x4108, 0x2000, 0x2000, 0x2000, 0x4008, 0x2000, 0x4108, 0x4108, 0x4108, 0x4108, 0x4108, 0x2008, 0x2000, 0x6108,
  0x4108, 0x4108, 0x4108, 0x4108, 0x2008, 0x4108, 0x4108, 0x4108, 0x4108, 0x4108, 0x4108, 0x2000, 0x6108, 0x4108, 0x4108, 0x4108,
  0x4108, 0x4108, 0x4108, 0x6108, 0x4108, 0x4108, 0x4108, 0x4108, 0x4108, 0x4108, 0x8210, 0x4108, 0x4108, 0x4108, 0x4108, 0x4108,
  0x6108, 0x4108, 0x4108, 0x4108, 0x4108, 0x4108, 0x4108, 0x6108, 0x8110, 0x4108, 0x4108, 0x4108, 0x4108, 0x4108, 0x6108, 0x4108,
  0x4108, 0x4108, 0x4108, 0x4108, 0x4108, 0x8210, 0x4108, 0x4108, 0x4108, 0x4108, 0x2000, 0xA210, 0x6108, 0x4108, 0x4108, 0x4108,
  0x4108, 0x6108, 0x8210, 0x4108, 0x4108, 0x6108, 0x6108, 0x6108, 0x4108, 0xA210, 0x4108, 0x4108, 0x4108, 0x4108, 0x4108, 0x8210,
  0x6108, 0x4108, 0x6108, 0x6108, 0x6108, 0x4108, 0x6108, 0x8210, 0x4108, 0x4108, 0x6108, 0x6108, 0x4108, 0xA210, 0x6108, 0x6108,
  0x6108, 0x6108, 0x6108, 0x2000, 0x6108, 0x6108, 0x4108, 0x6108, 0x4108, 0x4108, 0x4108, 0x8210, 0x4108, 0x6108, 0x6108, 0x4108,
  0x4108, 0x4108, 0x4108, 0x6110, 0x2000, 0x4108, 0x4108, 0x4108, 0x4108, 0x8210, 0x4108, 0x4108, 0x4108, 0x4108, 0x4108, 0x4108,
  0x4108, 0x8210, 0x4108, 0x6108, 0x6108, 0x6108, 0x6108, 0x4108, 0x8210, 0x6108, 0x4108, 0x4108, 0x4108, 0x4108, 0x6108, 0x8210,
  0x4108, 0x6108, 0x6108, 0x4108, 0x4108, 0x2000, 0x6108, 0x6108, 0x4108, 0x4108, 0x6108, 0x4108, 0x6108, 0xA210, 0x4108, 0x4108,
  0x4108, 0x4108, 0x4108, 0x4108, 0x6108, 0x8210, 0x4108, 0x4108, 0x4108, 0x4108, 0x4108, 0x8210, 0x4108, 0x6108, 0x6108, 0x4108,
  0x4108, 0x4108, 0x6108, 0xA210, 0x2000, 0x4108, 0x4108, 0x4108, 0x2000, 0x8210, 0x6108, 0x4108, 0x4108, 0x4108, 0x2008, 0x2000,
  0x0000, 0x4110, 0x8218, 0xA210, 0x4138, 0x4138, 0x6108, 0x8200, 0x8210, 0x4138, 0x4130, 0x8208, 0x8200, 0x4128, 0x2140, 0x6110,
  0x8208, 0x6120, 0x6120, 0x8208, 0x8210, 0x6120, 0x6110, 0x8208, 0x8210, 0x8110, 0x8110, 0x6108, 0x6108, 0x6110, 0x6110, 0x6210,
  0x6108, 0x6108, 0x6108, 0x6108, 0x6108, 0x6108, 0x6108, 0x6108, 0x6108, 0x6108, 0x6108, 0x6108, 0x6108, 0x6108, 0x6108, 0x4108,
  0x2000, 0x0150, 0x22D8, 0x42E0, 0x42D0, 0x42D8, 0x42D8, 0x42D8, 0x62D8, 0x62E8, 0x42D8, 0x2158, 0x2000, 0x4100, 0x4108, 0x6210,
  0x8210, 0xA210, 0x8210, 0x8210, 0x8210, 0x8210, 0xA210, 0x8210, 0x8210, 0x8210, 0x8210, 0x8210, 0x8210, 0x6110, 0x6108, 0x4108,
  0x2000, 0x2000, 0x2000, 0x2000, 0x2000, 0x0000, 0x2000, 0x2000, 0x2000, 0x2000, 0x2000, 0x2000, 0x2000, 0x2000, 0x2000, 0x2000,
  0x2000, 0x2000, 0x2000, 0x2000, 0x2000, 0x2000, 0x2000, 0x2000, 0x2000, 0x2000, 0x2000, 0x4108, 0x2000, 0x2000, 0x4008, 0x4008,
  0x2000, 0x4108, 0x2000, 0x2000, 0x2000, 0x2000, 0x2008, 0x2000, 0x4108, 0x4108, 0x2000, 0x4108, 0x4108, 0x2000, 0x4108, 0x4108,
  0x4108, 0x4108, 0x4108, 0x4108, 0x4108, 0x4008, 0x6108, 0x4108, 0x4108, 0x4108, 0x4108, 0x2000, 0x6108, 0x4000, 0x4108, 0x4108,
  0x4108, 0x4108, 0x4108, 0x6108, 0x4108, 0x2008, 0x2008, 0x4108, 0x2000, 0x6108, 0x4108, 0x4108, 0x4108, 0x4108, 0x4108, 0x4108,
  0x4108, 0x6108, 0x2008, 0x4008, 0x4108, 0x4108, 0x2000, 0x8210, 0x4108, 0x4108, 0x4108, 0x4108, 0x4108, 0x4108, 0x6108, 0x4108,
  0x4108, 0x4108, 0x4108, 0x2000, 0x6108, 0x6108, 0x4108, 0x4108, 0x4108, 0x4108, 0x4108, 0x6108, 0x4108, 0x4108, 0x4108, 0x4108,
  0x4108, 0x4108, 0xA210, 0x6108, 0x4108, 0x4108, 0x6108, 0x2000, 0x8210, 0x6110, 0x4108, 0x6108, 0x6108, 0x4108, 0x4108, 0x6108,
  0x8210, 0x4108, 0x4108, 0x4108, 0x4108, 0x2000, 0x8210, 0x6108, 0x6108, 0x4108, 0x6108, 0x6108, 0x4108, 0x8210, 0x8210, 0x6108,
  0x6108, 0x6108, 0x4108, 0x2000, 0x8210, 0x4108, 0x6108, 0x6108, 0x6108, 0x4108, 0x4108, 0x6108, 0x8110, 0x4108, 0x6108, 0x4108,
  0x4108, 0x2000, 0x8210, 0x6108, 0x4108, 0x6108, 0x4108, 0x6108, 0x4108, 0x6110, 0x6108, 0x4108, 0x4108, 0x4108, 0x6108, 0x4108,
  0x6108, 0xA218, 0x4108, 0x4108, 0x4108, 0x4108, 0x4108, 0x4108, 0x8210, 0x4108, 0x6108, 0x4108, 0x6108, 0x6108, 0x4108, 0x8210,
  0x4108, 0x4108, 0x4108, 0x4108, 0x4108, 0x2000, 0x8210, 0x4108, 0x6108, 0x4108, 0x4108, 0x6108, 0x4108, 0x8210, 0x6108, 0x4108,
  0x4108, 0x4108, 0x4108, 0x2000, 0x8210, 0x4108, 0x4108, 0x4108, 0x4108, 0x6108, 0x4108, 0x6108, 0x8210, 0x4108, 0x4108, 0x4108,
  0x4108, 0x2000, 0x8210, 0x4108, 0x4108, 0x4108, 0x4108, 0x4108, 0x4108, 0x4108, 0x6108, 0x2000, 0x2000, 0x2000, 0x0000, 0x2008,
  0x6120, 0x8210, 0x6118, 0x4138, 0x6120, 0x8208, 0x8200, 0x6120, 0x4138, 0x6118, 0x8200, 0x8210, 0x4130, 0x4128, 0x6100, 0x8110,
  0x6120, 0x6110, 0x8208, 0x8218, 0x6118, 0x6110, 0x8208, 0x8210, 0x8210, 0x8110, 0x6108, 0x6110, 0x6110, 0x6110, 0x6108, 0x6108,
  0x6108, 0x6108, 0x6108, 0x6108, 0x6108, 0x6108, 0x6108, 0x6108, 0x6108, 0x6108, 0x6110, 0x6108, 0x6108, 0x4108, 0x4100, 0x2000,
  0x2180, 0x22E0, 0x42D8, 0x42D8, 0x42D8, 0x42D8, 0x42D8, 0x42E0, 0x42E8, 0x42A0, 0x2020, 0x2000, 0x4108, 0x6110, 0x8210, 0xA210,
  0xA210, 0x8210, 0x8210, 0x8210, 0x8210, 0x8210, 0x8210, 0x8210, 0x8210, 0x8210, 0x8210, 0x8210, 0x6108, 0x6108, 0x4108, 0x4000,
  0x2000, 0x2000, 0x2000, 0x2000, 0x2000, 0x2000, 0x2000, 0x2000, 0x2000, 0x2000, 0x2000, 0x2000, 0x2000, 0x2000, 0x2000, 0x2000,
  0x4008, 0x4108, 0x2000, 0x2008, 0x2000, 0x2000, 0x2000, 0x2000, 0x2000, 0x2000, 0x2000, 0x2000, 0x4108, 0x4108, 0x6108, 0x6108,
  0x4108, 0x4108, 0x2000, 0x2000, 0x2000, 0x2000, 0x2000, 0x2000, 0x2000, 0x6108, 0x6108, 0x6108, 0x6108, 0x6108, 0x6108, 0x4008,
  0x4108, 0x4108, 0x4108, 0x4108, 0x4108, 0x4108, 0x4108, 0x6108, 0x6108, 0x6108, 0x4108, 0x6108, 0x4108, 0x4108, 0x4108, 0x4108,
  0x4108, 0x4108, 0x4108, 0x4108, 0x6110, 0x6108, 0x6108, 0x4108, 0x6108, 0x6108, 0x4108, 0x4108, 0x4108, 0x4108, 0x4108, 0x4108,
  0x4108, 0x6108, 0x6108, 0x6108, 0x6108, 0x6108, 0x8210, 0x6108, 0x4108, 0x4108, 0x4108, 0x4108, 0x4108, 0x4108, 0x4108, 0x6108,
  0x6108, 0x6108, 0x8110, 0x6108, 0x6110, 0x4108, 0x4108, 0x4108, 0x4108, 0x4108, 0x6108, 0x4108, 0x4108, 0x4108, 0x4108, 0x4108,
  0x4108, 0x4108, 0x6108, 0x8210, 0x8110, 0x8110, 0x6108, 0x4108, 0x8110, 0x4108, 0x6108, 0x6108, 0x6108, 0x6108, 0x6108, 0x4108,
  0x8210, 0x8210, 0x6108, 0x6108, 0x6108, 0x8210, 0x8210, 0x6108, 0x6108, 0x6108, 0x6108, 0x6108, 0x6108, 0x6108, 0x8210, 0x6108,
  0x6108, 0x6108, 0x4108, 0x6210, 0x6108, 0x4108, 0x6108, 0x4108, 0x4108, 0x4108, 0x4108, 0x4108, 0x8210, 0x6108, 0x6108, 0x6108,
  0x6108, 0x6108, 0x8210, 0x6108, 0x6108, 0x6108, 0x6108, 0x6108, 0x6108, 0x4108, 0x8210, 0x4108, 0x6108, 0x6108, 0x6108, 0x6108,
  0x8210, 0x8110, 0x8210, 0x6108, 0x6108, 0x6108, 0x4108, 0xA210, 0x6108, 0x6108, 0x6108, 0x6108, 0x6108, 0x6108, 0x4108, 0x6108,
  0x8210, 0x4108, 0x6108, 0x6108, 0x4108, 0x8210, 0x6108, 0x6108, 0x6108, 0x4108, 0x4108, 0x4108, 0x4108, 0x4108, 0x8210, 0x6108,
  0x6108, 0x6108, 0x4108, 0x6108, 0x6108, 0x4108, 0x4108, 0x4108, 0x6108, 0x4108, 0x4108, 0x4108, 0x8210, 0x6108, 0x6108, 0x6108,
  0x4108, 0x4108, 0x8210, 0x4108, 0x4108, 0x4108, 0x4108, 0x4108, 0x4108, 0x2000, 0x4108, 0x2000, 0x2000, 0x0000, 0x2008, 0x6228,
  0x8210, 0x4128, 0x4140, 0x6110, 0x8200, 0x8108, 0x4130, 0x4138, 0x6110, 0x8200, 0x6120, 0x6148, 0x4118, 0x6100, 0x6120, 0x6128,
  0x6108, 0x8108, 0x6118, 0x6118, 0x6108, 0x8210, 0x8210, 0x8110, 0x8210, 0x8208, 0x6110, 0x6110, 0x6108, 0x6108, 0x6108, 0x6108,
  0x6108, 0x6108, 0x6108, 0x6108, 0x6108, 0x6108, 0x6108, 0x6108, 0x6108, 0x6108, 0x6108, 0x6108, 0x4108, 0x2000, 0x2020, 0x21B0,
  0x42E8, 0x42D0, 0x42D8, 0x42D8, 0x42D8, 0x42D8, 0x42E8, 0x42D8, 0x2158, 0x2000, 0x4100, 0x4108, 0x8210, 0xA210, 0xA210, 0xA210,
  0xA210, 0x8210, 0x8210, 0x8210, 0x8210, 0x8210, 0x8210, 0x8210, 0x8210, 0x8210, 0x8110, 0x6108, 0x4108, 0x4100, 0x4108, 0x2028,
  0x2000, 0x2000, 0x2000, 0x2000, 0x2000, 0x0000, 0x2000, 0x2000, 0x2000, 0x2000, 0x2000, 0x2000, 0x2000, 0x2000, 0x2000, 0x2000,
  0x2000, 0x2000, 0x2000, 0x2000, 0x2000, 0x2000, 0x2000, 0x2000, 0x2000, 0x4008, 0x2000, 0x4108, 0x2000, 0x2000, 0x2000, 0x2000,
  0x2000, 0x4108, 0x2000, 0x2008, 0x4108, 0x4108, 0x4008, 0x2000, 0x2000, 0x4108, 0x4108, 0x4108, 0x4108, 0x2008, 0x6108, 0x4108,
  0x4108, 0x4108, 0x4108, 0x4108, 0x4108, 0x2000, 0x6108, 0x4108, 0x4108, 0x4108, 0x4008, 0x4108, 0x4108, 0x4108, 0x4108, 0x4108,
  0x4108, 0x4108, 0x4108, 0x4108, 0x6110, 0x4108, 0x4108, 0x6108, 0x6108, 0x6108, 0x4108, 0x4108, 0x4108, 0x4108, 0x4108, 0x4108,
  0x2000, 0x6108, 0x6108, 0x6108, 0x6108, 0x4108, 0x6108, 0x4108, 0x4108, 0x4108, 0x4108, 0x4108, 0x4108, 0x4108, 0x4108, 0x8210,
  0x6108, 0x6108, 0x6108, 0x6108, 0x6108, 0x4108, 0x4108, 0x4108, 0x4108, 0x4108, 0x6108, 0x6108, 0x4108, 0x4108, 0x4108, 0x4108,
  0x4108, 0x4108, 0x4108, 0x8210, 0x6108, 0x6108, 0x6108, 0x4108, 0x6108, 0x4108, 0x6108, 0x6108, 0x6108, 0x6108, 0x6108, 0x4108,
  0x8210, 0xA210, 0x6108, 0x6108, 0x6108, 0x8210, 0x6108, 0x6108, 0x6108, 0x6108, 0x6108, 0x6108, 0x6108, 0x4108, 0xA210, 0x8210,
  0x8210, 0x8210, 0x6110, 0xA210, 0x6108, 0x6108, 0x6108, 0x4108, 0x4108, 0x4108, 0x6108, 0x4108, 0x8210, 0x8210, 0x8210, 0x8110,
  0x8210, 0xA210, 0x6108, 0x4108, 0x6108, 0x6108, 0x6108, 0x6108, 0x6108, 0x4108, 0x8210, 0x8210, 0x8210, 0x8210, 0xA210, 0xA210,
  0x8210, 0x4108, 0xA210, 0x6110, 0x8210, 0x8210, 0x6210, 0xA210, 0x6108, 0x6108, 0x6108, 0x6108, 0x6108, 0x6108, 0x4108, 0x6108,
  0xA210, 0x6108, 0x6108, 0x6108, 0x6108, 0x8210, 0x4108, 0x6108, 0x6108, 0x4108, 0x4108, 0x4108, 0x4108, 0x2000, 0x8210, 0x8210,
  0xA210, 0xA210, 0x8210, 0x8210, 0x4108, 0x4108, 0x4108, 0x6108, 0x6108, 0x6108, 0x6108, 0x4108, 0x8210, 0x8210, 0x8210, 0x8210,
  0x6108, 0x8210, 0x6108, 0x4108, 0x4108, 0x4108, 0x4108, 0x4108, 0x4108, 0x2000, 0x2000, 0x2000, 0x2000, 0x4118, 0x8218, 0x8210,
  0x4140, 0x6130, 0x8208, 0x8200, 0x6110, 0x4138, 0x4128, 0x8200, 0x8108, 0x4130, 0x4140, 0x8208, 0x8108, 0x6130, 0x8220, 0x8208,
  0x8210, 0x8120, 0x6110, 0x6108, 0x6108, 0x6110, 0x8110, 0x8210, 0x8210, 0x8210, 0x6210, 0x8210, 0x6108, 0x6108, 0x6108, 0x6108,
  0x6108, 0x6108, 0x6108, 0x6108, 0x6108, 0x6108, 0x6108, 0x6108, 0x6108, 0x6108, 0x6108, 0x4108, 0x2000, 0x2148, 0x22D0, 0x42E0,
  0x42D0, 0x42D8, 0x42D8, 0x42D8, 0x42E0, 0x42E8, 0x21A8, 0x2020, 0x4000, 0x4108, 0x6110, 0x8210, 0xA210, 0xA210, 0xA210, 0xA210,
  0x8210, 0x8210, 0x8210, 0x8210, 0x8210, 0x8210, 0x8210, 0x8210, 0x8210, 0x6108, 0x4108, 0x4108, 0x4100, 0x4120, 0x2138, 0x4118,
  0x2000, 0x2000, 0x2000, 0x2000, 0x2000, 0x2000, 0x2000, 0x2000, 0x2000, 0x2000, 0x2000, 0x2000, 0x2000, 0x2000, 0x2000, 0x2000,
  0x2000, 0x2000, 0x2000, 0x2000, 0x4108, 0x2000, 0x2000, 0x2000, 0x2000, 0x2000, 0x2000, 0x4108, 0x2000, 0x4008, 0x2000, 0x2000,
  0x2000, 0x4108, 0x4108, 0x4008, 0x4108, 0x4108, 0x4108, 0x2000, 0x4108, 0x4108, 0x4008, 0x4108, 0x4108, 0x2000, 0x4108, 0x6108,
  0x4108, 0x4108, 0x4108, 0x4108, 0x4108, 0x2008, 0x6108, 0x4108, 0x4108, 0x4108, 0x4008, 0x2008, 0x6108, 0x4108, 0x4108, 0x4108,
  0x4108, 0x4108, 0x2000, 0x6108, 0x4108, 0x2000, 0x4108, 0x4108, 0x4008, 0x6108, 0x6108, 0x4108, 0x4108, 0x4108, 0x4108, 0x4108,
  0x2000, 0x8210, 0x4108, 0x4108, 0x4108, 0x4108, 0x2000, 0x6108, 0x4008, 0x4108, 0x4108, 0x4108, 0x4108, 0x2000, 0x6108, 0x6108,
  0x4108, 0x4108, 0x4108, 0x2000, 0x6108, 0x4108, 0x4108, 0x4108, 0x4108, 0x4108, 0x4108, 0x4108, 0x4108, 0x4108, 0x4108, 0x4108,
  0x4108, 0x2000, 0x8210, 0x6108, 0x4108, 0x4108, 0x4108, 0x2000, 0x6108, 0x4108, 0x4108, 0x6108, 0x6108, 0x6108, 0x6108, 0x4108,
  0xA210, 0x4108, 0x4108, 0x4108, 0x4108, 0x4108, 0x8210, 0x6108, 0x6108, 0x6108, 0x6108, 0x6108, 0x4108, 0x6108, 0x8210, 0x2008,
  0x4108, 0x4108, 0x4108, 0x6108, 0x8210, 0x4108, 0x6108, 0x4108, 0x4108, 0x4108, 0x4108, 0x6108, 0x8210, 0x4108, 0x4108, 0x4108,
  0x4108, 0x4108, 0x8210, 0x4108, 0x4108, 0x4108, 0x4108, 0x4108, 0x4108, 0x4108, 0x8210, 0x6108, 0x6108, 0x4108, 0x4108, 0x4008,
  0x4108, 0x8210, 0x4108, 0x4108, 0x4108, 0x4108, 0x2008, 0x6108, 0x8210, 0x4108, 0x6108, 0x6108, 0x6108, 0x6108, 0x4108, 0x8210,
  0x6108, 0x2000, 0x2000, 0x2000, 0x2000, 0x6108, 0x8210, 0x4108, 0x6108, 0x4108, 0x4108, 0x4108, 0x4108, 0x4108, 0x8210, 0x4108,
  0x4108, 0x4108, 0x4108, 0x4108, 0x8210, 0x4008, 0x4108, 0x6108, 0x6108, 0x6108, 0x4108, 0x4108, 0x8210, 0x2000, 0x4108, 0x4108,
  0x4108, 0x4000, 0x8210, 0x4108, 0x4108, 0x4108, 0x4108, 0x4108, 0x2000, 0x0000, 0x2000, 0x2000, 0x6118, 0x8210, 0x6118, 0x2138,
  0x6220, 0x8200, 0x8208, 0x6120, 0x4138, 0x6118, 0x8100, 0x8110, 0x4138, 0x4128, 0x8200, 0x8210, 0x6128, 0x6218, 0x8208, 0x8218,
  0x6118, 0x8210, 0x8208, 0x6110, 0x6110, 0x6110, 0x8108, 0x8210, 0x8210, 0x8110, 0x8108, 0x6108, 0x6108, 0x6108, 0x6108, 0x6108,
  0x6108, 0x6108, 0x6108, 0x6108, 0x6108, 0x6108, 0x6108, 0x6108, 0x4108, 0x4108, 0x4100, 0x2000, 0x2180, 0x42E8, 0x42D8, 0x42D8,
  0x42D8, 0x42D8, 0x42D0, 0x42E8, 0x42D8, 0x2160, 0x2000, 0x4100, 0x6110, 0x8210, 0xA210, 0xA210, 0xA210, 0xA210, 0xA210, 0xA210,
  0x8210, 0xA210, 0xA210, 0xA210, 0x8210, 0x8210, 0x8210, 0x6110, 0x6108, 0x4108, 0x4100, 0x4108, 0x2030, 0x4130, 0x4108, 0x6100,
  0x2000, 0x2000, 0x2000, 0x2000, 0x2000, 0x2000, 0x2000, 0x2000, 0x2000, 0x2000, 0x2000, 0x2000, 0x2000, 0x2000, 0x2000, 0x2000,
  0x2000, 0x2000, 0x2000, 0x2000, 0x2000, 0x2000, 0x2000, 0x2000, 0x2000, 0x0000, 0x2000, 0x4108, 0x2000, 0x2000, 0x2000, 0x2000,
  0x2000, 0x4008, 0x4108, 0x2008, 0x4108, 0x4108, 0x4000, 0x2000, 0x6108, 0x4008, 0x4108, 0x2008, 0x2008, 0x4108, 0x2008, 0x6108,
  0x4008, 0x4008, 0x4008, 0x4108, 0x2000, 0x6108, 0x4108, 0x4108, 0x4008, 0x4108, 0x4108, 0x2000, 0x6108, 0x4108, 0x4008, 0x4108,
  0x4108, 0x2000, 0x4108, 0x6108, 0x2000, 0x4108, 0x4108, 0x4108, 0x4108, 0x4108, 0x6108, 0x2008, 0x4108, 0x4108, 0x4108, 0x2000,
  0x6108, 0x4108, 0x4108, 0x4108, 0x4108, 0x4108, 0x2008, 0x6108, 0x4108, 0x4008, 0x4108, 0x4108, 0x4108, 0x2000, 0x6108, 0x4108,
  0x4108, 0x4108, 0x4108, 0x4108, 0x6108, 0x6108, 0x4108, 0x4108, 0x4108, 0x4108, 0x2000, 0x8210, 0x4108, 0x4108, 0x6108, 0x6108,
  0x4108, 0x4108, 0x8210, 0x4108, 0x6108, 0x4108, 0x4108, 0x4108, 0x4108, 0x6108, 0x4108, 0x4108, 0x6108, 0x6108, 0x2000, 0x6108,
  0x6108, 0x4108, 0x6108, 0x6108, 0x6108, 0x4108, 0x8210, 0x6110, 0x6108, 0x6108, 0x6108, 0x6108, 0x2000, 0x8210, 0x4108, 0x4108,
  0x4108, 0x6108, 0x6108, 0x4108, 0x8210, 0x4108, 0x4108, 0x6108, 0x6108, 0x6108, 0x2000, 0x8108, 0x6108, 0x4108, 0x4108, 0x4108,
  0x6108, 0x4108, 0x6108, 0x6108, 0x4108, 0x6108, 0x6108, 0x4108, 0x2000, 0x4108, 0x8210, 0x4108, 0x6108, 0x6108, 0x6108, 0x4008,
  0x4108, 0xA210, 0x4108, 0x6108, 0x6108, 0x6108, 0x4108, 0x4108, 0x8210, 0x4108, 0x4108, 0x6108, 0x6108, 0x4108, 0x2000, 0x8210,
  0x4108, 0x4108, 0x4108, 0x4108, 0x4108, 0x4108, 0x8210, 0x4108, 0x6108, 0x6108, 0x6108, 0x6108, 0x2000, 0x8210, 0x4108, 0x4108,
  0x4108, 0x4108, 0x6108, 0x4108, 0x8210, 0x6108, 0x4108, 0x6108, 0x6108, 0x6108, 0x2000, 0x8210, 0x4108, 0x4108, 0x4108, 0x4108,
  0x4108, 0x2000, 0x6108, 0x6108, 0x4108, 0x4108, 0x2008, 0x2000, 0x0000, 0x0000, 0x4118, 0x6128, 0x8210, 0x4130, 0x4138, 0x6110,
  0x8200, 0x6108, 0x4138, 0x6130, 0x8208, 0x8200, 0x4120, 0x4138, 0x8218, 0x8200, 0x6128, 0x6120, 0x6108, 0x8108, 0x4118, 0x6110,
  0x8208, 0x8110, 0x6110, 0x6110, 0x6108, 0x6108, 0x8110, 0x6110, 0x6108, 0x6108, 0x6108, 0x6108, 0x6108, 0x6108, 0x6108, 0x6108,
  0x6108, 0x6108, 0x6108, 0x6108, 0x6108, 0x6108, 0x6108, 0x4108, 0x4108, 0x2000, 0x0020, 0x21B0, 0x42E8, 0x42D8, 0x42D8, 0x42D8,
  0x42D8, 0x42D8, 0x42E8, 0x42A8, 0x2020, 0x4000, 0x6108, 0x6110, 0x8210, 0xA210, 0xA210, 0xA210, 0xA210, 0xA210, 0xA210, 0xA210,
  0xA210, 0xA210, 0xA210, 0xA210, 0xA210, 0x8210, 0x6108, 0x4108, 0x4108, 0x4100, 0x2018, 0x2038, 0x4120, 0x6100, 0x6108, 0x4108,
  0x2000, 0x2000, 0x2000, 0x2000, 0x2000, 0x2000, 0x2000, 0x2000, 0x2000, 0x2000, 0x2000, 0x2000, 0x2000, 0x2000, 0x2000, 0x2000,
  0x2000, 0x2000, 0x2000, 0x2000, 0x2000, 0x4108, 0x4108, 0x4108, 0x4008, 0x2000, 0x4108, 0x2000, 0x2000, 0x2000, 0x2000, 0x2000,
  0x2000, 0x2000, 0x4108, 0x4108, 0x4108, 0x4108, 0x4108, 0x4108, 0x4108, 0x2000, 0x2008, 0x2008, 0x4008, 0x4108, 0x2000, 0x4108,
  0x4108, 0x4108, 0x4108, 0x4108, 0x4108, 0x6108, 0x4000, 0x4108, 0x4008, 0x4108, 0x4108, 0x2008, 0x4108, 0x6108, 0x4108, 0x4108,
  0x4108, 0x4108, 0x6108, 0x4108, 0x4108, 0x4108, 0x4108, 0x4108, 0x4108, 0x4008, 0x6108, 0x4108, 0x4108, 0x4108, 0x4108, 0x4108,
  0x6108, 0x4108, 0x4108, 0x4108, 0x4108, 0x4108, 0x4108, 0x4108, 0x6110, 0x4108, 0x4108, 0x4108, 0x2000, 0x6108, 0x6108, 0x4108,
  0x4108, 0x4108, 0x4108, 0x4108, 0x4108, 0x8210, 0x4108, 0x4108, 0x4108, 0x4008, 0x4108, 0x6110, 0x6108, 0x4108, 0x6108, 0x6108,
  0x4108, 0x8210, 0x4108, 0x4108, 0x4108, 0x4108, 0x4108, 0x4108, 0x4108, 0x8210, 0x6108, 0x4108, 0x4108, 0x6108, 0x4108, 0x8210,
  0x4108, 0x6108, 0x6108, 0x6108, 0x6108, 0x4108, 0x6108, 0xA210, 0x4108, 0x4108, 0x6108, 0x4108, 0x6108, 0x8210, 0x4108, 0x6108,
  0x4108, 0x6108, 0x6108, 0x4108, 0x6108, 0x8210, 0x4108, 0x4108, 0x4108, 0x4108, 0x4108, 0x8210, 0x4108, 0x4108, 0x4108, 0x4108,
  0x6108, 0x4108, 0x6108, 0x8210, 0x4108, 0x6108, 0x4108, 0x4108, 0x2000, 0x6110, 0xA210, 0x6108, 0x6108, 0x6108, 0x6108, 0x2000,
  0x8210, 0x6108, 0x6108, 0x6108, 0x6108, 0x4108, 0x4108, 0x4108, 0x8210, 0x6108, 0x2000, 0x4108, 0x4108, 0x2000, 0x8210, 0x6108,
  0x4108, 0x4108, 0x4108, 0x4108, 0x4108, 0x4108, 0x6108, 0x6108, 0x2000, 0x4108, 0x6108, 0x4108, 0x6108, 0x8210, 0x4108, 0x4108,
  0x4108, 0x4108, 0x4108, 0x4108, 0x6108, 0xA210, 0x4108, 0x4108, 0x4108, 0x4008, 0x4108, 0xA210, 0x4108, 0x4108, 0x4108, 0x4108,
  0x4108, 0x4108, 0x4108, 0x6110, 0x2000, 0x2000, 0x2000, 0x2000, 0x0000, 0x6118, 0xA218, 0x8118, 0x4138, 0x6130, 0x8208, 0x8100,
  0x6118, 0x4140, 0x6120, 0x8200, 0x8208, 0x4130, 0x4130, 0x8108, 0x8210, 0x6128, 0x6118, 0x6108, 0x6110, 0x6118, 0x6110, 0x6108,
  0x8210, 0x6110, 0x6110, 0x6108, 0x6110, 0x6110, 0x6110, 0x6108, 0x6108, 0x6108, 0x6108, 0x6108, 0x6108, 0x6108, 0x6108, 0x6108,
  0x6108, 0x6108, 0x6108, 0x6108, 0x6108, 0x6108, 0x4108, 0x4108, 0x2000, 0x0048, 0x22D0, 0x42E8, 0x42D0, 0x42D8, 0x42D8, 0x42D0,
  0x42E0, 0x42E0, 0x2170, 0x2000, 0x4100, 0x6110, 0x8210, 0xA210, 0xA210, 0xA210, 0xA210, 0xA210, 0xA210, 0xA210, 0xA210, 0xA210,
  0xA210, 0xA210, 0xA210, 0xA210, 0x8210, 0x6108, 0x4108, 0x2000, 0x4100, 0x2030, 0x2038, 0x6108, 0x6108, 0x6108, 0x6108, 0x4108,
  0x2000, 0x2000, 0x2000, 0x2000, 0x2000, 0x2000, 0x2000, 0x2000, 0x2000, 0x2000, 0x2000, 0x2000, 0x2000, 0x2000, 0x2000, 0x2000,
  0x2000, 0x2000, 0x2000, 0x2000, 0x2000, 0x4100, 0x4108, 0x4108, 0x4108, 0x2000, 0x4008, 0x2000, 0x2000, 0x2000, 0x2000, 0x2000,
  0x2000, 0x2000, 0x4108, 0x4108, 0x4108, 0x4108, 0x4108, 0x4108, 0x4108, 0x2000, 0x2008, 0x2000, 0x2008, 0x4008, 0x2000, 0x2008,
  0x6108, 0x4108, 0x4108, 0x4108, 0x4108, 0x4108, 0x2008, 0x4108, 0x2008, 0x4108, 0x4108, 0x4108, 0x2000, 0x6108, 0x6108, 0x6108,
  0x6108, 0x4108, 0x6108, 0x4008, 0x4108, 0x4108, 0x4108, 0x4108, 0x4108, 0x2000, 0x4108, 0x8210, 0x6108, 0x8210, 0x6108, 0x8110,
  0x4108, 0x4108, 0x4108, 0x4108, 0x4108, 0x4108, 0x4108, 0x4108, 0x6108, 0x8110, 0x6108, 0x6108, 0x6108, 0x8210, 0x4108, 0x4108,
  0x4108, 0x4108, 0x4108, 0x4108, 0x4108, 0x8210, 0xA210, 0x8210, 0x8210, 0x6108, 0x8210, 0x4108, 0x8210, 0x8210, 0x8210, 0x8210,
  0x8210, 0x8210, 0x4108, 0x4108, 0x4108, 0x4108, 0x4108, 0x4108, 0x4108, 0x6108, 0xA210, 0x8210, 0x6108, 0x8210, 0x8210, 0x6108,
  0x4108, 0x4108, 0x6108, 0x6108, 0x6108, 0x6108, 0x2000, 0xA210, 0xA210, 0x8210, 0x8210, 0xA210, 0xA210, 0x4108, 0x6108, 0x6108,
  0x6108, 0x6108, 0x6108, 0x4108, 0x4108, 0xA210, 0xA210, 0x8210, 0x8210, 0x8210, 0xA210, 0x6108, 0x4108, 0x4108, 0x4108, 0x4108,
  0x4108, 0x4108, 0x4108, 0x6108, 0x4108, 0x4108, 0x4108, 0x2008, 0x4108, 0x6108, 0x6108, 0xA210, 0x8210, 0x8210, 0x8210, 0x6108,
  0xA210, 0x4108, 0x6108, 0x6108, 0x6108, 0x6108, 0x4108, 0x4108, 0x4108, 0xA210, 0x8210, 0x8210, 0x8210, 0x8210, 0xA210, 0x4108,
  0x4108, 0x4108, 0x4108, 0x4108, 0x4108, 0x4108, 0x2000, 0x8210, 0x8210, 0x8210, 0xA210, 0x8210, 0xA210, 0x4108, 0x4108, 0x4108,
  0x4108, 0x4108, 0x4108, 0x6108, 0x4108, 0xA210, 0xA210, 0x8110, 0x6110, 0x6108, 0xA210, 0x6108, 0x4108, 0x4108, 0x4108, 0x4108,
  0x4108, 0x4108, 0x2000, 0x4108, 0x4108, 0x4108, 0x2000, 0x4108, 0x6120, 0x8210, 0x6120, 0x2140, 0x8220, 0xA200, 0x8108, 0x4128,
  0x4140, 0x8210, 0x8200, 0x6118, 0x4140, 0x6120, 0x8200, 0x6120, 0x6128, 0x6110, 0x8108, 0x6118, 0x6118, 0x8208, 0x6110, 0x6110,
  0x6110, 0x8110, 0x6108, 0x8110, 0x6110, 0x8210, 0x6108, 0x6108, 0x6108, 0x6108, 0x6108, 0x6108, 0x6108, 0x6108, 0x6108, 0x6108,
  0x6108, 0x6108, 0x6108, 0x6108, 0x4108, 0x4108, 0x4000, 0x2000, 0x2180, 0x22E8, 0x42D8, 0x42D0, 0x42D8, 0x42D8, 0x42D8, 0x42E8,
  0x22B8, 0x2130, 0x2000, 0x4108, 0x6110, 0x8210, 0xA210, 0xA210, 0xA210, 0xA210, 0x8210, 0xA210, 0x8210, 0xA210, 0xA210, 0xA210,
  0xA210, 0xA210, 0x8210, 0x6108, 0x4108, 0x4108, 0x2000, 0x2010, 0x2030, 0x4120, 0x6100, 0x6108, 0x6108, 0x6108, 0x6108, 0x4108,
  0x2000, 0x2000, 0x2000, 0x2000, 0x2000, 0x2000, 0x0000, 0x2000, 0x2000, 0x2000, 0x2000, 0x2000, 0x2000, 0x2000, 0x2000, 0x2000,
  0x2000, 0x2000, 0x2000, 0x2000, 0x2000, 0x2000, 0x2000, 0x2000, 0x2000, 0x2000, 0x4108, 0x2008, 0x2000, 0x2000, 0x2000, 0x4008,
  0x2000, 0x2000, 0x4108, 0x2000, 0x2000, 0x2000, 0x2000, 0x2000, 0x4108, 0x2000, 0x2008, 0x2008, 0x4008, 0x4108, 0x2000, 0x6108,
  0x4108, 0x2008, 0x2008, 0x2008, 0x2000, 0x6108, 0x4108, 0x4108, 0x4108, 0x4108, 0x4108, 0x2000, 0x4108, 0x6108, 0x2000, 0x2000,
  0x4108, 0x2000, 0x4108, 0x4108, 0x4108, 0x4108, 0x4108, 0x4108, 0x4108, 0x2000, 0x6108, 0x4108, 0x4108, 0x4108, 0x4108, 0x2008,
  0x6108, 0x4108, 0x4108, 0x4108, 0x4108, 0x4108, 0x4108, 0x4108, 0x8210, 0x4008, 0x4108, 0x4108, 0x2000, 0x4108, 0x6108, 0x4108,
  0x4108, 0x4108, 0x4108, 0x4108, 0x4108, 0x8210, 0x4108, 0x4108, 0x4108, 0x4108, 0x4108, 0x8210, 0x6108, 0x4008, 0x4108, 0x4108,
  0x2000, 0x8210, 0x6108, 0x4108, 0x4108, 0x4108, 0x4108, 0x6108, 0x4108, 0x8210, 0x6108, 0x4108, 0x4108, 0x4108, 0x2000, 0x8210,
  0x4108, 0x4108, 0x6108, 0x6108, 0x6108, 0x4108, 0x2000, 0x8210, 0x4108, 0x4108, 0x6108, 0x4108, 0x6108, 0x6108, 0x4108, 0x6108,
  0x6108, 0x6108, 0x4108, 0x4108, 0x4108, 0x8210, 0x6108, 0x6108, 0x4108, 0x4108, 0x4108, 0x8210, 0x4108, 0x4108, 0x4108, 0x6108,
  0x4108, 0x6108, 0x4108, 0x8210, 0x6108, 0x4108, 0x4108, 0x4108, 0x6108, 0x8210, 0x6108, 0x4108, 0x4108, 0x4108, 0x4108, 0x4108,
  0x8210, 0x6108, 0x4108, 0x4108, 0x4108, 0x4108, 0x4108, 0x4108, 0x6108, 0x8210, 0x4108, 0x4108, 0x4108, 0x2000, 0x6108, 0x6108,
  0x4108, 0x4108, 0x4108, 0x4108, 0x4108, 0x4108, 0x4108, 0x8210, 0x4108, 0x6108, 0x6108, 0x4108, 0x6108, 0x6108, 0x4108, 0x4108,
  0x4108, 0x4108, 0x4108, 0x4108, 0x4108, 0x8210, 0x4108, 0x4108, 0x4108, 0x4108, 0x6108, 0x6108, 0x4108, 0x4108, 0x4108, 0x4108,
  0x4108, 0x2008, 0x2000, 0x4108, 0x2000, 0x0000, 0x4118, 0x8118, 0x8108, 0x4138, 0x4138, 0x6108, 0x8100, 0x8110, 0x4138, 0x4130,
  0x8208, 0xA208, 0x6128, 0x4138, 0x8210, 0x8208, 0x6120, 0x6120, 0x8208, 0x8210, 0x6118, 0x6110, 0x8108, 0x8210, 0x6110, 0x6110,
  0x8208, 0x8210, 0x6110, 0x6110, 0x6108, 0x6108, 0x6108, 0x6108, 0x6108, 0x6108, 0x6108, 0x6108, 0x6108, 0x6108, 0x6108, 0x6108,
  0x6108, 0x6108, 0x6108, 0x4108, 0x4108, 0x2000, 0x2020, 0x21A8, 0x22E8, 0x42D8, 0x42D8, 0x42D8, 0x42D0, 0x42E0, 0x42E0, 0x4180,
  0x2008, 0x4100, 0x4108, 0x6108, 0x8210, 0x8210, 0xA210, 0xA210, 0xA210, 0xA210, 0xA210, 0xA210, 0xA210, 0xA210, 0xA210, 0xA210,
  0xA210, 0x8210, 0x6108, 0x4108, 0x2000, 0x2000, 0x0020, 0x2130, 0x6110, 0x6100, 0x6108, 0x6108, 0x6108, 0x6108, 0x6108, 0x4108,
  0x2000, 0x2000, 0x2000, 0x2000, 0x2000, 0x2000, 0x2000, 0x2000, 0x2000, 0x2000, 0x2000, 0x2000, 0x2000, 0x2000, 0x2000, 0x2000,
  0x2000, 0x2000, 0x2000, 0x2000, 0x4108, 0x2000, 0x2000, 0x2000, 0x2000, 0x2000, 0x2000, 0x4108, 0x2000, 0x2008, 0x2008, 0x4108,
  0x2000, 0x4108, 0x4108, 0x4008, 0x2100, 0x4008, 0x2008, 0x2000, 0x4108, 0x4108, 0x2008, 0x4008, 0x4108, 0x2000, 0x4108, 0x6108,
  0x2000, 0x4108, 0x4008, 0x4108, 0x2000, 0x4108, 0x4108, 0x2008, 0x4108, 0x4108, 0x4108, 0x2000, 0x6108, 0x4108, 0x4108, 0x4108,
  0x4108, 0x4108, 0x4108, 0x6108, 0x2100, 0x4108, 0x4108, 0x4108, 0x2000, 0x4108, 0x6108, 0x4108, 0x4108, 0x4108, 0x4108, 0x4008,
  0x6108, 0x6108, 0x4108, 0x4108, 0x4108, 0x4108, 0x2000, 0x6110, 0x6108, 0x4108, 0x4108, 0x4108, 0x4108, 0x2000, 0x6108, 0x4108,
  0x4108, 0x4108, 0x4108, 0x4108, 0x6108, 0x8210, 0x4108, 0x4108, 0x4108, 0x4108, 0x4108, 0x8210, 0x4108, 0x4108, 0x4108, 0x4108,
  0x4108, 0x6108, 0x8210, 0x4108, 0x6108, 0x4108, 0x6108, 0x4108, 0x4108, 0x8210, 0x4108, 0x6108, 0x6108, 0x4108, 0x4108, 0x6108,
  0x4108, 0x4108, 0x4108, 0x4108, 0x6108, 0x2000, 0x6108, 0x8110, 0x4108, 0x6108, 0x6108, 0x6108, 0x4108, 0x8210, 0x4108, 0x4108,
  0x6108, 0x6108, 0x6108, 0x2000, 0x8210, 0x6108, 0x6108, 0x6108, 0x6108, 0x4108, 0x4008, 0x6108, 0x4108, 0x4108, 0x4108, 0x6108,
  0x6108, 0x4108, 0x6108, 0x8210, 0x6108, 0x6110, 0x8110, 0x6108, 0x6108, 0x8210, 0x4108, 0x4108, 0x4108, 0x6108, 0x6108, 0x6108,
  0x4108, 0x6110, 0x4108, 0x4108, 0x4108, 0x4108, 0x6108, 0x4108, 0xA210, 0x6108, 0x4108, 0x4108, 0x4108, 0x4108, 0x4108, 0x8210,
  0x4108, 0x4108, 0x4108, 0x4108, 0x4108, 0x2000, 0x8210, 0x6108, 0x4108, 0x4108, 0x4108, 0x4108, 0x4108, 0x8210, 0x4108, 0x6108,
  0x4108, 0x4108, 0x4108, 0x2000, 0x8210, 0x6108, 0x4108, 0x4108, 0x4108, 0x4108, 0x2000, 0x6108, 0x2108, 0x4108, 0x4108, 0x4108,
  0x2000, 0x2000, 0x2000, 0x2000, 0x2000, 0x6118, 0x8218, 0x6118, 0x2140, 0x6128, 0x8100, 0x8100, 0x4120, 0x4140, 0x6220, 0xA200,
  0x8210, 0x4140, 0x4128, 0x8200, 0x8218, 0x4128, 0x6110, 0x8208, 0x8118, 0x6118, 0x6110, 0x8208, 0x8210, 0x8218, 0x8110, 0x8208,
  0x8210, 0x6110, 0x6110, 0x6108, 0x6108, 0x6108, 0x6108, 0x6108, 0x6108, 0x6108, 0x6108, 0x6108, 0x6108, 0x6108, 0x6108, 0x6108,
  0x6108, 0x6108, 0x4108, 0x4108, 0x2000, 0x2150, 0x22D8, 0x42E0, 0x42D0, 0x42D8, 0x42D8, 0x42D8, 0x42E8, 0x22C0, 0x2138, 0x4000,
  0x4108, 0x6110, 0x8210, 0xA210, 0xA210, 0x8210, 0x8210, 0x8210, 0x8210, 0xA210, 0xA210, 0x8210, 0xA210, 0xA210, 0xA210, 0x8210,
  0x6108, 0x6108, 0x4108, 0x2000, 0x2010, 0x2038, 0x4128, 0x6100, 0x6108, 0x6108, 0x6108, 0x6108, 0x6108, 0x6108, 0x6108, 0x4108,
  0x2000, 0x2000, 0x2000, 0x2000, 0x2000, 0x2000, 0x2000, 0x2000, 0x2000, 0x2000, 0x2000, 0x2000, 0x2000, 0x2000, 0x2008, 0x2000,
  0x2000, 0x2000, 0x2000, 0x2100, 0x2000, 0x2000, 0x2000, 0x2000, 0x2000, 0x2000, 0x2000, 0x4100, 0x4108, 0x4108, 0x4108, 0x4108,
  0x4108, 0x4108, 0x2000, 0x4108, 0x4108, 0x2000, 0x2000, 0x2000, 0x4108, 0x4108, 0x4008, 0x4108, 0x4108, 0x2008, 0x6108, 0x2108,
  0x2000, 0x2000, 0x4008, 0x4108, 0x4008, 0x2000, 0x4108, 0x2008, 0x4008, 0x4108, 0x2008, 0x4108, 0x6108, 0x2008, 0x4108, 0x4108,
  0x4108, 0x4108, 0x4108, 0x4108, 0x4108, 0x2000, 0x2008, 0x4108, 0x2000, 0x8210, 0x4108, 0x4108, 0x4108, 0x4108, 0x4108, 0x4108,
  0x4108, 0x6108, 0x4108, 0x4108, 0x4108, 0x4008, 0x4108, 0x6108, 0x4108, 0x4108, 0x4108, 0x4108, 0x4108, 0x2000, 0x6108, 0x6108,
  0x2000, 0x4108, 0x4108, 0x2000, 0x8210, 0x4108, 0x4108, 0x4108, 0x4108, 0x4108, 0x4108, 0x6108, 0x4108, 0x4108, 0x4108, 0x4108,
  0x4108, 0x2000, 0x8210, 0x4108, 0x4108, 0x4108, 0x6108, 0x2000, 0x8210, 0x6108, 0x4108, 0x6108, 0x6108, 0x6108, 0x4108, 0x4108,
  0x8210, 0x4108, 0x4108, 0x4108, 0x4108, 0x2100, 0xA210, 0x6108, 0x6108, 0x6108, 0x6108, 0x6108, 0x4108, 0x6108, 0x6108, 0x4108,
  0x4108, 0x4108, 0x4108, 0x4108, 0xA210, 0x4108, 0x6108, 0x6108, 0x6108, 0x4108, 0x4108, 0x4108, 0x6110, 0x4108, 0x4108, 0x4108,
  0x4108, 0x2000, 0x8210, 0x4108, 0x4108, 0x4108, 0x4108, 0x4108, 0x4108, 0x6108, 0x4108, 0x4108, 0x4108, 0x6108, 0x6108, 0x6108,
  0x4108, 0x8210, 0x4108, 0x2000, 0x4108, 0x4108, 0x2000, 0x6108, 0x8210, 0x4108, 0x6108, 0x6108, 0x6108, 0x6108, 0x4108, 0x8210,
  0x6108, 0x4108, 0x4108, 0x4108, 0x4008, 0x4108, 0x8210, 0x4108, 0x6108, 0x4108, 0x4108, 0x4108, 0x4108, 0x8210, 0x8210, 0x4108,
  0x4108, 0x4108, 0x4108, 0x4008, 0x8210, 0x4108, 0x4108, 0x4108, 0x4108, 0x4108, 0x4108, 0x4108, 0x6108, 0x2000, 0x4008, 0x2000,
  0x2000, 0x0000, 0x2000, 0x4108, 0x8218, 0x8218, 0x6128, 0x4138, 0x6218, 0x8200, 0x6108, 0x4130, 0x4138, 0x6108, 0x8200, 0x6120,
  0x4140, 0x6120, 0x8100, 0x6128, 0x6128, 0x8108, 0x8108, 0x6118, 0x6118, 0x6108, 0x8108, 0x8110, 0x8110, 0x6108, 0x8210, 0x6110,
  0x6110, 0x6108, 0x6108, 0x6108, 0x6108, 0x6108, 0x6108, 0x6108, 0x6108, 0x6108, 0x6108, 0x6108, 0x6108, 0x6108, 0x6108, 0x6108,
  0x4108, 0x4108, 0x4100, 0x2000, 0x2180, 0x42E8, 0x42D8, 0x42D0, 0x42D8, 0x42D8, 0x42E0, 0x42E8, 0x2188, 0x2008, 0x4000, 0x6110,
  0x8210, 0x8210, 0xA210, 0xA210, 0xA210, 0xA210, 0x8210, 0x8210, 0x8210, 0x8210, 0xA210, 0x8210, 0xA210, 0xA210, 0x8210, 0x6108,
  0x4108, 0x4100, 0x2000, 0x2028, 0x2140, 0x6118, 0x6100, 0x6108, 0x6108, 0x6108, 0x6108, 0x6108, 0x6108, 0x6108, 0x6108, 0x4108,
  0x0000, 0x2000, 0x2000, 0x2000, 0x2000, 0x2000, 0x2000, 0x2000, 0x2000, 0x2000, 0x2000, 0x2000, 0x2000, 0x2000, 0x2000, 0x2000,
  0x2000, 0x4108, 0x2000, 0x2000, 0x2000, 0x2000, 0x2000, 0x2000, 0x2000, 0x2000, 0x2000, 0x2000, 0x4108, 0x4108, 0x4108, 0x4108,
  0x4108, 0x4108, 0x2000, 0x2008, 0x2008, 0x2000, 0x2000, 0x2000, 0x2000, 0x6108, 0x6108, 0x6108, 0x6108, 0x4108, 0x4108, 0x2000,
  0x2000, 0x2008, 0x4008, 0x4108, 0x4108, 0x2000, 0x4108, 0x6108, 0x6108, 0x6108, 0x4108, 0x6108, 0x4108, 0x4108, 0x4108, 0x4108,
  0x4108, 0x4108, 0x4108, 0x2000, 0x6108, 0x6108, 0x6108, 0x6108, 0x6108, 0x6108, 0x4108, 0x4108, 0x4108, 0x4108, 0x4108, 0x4108,
  0x2000, 0x6108, 0x8210, 0x8210, 0x8210, 0x6108, 0x6108, 0x4108, 0x4108, 0x4108, 0x4108, 0x4108, 0x4108, 0x4108, 0x4108, 0x8210,
  0x6108, 0x6110, 0x6110, 0x8210, 0x6110, 0x4008, 0x4108, 0x4108, 0x4108, 0x4108, 0x4108, 0x4108, 0x4108, 0x4108, 0x4108, 0x4108,
  0x4108, 0x4108, 0x4108, 0x6108, 0x8110, 0x8210, 0x8210, 0x8210, 0x6110, 0x4108, 0x6108, 0x6108, 0x6108, 0x6108, 0x6108, 0x4108,
  0x8210, 0x8210, 0x6108, 0x6108, 0x6108, 0x8210, 0x8210, 0x6108, 0x6108, 0x6108, 0x4108, 0x4108, 0x4108, 0x4108, 0x8210, 0x6108,
  0x6108, 0x8210, 0x6108, 0x8210, 0x6108, 0x4108, 0x6108, 0x6108, 0x6108, 0x6108, 0x6108, 0x4108, 0x8210, 0x8210, 0x8210, 0x8210,
  0x6108, 0x6108, 0x6108, 0x2000, 0x4108, 0x4108, 0x6108, 0x6108, 0x4108, 0x4108, 0x8110, 0x4108, 0x4108, 0x6108, 0x6108, 0x6108,
  0x4108, 0x4108, 0x8210, 0x6108, 0x6110, 0x6108, 0x4108, 0xA210, 0x4108, 0x6108, 0x6108, 0x6108, 0x4108, 0x6108, 0x6108, 0x6108,
  0xA210, 0x6108, 0x6108, 0x6108, 0x4108, 0x8210, 0x6108, 0x6108, 0x4108, 0x4108, 0x4108, 0x4108, 0x4108, 0x4108, 0x8210, 0x6108,
  0x6108, 0x8210, 0x6108, 0x8210, 0x6108, 0x4108, 0x4108, 0x4108, 0x4108, 0x4108, 0x4108, 0x2000, 0x6108, 0x4108, 0x4108, 0x4108,
  0x2000, 0x2000, 0x4118, 0x8210, 0x8110, 0x4130, 0x4130, 0x6108, 0x8200, 0x6118, 0x4140, 0x4128, 0x8200, 0x8208, 0x6130, 0x2138,
  0x6108, 0x8108, 0x4128, 0x4120, 0x8208, 0x8110, 0x6118, 0x6110, 0x8208, 0x8110, 0x6110, 0x6110, 0x6108, 0x6108, 0x6110, 0x6108,
  0x6108, 0x6108, 0x6108, 0x6108, 0x6108, 0x6108, 0x6108, 0x6108, 0x6108, 0x6108, 0x6108, 0x6108, 0x6108, 0x6108, 0x6108, 0x4108,
  0x4108, 0x2000, 0x2018, 0x22A8, 0x42E8, 0x42D8, 0x42D8, 0x42D8, 0x42D8, 0x42E8, 0x22C8, 0x2148, 0x2000, 0x4108, 0x6110, 0x8210,
  0xA210, 0x8210, 0xA210, 0xA210, 0xA210, 0xA210, 0x8210, 0x8210, 0x8210, 0x8210, 0x8210, 0xA210, 0xA210, 0x8210, 0x6108, 0x4108,
  0x4100, 0x2008, 0x2038, 0x4130, 0x6108, 0x6108, 0x6110, 0x6108, 0x6108, 0x6108, 0x6108, 0x6108, 0x6108, 0x6108, 0x6108, 0x4108,
  0x2000, 0x2000, 0x2000, 0x2000, 0x2000, 0x2000, 0x2000, 0x2000, 0x2000, 0x2000, 0x2000, 0x2000, 0x2000, 0x2000, 0x2000, 0x2000,
  0x2000, 0x2000, 0x2000, 0x2000, 0x2000, 0x2000, 0x2000, 0x2000, 0x2000, 0x2000, 0x2000, 0x4108, 0x2000, 0x2000, 0x2000, 0x2000,
  0x2000, 0x4108, 0x2000, 0x2008, 0x2000, 0x2000, 0x2008, 0x2000, 0x4108, 0x4108, 0x2000, 0x2008, 0x2008, 0x2000, 0x4108, 0x4108,
  0x2000, 0x4108, 0x4108, 0x4108, 0x4108, 0x2000, 0x4108, 0x2008, 0x2000, 0x2000, 0x2000, 0x2000, 0x4108, 0x2000, 0x4108, 0x4008,
  0x4008, 0x4108, 0x2000, 0x4108, 0x4108, 0x2000, 0x4108, 0x4108, 0x4008, 0x6108, 0x4108, 0x4108, 0x4108, 0x4108, 0x4108, 0x4108,
  0x2000, 0x6108, 0x4108, 0x4108, 0x4108, 0x4108, 0x4108, 0x6108, 0x4008, 0x4108, 0x4108, 0x4108, 0x4108, 0x2008, 0x4108, 0x6108,
  0x4108, 0x4108, 0x4108, 0x4108, 0x6110, 0x4108, 0x4108, 0x4108, 0x4108, 0x4108, 0x4108, 0x4108, 0x6108, 0x4108, 0x4108, 0x4108,
  0x4108, 0x4108, 0x6108, 0x6108, 0x4108, 0x6108, 0x6108, 0x4108, 0x6108, 0x4108, 0x4108, 0x4108, 0x6108, 0x6108, 0x6108, 0x4108,
  0x8210, 0x6108, 0x4108, 0x6108, 0x4108, 0x6108, 0x6110, 0x4108, 0x4108, 0x4108, 0x4108, 0x4108, 0x4108, 0x4108, 0x8210, 0x6108,
  0x6108, 0x6108, 0x6108, 0x8210, 0x6108, 0x4108, 0x4108, 0x4108, 0x6108, 0x6108, 0x6108, 0x4108, 0x8110, 0x6108, 0x6108, 0x6108,
  0x4108, 0x6108, 0x6108, 0x4108, 0x4108, 0x6108, 0x6108, 0x6108, 0x6108, 0x4108, 0x8210, 0x6108, 0x6108, 0x6108, 0x4108, 0x4108,
  0x4008, 0x4108, 0x8210, 0x6108, 0x6108, 0x6108, 0x4108, 0x8210, 0x4108, 0x4108, 0x4108, 0x6108, 0x4108, 0x6108, 0x4108, 0x4108,
  0x8210, 0x4108, 0x4108, 0x6108, 0x4108, 0x6110, 0x4108, 0x4108, 0x4108, 0x4108, 0x4108, 0x4108, 0x4108, 0x4000, 0x8210, 0x6108,
  0x6108, 0x8210, 0x6108, 0x6108, 0x4108, 0x4108, 0x4108, 0x4108, 0x4108, 0x4108, 0x4008, 0x2000, 0x6108, 0x4108, 0x4108, 0x2000,
  0x2008, 0x6118, 0x8210, 0x6120, 0x4140, 0x6118, 0x6100, 0x8108, 0x4128, 0x4138, 0x6118, 0x8200, 0x8118, 0x2140, 0x4128, 0x8100,
  0x6118, 0x4128, 0x6110, 0x6100, 0x6118, 0x6118, 0x6108, 0x8108, 0x6110, 0x6110, 0x6110, 0x6108, 0x6110, 0x6110, 0x6108, 0x6108,
  0x6108, 0x6108, 0x6108, 0x6108, 0x6108, 0x6108, 0x6108, 0x6108, 0x6108, 0x6108, 0x6108, 0x6108, 0x6108, 0x6108, 0x4108, 0x4108,
  0x2000, 0x2148, 0x42D0, 0x42E0, 0x42D0, 0x42D8, 0x42D8, 0x42E0, 0x42E8, 0x2188, 0x2010, 0x2000, 0x4108, 0x6110, 0x8210, 0xA210,
  0x8210, 0x8210, 0xA210, 0xA210, 0x8210, 0xA210, 0x8210, 0x8210, 0x8210, 0x8210, 0x8210, 0x8210, 0x6108, 0x4108, 0x4108, 0x2000,
  0x2020, 0x2140, 0x6120, 0x6100, 0x6108, 0x6108, 0x6108, 0x6108, 0x6108, 0x6108, 0x6108, 0x6108, 0x6108, 0x6108, 0x6108, 0x4108,
  0x2000, 0x2000, 0x2000, 0x2000, 0x2000, 0x2000, 0x2000, 0x2000, 0x2000, 0x2000, 0x2000, 0x2000, 0x2000, 0x2000, 0x2000, 0x2000,
  0x2000, 0x2000, 0x2000, 0x2000, 0x2000, 0x2000, 0x2000, 0x2000, 0x2000, 0x2000, 0x2000, 0x4108, 0x2000, 0x2008, 0x2000, 0x2000,
  0x2000, 0x4108, 0x4108, 0x2000, 0x2000, 0x2000, 0x2008, 0x2000, 0x6108, 0x4008, 0x2008, 0x2000, 0x2008, 0x2000, 0x2008, 0x4108,
  0x2000, 0x4108, 0x2108, 0x2108, 0x2000, 0x4108, 0x6108, 0x2000, 0x2000, 0x2000, 0x2000, 0x2000, 0x6108, 0x4108, 0x4008, 0x4108,
  0x4108, 0x4108, 0x2000, 0x6108, 0x2008, 0x4108, 0x2000, 0x4008, 0x2000, 0x6108, 0x4108, 0x4108, 0x4108, 0x4108, 0x4108, 0x2000,
  0x4108, 0x6108, 0x2000, 0x4108, 0x4108, 0x4108, 0x2000, 0x6108, 0x4108, 0x4108, 0x4108, 0x4108, 0x4108, 0x2000, 0x6108, 0x4108,
  0x4108, 0x4108, 0x4108, 0x2000, 0x6108, 0x4108, 0x4108, 0x4108, 0x4108, 0x4108, 0x4108, 0x6108, 0x4108, 0x4108, 0x4108, 0x4108,
  0x4108, 0x4108, 0xA210, 0x4108, 0x4108, 0x4108, 0x4108, 0x2108, 0x8210, 0x8208, 0x4108, 0x4108, 0x4108, 0x6108, 0x4108, 0x4108,
  0x8210, 0x4108, 0x4108, 0x4108, 0x4108, 0x4108, 0x8210, 0x4108, 0x4108, 0x4108, 0x4108, 0x6108, 0x4108, 0x8210, 0x8210, 0x4108,
  0x4108, 0x4108, 0x4108, 0x4108, 0x8210, 0x4108, 0x4108, 0x4108, 0x6108, 0x6108, 0x4108, 0x6108, 0x8210, 0x2008, 0x4108, 0x4108,
  0x4008, 0x2000, 0x8210, 0x4108, 0x4108, 0x4108, 0x4108, 0x4108, 0x4108, 0x4108, 0x8210, 0x6108, 0x6108, 0x6108, 0x6108, 0x4108,
  0x4108, 0xA210, 0x4108, 0x4108, 0x4108, 0x4108, 0x2000, 0x6108, 0x6110, 0x4108, 0x4108, 0x4108, 0x4108, 0x6108, 0x2000, 0x8210,
  0x6108, 0x4108, 0x4108, 0x4108, 0x2000, 0x4108, 0x8210, 0x4108, 0x4108, 0x4108, 0x4108, 0x6108, 0x4108, 0x8110, 0x8210, 0x4108,
  0x4108, 0x4108, 0x4108, 0x4108, 0x8210, 0x4108, 0x4108, 0x4108, 0x4108, 0x2008, 0x2000, 0x2000, 0x4108, 0x0000, 0x0000, 0x2010,
  0x6110, 0x6108, 0x6130, 0x4140, 0x6110, 0x8100, 0x6110, 0x4138, 0x4130, 0x6108, 0x8100, 0x6128, 0x2140, 0x6110, 0x8200, 0x6128,
  0x4128, 0x6108, 0x6108, 0x4120, 0x6118, 0x8208, 0x8108, 0x6110, 0x6110, 0x6108, 0x8108, 0x6110, 0x6110, 0x6108, 0x6108, 0x6108,
  0x6108, 0x6108, 0x6108, 0x6108, 0x6108, 0x6108, 0x6108, 0x6108, 0x6108, 0x6108, 0x6108, 0x6108, 0x6108, 0x4108, 0x4000, 0x2000,
  0x2178, 0x42E8, 0x42E0, 0x42D0, 0x42D8, 0x42D8, 0x42E8, 0x42D0, 0x2150, 0x2000, 0x4100, 0x6108, 0x8210, 0x8210, 0x8210, 0x8210,
  0x8210, 0x8210, 0x8210, 0x8210, 0x8210, 0xA210, 0x8210, 0x8210, 0x8210, 0x8210, 0x8210, 0x4108, 0x4108, 0x4100, 0x2008, 0x2040,
  0x4140, 0x6108, 0x6108, 0x6108, 0x6108, 0x6108, 0x6108, 0x6108, 0x6108, 0x6108, 0x6108, 0x6108, 0x6108, 0x6108, 0x6108, 0x6108,
  0x2000, 0x2000, 0x2000, 0x2000, 0x2000, 0x2000, 0x2000, 0x2000, 0x2000, 0x2000, 0x2000, 0x2000, 0x2000, 0x2000, 0x2000, 0x2000,
  0x2000, 0x2000, 0x2000, 0x2000, 0x2000, 0x2000, 0x2000, 0x2000, 0x2000, 0x2000, 0x2008, 0x2000, 0x2000, 0x2000, 0x2000, 0x2000,
  0x2000, 0x2000, 0x4108, 0x2000, 0x2000, 0x2000, 0x2000, 0x4108, 0x4108, 0x2000, 0x2000, 0x2000, 0x2000, 0x2000, 0x2000, 0x4108,
  0x2000, 0x2000, 0x2000, 0x4008, 0x2000, 0x6108, 0x4108, 0x2000, 0x2008, 0x2000, 0x2000, 0x2000, 0x4108, 0x4108, 0x2000, 0x4008,
  0x4108, 0x2000, 0x4108, 0x4108, 0x2000, 0x2000, 0x2000, 0x2000, 0x2008, 0x2000, 0x6108, 0x2000, 0x2000, 0x4108, 0x4108, 0x2000,
  0x8210, 0x4108, 0x4108, 0x4008, 0x2008, 0x2000, 0x2000, 0x4108, 0x6108, 0x4108, 0x4108, 0x4108, 0x2000, 0x4108, 0x6108, 0x4108,
  0x4108, 0x4108, 0x4108, 0x4008, 0x4108, 0x6110, 0x4008, 0x4108, 0x4108, 0x4108, 0x2000, 0xA210, 0x6108, 0x4108, 0x4108, 0x4108,
  0x2008, 0x8210, 0x6108, 0x4108, 0x4108, 0x4108, 0x4108, 0x4108, 0x4108, 0x8210, 0x4108, 0x4108, 0x4108, 0x6108, 0x2000, 0x8210,
  0x6108, 0x4108, 0x4108, 0x6108, 0x6108, 0x4108, 0x6108, 0x6108, 0x4108, 0x4108, 0x4108, 0x4108, 0x4108, 0xA210, 0x6108, 0x6108,
  0x4108, 0x4108, 0x4108, 0x2000, 0x6108, 0x6108, 0x4108, 0x4108, 0x4108, 0x6108, 0x4108, 0xA210, 0x6108, 0x4108, 0x4108, 0x4108,
  0x4108, 0x4108, 0x6108, 0x6208, 0x4108, 0x4108, 0x4108, 0x4108, 0x2000, 0x6108, 0xC318, 0x4108, 0x4108, 0x4108, 0x4108, 0x2000,
  0x6108, 0x8210, 0x4108, 0x4108, 0x4108, 0x4108, 0x4108, 0x2008, 0x8210, 0x6108, 0x4108, 0x4108, 0x6108, 0x4108, 0x4108, 0x8210,
  0x4108, 0x4108, 0x4108, 0x4108, 0x4108, 0x2000, 0x8210, 0x6108, 0x4108, 0x4108, 0x4108, 0x4108, 0x4008, 0xA210, 0x4108, 0x4108,
  0x4108, 0x4108, 0x4108, 0x4108, 0x6108, 0x6108, 0x4108, 0x4108, 0x2000, 0x2000, 0x2000, 0x4108, 0x2000, 0x2000, 0x4110, 0x6110,
  0x6108, 0x2130, 0x4128, 0x6100, 0x6100, 0x6118, 0x2138, 0x6120, 0x8100, 0x8108, 0x4130, 0x4130, 0x6100, 0x8210, 0x4128, 0x4118,
  0x6100, 0x6110, 0x4120, 0x6110, 0x8208, 0x6110, 0x6118, 0x6110, 0x6108, 0x6110, 0x6110, 0x6108, 0x6108, 0x6108, 0x6108, 0x6108,
  0x6108, 0x6108, 0x6108, 0x6108, 0x6108, 0x6108, 0x6108, 0x6108, 0x6108, 0x6108, 0x6108, 0x4108, 0x4108, 0x2000, 0x2018, 0x21A0,
  0x42E8, 0x42D8, 0x42D8, 0x42D8, 0x42D8, 0x42E8, 0x4298, 0x2018, 0x2000, 0x4108, 0x6108, 0x8210, 0x8210, 0x8210, 0x8210, 0x8210,
  0x8210, 0x8210, 0x8210, 0x8210, 0x8210, 0x8210, 0x8210, 0x8210, 0x8210, 0x6108, 0x4108, 0x4108, 0x2000, 0x2018, 0x2148, 0x6128,
  0x8100, 0x6108, 0x6108, 0x6108, 0x6108, 0x6108, 0x6108, 0x6108, 0x6108, 0x6108, 0x6108, 0x6108, 0x6108, 0x6108, 0x4108, 0x4108,
  0x2000, 0x2000, 0x2000, 0x2000, 0x2000, 0x2000, 0x2000, 0x2000, 0x2000, 0x2000, 0x2000, 0x2000, 0x2000, 0x2000, 0x2000, 0x2000,
  0x2000, 0x2000, 0x2000, 0x2000, 0x2000, 0x2000, 0x2000, 0x2008, 0x2008, 0x2000, 0x2000, 0x2000, 0x2000, 0x2000, 0x2000, 0x2000,
  0x2000, 0x2000, 0x4108, 0x4108, 0x4108, 0x4108, 0x4108, 0x6108, 0x2000, 0x2000, 0x2000, 0x2000, 0x2000, 0x2000, 0x2000, 0x2000,
  0x4108, 0x4108, 0x4108, 0x4108, 0x4108, 0x4108, 0x2000, 0x2000, 0x2008, 0x2000, 0x2000, 0x4000, 0x2000, 0x4108, 0x6108, 0x6108,
  0x6108, 0x4108, 0x4108, 0x2000, 0x2008, 0x2000, 0x2000, 0x2000, 0x2000, 0x2000, 0x4108, 0x6108, 0x6108, 0x6108, 0x6108, 0x6108,
  0x4108, 0x2000, 0x4108, 0x2000, 0x2008, 0x4108, 0x4108, 0x2000, 0x6108, 0x6108, 0x6108, 0x6108, 0x4108, 0x6108, 0x4108, 0x4108,
  0x4108, 0x4108, 0x4108, 0x4108, 0x2000, 0x6108, 0x6108, 0x6108, 0x6108, 0x4108, 0x6108, 0x6108, 0x8210, 0x6108, 0x8110, 0x6108,
  0x4108, 0x8110, 0x4108, 0x4108, 0x4108, 0x4108, 0x4108, 0x4108, 0x4108, 0x6108, 0x6210, 0x6108, 0x6110, 0x6108, 0x6108, 0x8210,
  0x4108, 0x6108, 0x4108, 0x4108, 0x4108, 0x4108, 0x4108, 0x8210, 0x6108, 0x6108, 0x6108, 0x4108, 0x6108, 0x6108, 0x4108, 0x4108,
  0x4108, 0x4108, 0x4108, 0x4108, 0x4108, 0x8210, 0x6108, 0x6108, 0x6108, 0x4108, 0x6108, 0x8210, 0x4108, 0x4108, 0x4108, 0x4108,
  0x4108, 0x4108, 0x4108, 0x8210, 0x4108, 0x4108, 0x4108, 0x4108, 0x2000, 0x8210, 0x6108, 0x6108, 0x4108, 0x6108, 0x6108, 0x4108,
  0x8210, 0x4108, 0x4108, 0x4108, 0x4108, 0x4108, 0x4108, 0x4108, 0x6108, 0x8210, 0x6108, 0x6108, 0x6108, 0x4108, 0x8210, 0x4108,
  0x4108, 0x4108, 0x4108, 0x4108, 0x4108, 0x4008, 0x4108, 0x8210, 0x4108, 0x6108, 0x6108, 0x2000, 0x6108, 0x6108, 0x4108, 0x4108,
  0x4108, 0x4108, 0x4108, 0x4108, 0x2008, 0x6108, 0x4008, 0x4000, 0x2000, 0x2000, 0x2000, 0x2000, 0x2008, 0x6118, 0x6108, 0x4118,
  0x2130, 0x4110, 0x6100, 0x6108, 0x4128, 0x2130, 0x6110, 0x8200, 0x6118, 0x4138, 0x4120, 0x8100, 0x6118, 0x6128, 0x6110, 0x6108,
  0x6118, 0x6118, 0x6108, 0x8210, 0x6118, 0x6118, 0x6108, 0x6108, 0x6110, 0x6110, 0x6108, 0x6108, 0x6108, 0x6108, 0x6108, 0x6108,
  0x6108, 0x6108, 0x6108, 0x6108, 0x4108, 0x6108, 0x6108, 0x4108, 0x6108, 0x4108, 0x4108, 0x4108, 0x2000, 0x2040, 0x22C8, 0x22E0,
  0x42D0, 0x42D8, 0x42D8, 0x42E8, 0x42D0, 0x2158, 0x2000, 0x4100, 0x4108, 0x6108, 0x8210, 0x8210, 0x8210, 0x8210, 0x8210, 0x8210,
  0x8210, 0x8210, 0x8210, 0x8210, 0x8210, 0x8210, 0x8210, 0x8210, 0x6108, 0x4108, 0x2000, 0x2000, 0x2030, 0x4138, 0x6110, 0x8108,
  0x6110, 0x6108, 0x6108, 0x6108, 0x6108, 0x6108, 0x6108, 0x6108, 0x6108, 0x6108, 0x6108, 0x6108, 0x6108, 0x6108, 0x6108, 0x4108,
  0x2000, 0x2000, 0x2000, 0x2000, 0x2000, 0x2000, 0x0000, 0x2000, 0x2000, 0x2000, 0x2000, 0x2000, 0x2000, 0x2000, 0x2000, 0x2000,
  0x2000, 0x2000, 0x2000, 0x2000, 0x2000, 0x2000, 0x2000, 0x2000, 0x2000, 0x2000, 0x2000, 0x2000, 0x2000, 0x2000, 0x2000, 0x2000,
  0x2000, 0x2000, 0x4108, 0x2000, 0x2000, 0x2100, 0x2000, 0x4108, 0x2000, 0x2000, 0x2000, 0x2000, 0x2000, 0x2000, 0x2000, 0x4108,
  0x4108, 0x2000, 0x2108, 0x4108, 0x2008, 0x4108, 0x2000, 0x2000, 0x2000, 0x2000, 0x2008, 0x2000, 0x2000, 0x6108, 0x4108, 0x4108,
  0x4108, 0x2100, 0x4108, 0x2000, 0x2008, 0x2008, 0x2000, 0x2000, 0x4008, 0x2000, 0x4108, 0x6108, 0x4108, 0x6108, 0x6108, 0x4108,
  0x4108, 0x2000, 0x4008, 0x2000, 0x4008, 0x4108, 0x4108, 0x2000, 0x6108, 0x4108, 0x4108, 0x4108, 0x4108, 0x6108, 0x4108, 0x4108,
  0x4108, 0x4108, 0x4108, 0x4108, 0x2000, 0x6108, 0x6108, 0x6108, 0x8108, 0x6108, 0x6108, 0x4108, 0x8210, 0x6108, 0x8210, 0x6108,
  0x4108, 0x6108, 0x4108, 0x4108, 0x4108, 0x4108, 0x4108, 0x4108, 0x2000, 0x6108, 0x8210, 0x8110, 0x8210, 0x6108, 0x6108, 0x6108,
  0x4108, 0x6108, 0x4108, 0x4108, 0x4108, 0x4108, 0x2000, 0x8210, 0x8210, 0x8210, 0x8210, 0x6108, 0x6110, 0x4108, 0x4108, 0x4108,
  0x4108, 0x4108, 0x4108, 0x6108, 0x2000, 0x8210, 0x8210, 0x8210, 0x8210, 0x6108, 0x8210, 0x4108, 0x4108, 0x4108, 0x4108, 0x4108,
  0x4108, 0x6108, 0x4008, 0x6108, 0x6108, 0x4108, 0x4108, 0x4108, 0x6108, 0x4108, 0x4108, 0x6110, 0x6108, 0x6108, 0x6108, 0x6108,
  0x6108, 0x4108, 0x4108, 0x4108, 0x4108, 0x4108, 0x4108, 0x4108, 0x4108, 0x8210, 0x6108, 0x8210, 0x8210, 0x6108, 0x8210, 0x4108,
  0x4108, 0x4108, 0x4108, 0x4108, 0x4108, 0x4108, 0x2008, 0x8210, 0x6108, 0x8210, 0x8210, 0x6108, 0x6108, 0x2000, 0x4108, 0x4108,
  0x4108, 0x4108, 0x4108, 0x4108, 0x0000, 0x6108, 0x6110, 0x6108, 0x4108, 0x2000, 0x2008, 0x4110, 0x8218, 0x8108, 0x4130, 0x2130,
  0x6108, 0x8200, 0x6110, 0x2138, 0x4128, 0x6100, 0x6100, 0x4128, 0x4138, 0x6110, 0x8108, 0x6120, 0x6120, 0x8108, 0x6110, 0x4118,
  0x6110, 0x6100, 0x6108, 0x6118, 0x6110, 0x6108, 0x6108, 0x4110, 0x4108, 0x4108, 0x6108, 0x6108, 0x6108, 0x6108, 0x6108, 0x6108,
  0x6108, 0x6108, 0x6108, 0x6108, 0x6108, 0x4108, 0x6108, 0x6108, 0x6108, 0x4108, 0x2000, 0x0000, 0x0178, 0x42E0, 0x42D8, 0x42D0,
  0x42D0, 0x42D8, 0x42F0, 0x42A8, 0x4120, 0x2000, 0x4108, 0x6108, 0x8210, 0x8210, 0x8210, 0x8210, 0x8210, 0x8210, 0x8210, 0x8210,
  0x8210, 0x8210, 0x8210, 0x8210, 0x8210, 0x8210, 0x6108, 0x4108, 0x4108, 0x2000, 0x0018, 0x2140, 0x6128, 0x8108, 0x6108, 0x6110,
  0x6108, 0x6108, 0x6108, 0x6108, 0x6108, 0x6108, 0x6108, 0x6108, 0x6108, 0x6108, 0x6108, 0x6108, 0x6108, 0x6108, 0x6108, 0x4108,
  0x2000, 0x2000, 0x2000, 0x2000, 0x2000, 0x2000, 0x0000, 0x2000, 0x2000, 0x2000, 0x2000, 0x2000, 0x2000, 0x2000, 0x2000, 0x2000,
  0x2000, 0x2000, 0x2000, 0x2000, 0x2000, 0x2000, 0x2000, 0x2000, 0x2000, 0x2000, 0x2000, 0x2000, 0x2000, 0x2000, 0x2000, 0x2000,
  0x2000, 0x2000, 0x4108, 0x2000, 0x2000, 0x2000, 0x2000, 0x2000, 0x4108, 0x2000, 0x2000, 0x2000, 0x2000, 0x2000, 0x2000, 0x4108,
  0x2000, 0x2000, 0x2000, 0x2000, 0x2000, 0x4108, 0x4108, 0x2000, 0x2000, 0x2000, 0x2008, 0x2000, 0x4108, 0x4108, 0x2000, 0x2000,
  0x2000, 0x2000, 0x4008, 0x4108, 0x2000, 0x2008, 0x2008, 0x2008, 0x2008, 0x2000, 0x8110, 0x4008, 0x4108, 0x4108, 0x2000, 0x2000,
  0x6108, 0x2008, 0x2008, 0x4008, 0x4108, 0x4108, 0x2000, 0x4108, 0x6108, 0x2000, 0x4000, 0x2000, 0x2000, 0x4108, 0x6108, 0x4108,
  0x4108, 0x4108, 0x4108, 0x4108, 0x2000, 0x8108, 0x2000, 0x4108, 0x4108, 0x4108, 0x4108, 0xA210, 0x4108, 0x4108, 0x4108, 0x4108,
  0x2000, 0x6108, 0x6108, 0x4108, 0x4108, 0x4108, 0x4108, 0x4108, 0x2000, 0xA210, 0x4108, 0x4108, 0x4108, 0x4108, 0x2000, 0x8210,
  0x6108, 0x4108, 0x4108, 0x4108, 0x4108, 0x4108, 0x4108, 0x8210, 0x4108, 0x4108, 0x4108, 0x4108, 0x4108, 0x6108, 0x4108, 0x4108,
  0x4108, 0x4108, 0x6108, 0x4108, 0x4108, 0x8210, 0x2000, 0x4108, 0x4108, 0x4108, 0x4108, 0x6108, 0x2008, 0x4108, 0x4108, 0x6108,
  0x6108, 0x4108, 0x4008, 0x6108, 0x2000, 0x6108, 0x6210, 0x8210, 0x8110, 0x4108, 0x4108, 0x4108, 0x4108, 0x4108, 0x4108, 0x2000,
  0x6108, 0x6108, 0x4108, 0x4108, 0x4108, 0x4108, 0x6108, 0x4008, 0x8210, 0x6108, 0x2000, 0x4108, 0x4108, 0x2000, 0x6108, 0x6108,
  0x4108, 0x4108, 0x4108, 0x4108, 0x6108, 0x4108, 0x8210, 0x6108, 0x2000, 0x4108, 0x4108, 0x2000, 0x6108, 0x6110, 0x4108, 0x4108,
  0x4108, 0x4108, 0x4108, 0x2008, 0x2000, 0x6108, 0x2000, 0x2000, 0x0000, 0x2008, 0x4110, 0x8110, 0x6118, 0x4138, 0x2120, 0x4100,
  0x6100, 0x6118, 0x4138, 0x6118, 0x8100, 0x6108, 0x2138, 0x2128, 0x8108, 0x8118, 0x4120, 0x6110, 0x6108, 0x6118, 0x6118, 0x4108,
  0x6108, 0x6110, 0x4110, 0x4108, 0x6108, 0x6110, 0x6110, 0x4108, 0x6108, 0x6108, 0x6108, 0x6108, 0x6108, 0x6108, 0x6108, 0x6108,
  0x6108, 0x6108, 0x6108, 0x6108, 0x6108, 0x6108, 0x4108, 0x4108, 0x4108, 0x2000, 0x0018, 0x21A0, 0x42E8, 0x42D8, 0x42D8, 0x42D0,
  0x42E0, 0x42D8, 0x4160, 0x2000, 0x2000, 0x4108, 0x6108, 0x8210, 0x8210, 0x8210, 0x8210, 0x8210, 0x8210, 0x8210, 0x8210, 0x8210,
  0x8210, 0x8210, 0x8210, 0x8210, 0x8210, 0x6108, 0x4108, 0x2000, 0x2000, 0x0030, 0x4140, 0x6110, 0x8108, 0x6110, 0x6108, 0x6108,
  0x6108, 0x6108, 0x6108, 0x6108, 0x6108, 0x6108, 0x6108, 0x6108, 0x6108, 0x6108, 0x6108, 0x6108, 0x6108, 0x6108, 0x6108, 0x4108,
  0x2000, 0x2000, 0x2000, 0x2000, 0x2000, 0x0000, 0x2000, 0x2000, 0x2000, 0x2000, 0x2000, 0x2000, 0x2000, 0x2000, 0x2000, 0x2000,
  0x2000, 0x2000, 0x2000, 0x2000, 0x2008, 0x2000, 0x2000, 0x2000, 0x2000, 0x2000, 0x2000, 0x2000, 0x2000, 0x2000, 0x2000, 0x2000,
  0x0000, 0x4108, 0x2000, 0x2000, 0x2000, 0x2000, 0x2000, 0x2000, 0x2000, 0x2000, 0x2000, 0x2000, 0x2000, 0x2000, 0x4108, 0x4108,
  0x2000, 0x2000, 0x2000, 0x2000, 0x2000, 0x2000, 0x4108, 0x2000, 0x2000, 0x2000, 0x2000, 0x2000, 0x4108, 0x2000, 0x2000, 0x2000,
  0x2000, 0x2000, 0x2000, 0x4108, 0x4108, 0x2008, 0x4008, 0x4108, 0x2000, 0x6108, 0x6108, 0x2000, 0x4108, 0x2000, 0x2000, 0x2000,
  0x4108, 0x6108, 0x2108, 0x4108, 0x4108, 0x4108, 0x2000, 0x6108, 0x4108, 0x4108, 0x4108, 0x2008, 0x2008, 0x2000, 0x6108, 0x4108,
  0x4108, 0x4108, 0x4108, 0x2000, 0x4108, 0x6108, 0x4108, 0x4108, 0x4108, 0x4108, 0x4108, 0x8210, 0x4108, 0x4108, 0x4108, 0x4108,
  0x4108, 0x4108, 0x8210, 0x4108, 0x4108, 0x4108, 0x4108, 0x2000, 0x6108, 0x8210, 0x4108, 0x4108, 0x4108, 0x4108, 0x4108, 0x6108,
  0x6108, 0x4108, 0x4108, 0x4108, 0x6108, 0x2000, 0x8210, 0x6108, 0x4108, 0x4108, 0x4108, 0x4108, 0x4108, 0x8210, 0x4108, 0x4108,
  0x4108, 0x4108, 0x6108, 0x4008, 0xA210, 0x6108, 0x4108, 0x4108, 0x4108, 0x4108, 0x4108, 0x6110, 0x4108, 0x4108, 0x4108, 0x6108,
  0x6108, 0x4108, 0x6108, 0x6108, 0x2000, 0x4108, 0x6108, 0x6108, 0x4108, 0x8210, 0x4108, 0x4108, 0x4108, 0x4108, 0x4108, 0x4108,
  0x4108, 0x8210, 0x4108, 0x4108, 0x4108, 0x4108, 0x4108, 0x4108, 0xA210, 0x4108, 0x4108, 0x4108, 0x4108, 0x4108, 0x4108, 0x8210,
  0x4108, 0x4108, 0x4108, 0x4108, 0x6108, 0x4108, 0xA210, 0x4108, 0x4108, 0x4108, 0x4108, 0x4108, 0x4108, 0x8210, 0x4108, 0x4108,
  0x4108, 0x4108, 0x4108, 0x2000, 0x6108, 0x4108, 0x0000, 0x0000, 0x2008, 0x6110, 0x8108, 0x4120, 0x4138, 0x4110, 0x6100, 0x6108,
  0x4128, 0x2130, 0x6108, 0x8100, 0x4118, 0x2140, 0x4118, 0x8100, 0x6120, 0x4120, 0x6108, 0x6108, 0x6118, 0x4110, 0x6108, 0x6108,
  0x6110, 0x6118, 0x6108, 0x6108, 0x6110, 0x6110, 0x6108, 0x6108, 0x6108, 0x6108, 0x6108, 0x6108, 0x6108, 0x6108, 0x6108, 0x6108,
  0x6108, 0x6108, 0x6108, 0x6108, 0x6108, 0x4108, 0x4108, 0x2008, 0x2000, 0x2040, 0x22C8, 0x42E0, 0x42D0, 0x42D0, 0x42D8, 0x42E8,
  0x42A8, 0x4120, 0x2000, 0x4108, 0x4108, 0x6108, 0x8210, 0x8210, 0x8210, 0x8210, 0x8210, 0x8210, 0x8210, 0x8210, 0x8210, 0x8210,
  0x8210, 0x8210, 0x8210, 0x6108, 0x4108, 0x4108, 0x2000, 0x2010, 0x2038, 0x4130, 0x8208, 0x6108, 0x6110, 0x6108, 0x6108, 0x6108,
  0x6108, 0x6108, 0x6108, 0x6108, 0x6108, 0x6108, 0x6108, 0x6108, 0x6108, 0x6108, 0x6108, 0x6108, 0x6108, 0x4108, 0x4108, 0x4108,
  0x2000, 0x2000, 0x2000, 0x2000, 0x2000, 0x0000, 0x2000, 0x2000, 0x2000, 0x2000, 0x2000, 0x2000, 0x2000, 0x2000, 0x2000, 0x2000,
  0x2000, 0x2000, 0x2000, 0x2000, 0x2000, 0x2000, 0x2000, 0x2000, 0x2000, 0x2000, 0x2000, 0x2000, 0x2000, 0x2000, 0x4008, 0x2000,
  0x4108, 0x2000, 0x2000, 0x2000, 0x2000, 0x2000, 0x2000, 0x2000, 0x2000, 0x4108, 0x4008, 0x4108, 0x4108, 0x4108, 0x4108, 0x2000,
  0x2000, 0x2000, 0x2000, 0x2000, 0x2000, 0x2000, 0x4108, 0x4108, 0x4108, 0x4108, 0x4108, 0x4108, 0x4008, 0x2000, 0x2000, 0x2000,
  0x2000, 0x2000, 0x2000, 0x4108, 0x4108, 0x4108, 0x4108, 0x4108, 0x4108, 0x6108, 0x2000, 0x2008, 0x2008, 0x4008, 0x2008, 0x2000,
  0x2000, 0x6108, 0x4108, 0x4108, 0x4108, 0x2000, 0x4108, 0x4108, 0x2000, 0x4108, 0x4108, 0x4108, 0x2008, 0x2000, 0x4108, 0x4108,
  0x4108, 0x4108, 0x4108, 0x2000, 0x6108, 0x4108, 0x4108, 0x4108, 0x4108, 0x4108, 0x4108, 0x4108, 0x4108, 0x4108, 0x4108, 0x4108,
  0x4108, 0x4108, 0x6108, 0x6108, 0x4108, 0x4108, 0x4108, 0x2000, 0x8210, 0x4108, 0x4108, 0x4108, 0x4108, 0x4108, 0x4108, 0x4108,
  0x8210, 0x4108, 0x4108, 0x6108, 0x4108, 0x4108, 0x6110, 0x4108, 0x4108, 0x4108, 0x4108, 0x4108, 0x4108, 0x6108, 0x6110, 0x4108,
  0x4108, 0x4108, 0x4108, 0x6108, 0x8210, 0x4108, 0x4108, 0x4108, 0x4108, 0x4108, 0x4108, 0x6108, 0x6108, 0x4108, 0x4108, 0x4108,
  0x4108, 0x2000, 0x8210, 0x4108, 0x4108, 0x4108, 0x4108, 0x4108, 0x4108, 0x6108, 0x6108, 0x4108, 0x4108, 0x4108, 0x4108, 0x4108,
  0x2008, 0x8210, 0x6108, 0x4108, 0x4108, 0x4108, 0x2000, 0x6108, 0x6108, 0x4108, 0x4108, 0x4108, 0x4108, 0x4108, 0x4108, 0x8210,
  0x6108, 0x4108, 0x4108, 0x4108, 0x2000, 0x6108, 0x6108, 0x4108, 0x4108, 0x4108, 0x4108, 0x4108, 0x4108, 0x6108, 0x6108, 0x2000,
  0x2000, 0x2000, 0x2000, 0x2000, 0x4108, 0x0000, 0x0000, 0x4110, 0x6110, 0x8110, 0x4130, 0x2128, 0x4100, 0x6100, 0x6110, 0x4138,
  0x6128, 0x6100, 0x6100, 0x4128, 0x2030, 0x6108, 0x6108, 0x4120, 0x4118, 0x6100, 0x6110, 0x4118, 0x4110, 0x6108, 0x6108, 0x6110,
  0x6110, 0x6108, 0x6108, 0x6108, 0x4108, 0x4108, 0x4108, 0x4108, 0x4108, 0x4108, 0x4108, 0x4108, 0x4108, 0x6108, 0x4108, 0x6108,
  0x6108, 0x6108, 0x6108, 0x4108, 0x4108, 0x4108, 0x2000, 0x0000, 0x2170, 0x42E0, 0x42D8, 0x42D0, 0x42D8, 0x42E8, 0x42D8, 0x2160,
  0x2000, 0x2000, 0x4108, 0x6108, 0x8210, 0x8210, 0x8210, 0x8210, 0x8210, 0x8210, 0x8210, 0x8210, 0x8210, 0x8210, 0x8210, 0x8210,
  0x8210, 0x6108, 0x4108, 0x4108, 0x2000, 0x2000, 0x0028, 0x2138, 0x6118, 0x8100, 0x6110, 0x6110, 0x6110, 0x6108, 0x6108, 0x6108,
  0x6108, 0x6108, 0x6108, 0x6108, 0x4108, 0x6108, 0x6108, 0x6108, 0x6108, 0x6108, 0x6108, 0x6108, 0x6108, 0x4108, 0x4108, 0x4108,
  0x2000, 0x2000, 0x2000, 0x2000, 0x2000, 0x2000, 0x2000, 0x2000, 0x2000, 0x2000, 0x2000, 0x2000, 0x2000, 0x2000, 0x2000, 0x2000,
  0x2000, 0x2000, 0x2000, 0x2000, 0x2000, 0x2000, 0x2000, 0x2000, 0x2000, 0x2000, 0x2000, 0x2000, 0x2000, 0x2100, 0x4108, 0x4008,
  0x4108, 0x2000, 0x2000, 0x2000, 0x2000, 0x2000, 0x2000, 0x2000, 0x2000, 0x4108, 0x4108, 0x4108, 0x4108, 0x4108, 0x4108, 0x2000,
  0x2000, 0x2000, 0x2000, 0x2000, 0x2000, 0x2000, 0x4108, 0x4108, 0x4108, 0x4108, 0x4108, 0x4108, 0x2000, 0x2000, 0x2000, 0x2000,
  0x2000, 0x2000, 0x2000, 0x2000, 0x6108, 0x4108, 0x6108, 0x4108, 0x4108, 0x4108, 0x2000, 0x2008, 0x2000, 0x2008, 0x4008, 0x2008,
  0x2000, 0x4108, 0x4108, 0x6108, 0x4108, 0x4108, 0x6108, 0x2000, 0x2000, 0x4108, 0x4108, 0x4108, 0x4008, 0x4000, 0x2000, 0x6108,
  0x6108, 0x6108, 0x6108, 0x6108, 0x6108, 0x2000, 0x4108, 0x4108, 0x4108, 0x2000, 0x4108, 0x4108, 0x4108, 0x4108, 0x4108, 0x4108,
  0x4108, 0x2000, 0x4108, 0x6108, 0x6108, 0x8210, 0x8210, 0x6108, 0x6108, 0x4108, 0x4108, 0x4108, 0x4108, 0x4108, 0x4108, 0x4108,
  0x6108, 0x6110, 0x8210, 0x8210, 0x8210, 0x8210, 0x4108, 0x4108, 0x4108, 0x4108, 0x4108, 0x4108, 0x4108, 0x2000, 0x6108, 0x8210,
  0x8210, 0x8210, 0x8210, 0x8210, 0x4108, 0x4108, 0x4108, 0x4108, 0x4108, 0x4108, 0x4108, 0x4008, 0x8210, 0x8210, 0x8210, 0x6108,
  0x4108, 0x6108, 0x6108, 0x4108, 0x4108, 0x4108, 0x4108, 0x4108, 0x4108, 0x4108, 0x6108, 0x2008, 0x4108, 0x4108, 0x4108, 0x4108,
  0x4108, 0x4108, 0x8210, 0x8210, 0x8210, 0x8210, 0x6108, 0x8108, 0x2008, 0x4108, 0x4108, 0x4108, 0x4108, 0x4108, 0x4108, 0x4108,
  0x8210, 0x8210, 0x8210, 0x8210, 0x6108, 0x6110, 0x2000, 0x4108, 0x4108, 0x4108, 0x4108, 0x4108, 0x4108, 0x4008, 0x6108, 0x6108,
  0x6108, 0x4108, 0x2000, 0x2000, 0x0000, 0x2008, 0x4110, 0x6108, 0x4118, 0x2030, 0x4118, 0x6100, 0x6100, 0x4120, 0x2138, 0x6118,
  0x8100, 0x6110, 0x4138, 0x4128, 0x6100, 0x6110, 0x2120, 0x4110, 0x6100, 0x6110, 0x4118, 0x6108, 0x6108, 0x4110, 0x4110, 0x6108,
  0x6108, 0x6108, 0x4110, 0x4108, 0x4108, 0x4108, 0x4108, 0x4108, 0x4108, 0x4108, 0x4108, 0x4108, 0x6108, 0x4108, 0x6108, 0x6108,
  0x6108, 0x6108, 0x4108, 0x4108, 0x4108, 0x2000, 0x0018, 0x21A8, 0x22E8, 0x42D8, 0x42D0, 0x42D8, 0x42E8, 0x22A8, 0x2020, 0x2000,
  0x2008, 0x4108, 0x6108, 0x8210, 0x8210, 0x8210, 0x8210, 0x8210, 0x8210, 0x8210, 0x8210, 0x8210, 0x8210, 0x8210, 0x8210, 0x8210,
  0x6108, 0x4108, 0x2008, 0x2000, 0x2010, 0x2140, 0x4130, 0x6108, 0x6108, 0x6110, 0x6108, 0x6108, 0x6108, 0x6108, 0x6108, 0x6108,
  0x6108, 0x6108, 0x6108, 0x6108, 0x6108, 0x6108, 0x6108, 0x6108, 0x6108, 0x6108, 0x6108, 0x6108, 0x4108, 0x4108, 0x4108, 0x4108,
  0x2000, 0x2000, 0x2000, 0x2000, 0x2000, 0x0000, 0x2000, 0x2000, 0x2000, 0x2000, 0x2000, 0x2000, 0x2000, 0x2000, 0x2000, 0x2000,
  0x2000, 0x2000, 0x2000, 0x2000, 0x2000, 0x2000, 0x2000, 0x2000, 0x2000, 0x2000, 0x2000, 0x4108, 0x2000, 0x2000, 0x2000, 0x2000,
  0x2000, 0x2100, 0x2000, 0x2000, 0x2000, 0x2000, 0x2000, 0x2000, 0x4008, 0x2000, 0x2000, 0x2000, 0x2000, 0x0000, 0x4108, 0x4108,
  0x2000, 0x2000, 0x2000, 0x2000, 0x2000, 0x2000, 0x4108, 0x2000, 0x2000, 0x2000, 0x2000, 0x2000, 0x4108, 0x2000, 0x2000, 0x2000,
  0x2000, 0x2000, 0x2000, 0x4108, 0x4108, 0x2000, 0x2000, 0x2000, 0x2000, 0x4108, 0x2000, 0x2000, 0x2000, 0x2008, 0x4108, 0x4008,
  0x2000, 0x6108, 0x2000, 0x2000, 0x2000, 0x2000, 0x2000, 0x4108, 0x2000, 0x4108, 0x4108, 0x4108, 0x4108, 0x2000, 0x4108, 0x4108,
  0x2000, 0x4108, 0x4008, 0x2000, 0x6108, 0x2100, 0x2108, 0x4008, 0x4108, 0x4108, 0x4108, 0x4108, 0x4108, 0x4108, 0x4108, 0x4108,
  0x4108, 0x2000, 0x6108, 0x4108, 0x2000, 0x4108, 0x4108, 0x2000, 0x6108, 0x4108, 0x4108, 0x4108, 0x4108, 0x4108, 0x4108, 0x2000,
  0x8210, 0x4108, 0x4108, 0x4108, 0x4108, 0x4108, 0x6108, 0x4108, 0x4108, 0x4108, 0x4108, 0x4108, 0x4108, 0x2108, 0x6108, 0x4108,
  0x4108, 0x6108, 0x4108, 0x4108, 0x6108, 0x4108, 0x4108, 0x4108, 0x4108, 0x4108, 0x4108, 0x2000, 0x8210, 0x6108, 0x6108, 0x4108,
  0x4108, 0x4108, 0x6108, 0x4108, 0x4108, 0x4108, 0x4108, 0x4108, 0x4108, 0x2000, 0x4108, 0x4108, 0x4108, 0x4108, 0x4108, 0x4108,
  0x4008, 0x6108, 0x6108, 0x4108, 0x4108, 0x4108, 0x2000, 0x6110, 0x4108, 0x4108, 0x4108, 0x4108, 0x4108, 0x4108, 0x4108, 0x4108,
  0x8210, 0x4108, 0x6108, 0x6108, 0x4008, 0x6108, 0x4108, 0x4108, 0x4108, 0x4108, 0x4108, 0x4108, 0x4108, 0x2000, 0x6108, 0x2000,
  0x4008, 0x2000, 0x0000, 0x0000, 0x2008, 0x6110, 0x8108, 0x4128, 0x2030, 0x2008, 0x6100, 0x6108, 0x4130, 0x2130, 0x6108, 0x6100,
  0x4118, 0x2138, 0x6110, 0x8100, 0x6128, 0x6120, 0x6108, 0x6108, 0x4118, 0x4110, 0x6108, 0x6108, 0x4110, 0x4110, 0x6108, 0x6108,
  0x6108, 0x6108, 0x4108, 0x4108, 0x4108, 0x4108, 0x4108, 0x4108, 0x4108, 0x4108, 0x4108, 0x4108, 0x4108, 0x4108, 0x4108, 0x6108,
  0x6108, 0x4108, 0x4108, 0x2008, 0x2000, 0x0040, 0x22D0, 0x42E0, 0x42D0, 0x42D0, 0x42E8, 0x42D8, 0x2160, 0x2000, 0x2000, 0x4108,
  0x6108, 0x6108, 0x6108, 0x6108, 0x6110, 0x8210, 0x6108, 0x8110, 0x8110, 0x8210, 0x8110, 0x8110, 0x8210, 0x8210, 0x6108, 0x4108,
  0x4108, 0x2000, 0x2000, 0x2020, 0x2140, 0x6118, 0x6100, 0x6108, 0x6108, 0x6108, 0x6108, 0x6108, 0x6108, 0x6108, 0x6108, 0x6108,
  0x6108, 0x6108, 0x4108, 0x6108, 0x4108, 0x6108, 0x4108, 0x6108, 0x6108, 0x6108, 0x6108, 0x4108, 0x4108, 0x4108, 0x4108, 0x4108,
  0x0000, 0x2000, 0x2000, 0x2000, 0x2000, 0x2000, 0x2000, 0x2000, 0x2000, 0x2000, 0x2000, 0x2000, 0x0000, 0x2000, 0x2000, 0x2000,
  0x2000, 0x2000, 0x2000, 0x2000, 0x2000, 0x2000, 0x2000, 0x2000, 0x2000, 0x0000, 0x2000, 0x2000, 0x2000, 0x2000, 0x2000, 0x2000,
  0x2000, 0x2000, 0x2000, 0x2000, 0x2000, 0x2000, 0x2000, 0x2000, 0x4108, 0x2000, 0x2000, 0x2000, 0x2000, 0x2000, 0x2000, 0x4108,
  0x2000, 0x2000, 0x2000, 0x2000, 0x2000, 0x4108, 0x4108, 0x2000, 0x2000, 0x2000, 0x2000, 0x2000, 0x4108, 0x2000, 0x2000, 0x2000,
  0x2000, 0x2000, 0x2000, 0x6108, 0x2000, 0x2000, 0x2000, 0x2000, 0x2000, 0x4108, 0x4108, 0x2000, 0x2000, 0x2008, 0x4108, 0x2000,
  0x4108, 0x4108, 0x2000, 0x2000, 0x2000, 0x2000, 0x2000, 0x6108, 0x4108, 0x4108, 0x2008, 0x4008, 0x4108, 0x2000, 0x6108, 0x4108,
  0x4108, 0x4108, 0x4108, 0x2000, 0x4108, 0x4108, 0x2008, 0x4008, 0x2008, 0x4108, 0x2000, 0x6108, 0x4108, 0x4108, 0x4108, 0x4108,
  0x4108, 0x4108, 0x6108, 0x4108, 0x4108, 0x4108, 0x4108, 0x2000, 0x6108, 0x6108, 0x4108, 0x4108, 0x4108, 0x4108, 0x2000, 0x4108,
  0x8210, 0x4108, 0x4108, 0x4108, 0x4108, 0x4108, 0x6110, 0x4108, 0x4108, 0x4108, 0x4108, 0x4108, 0x2000, 0x6108, 0x6108, 0x4108,
  0x4108, 0x4108, 0x4108, 0x4108, 0x8210, 0x4108, 0x4108, 0x4108, 0x4108, 0x4108, 0x2008, 0x6108, 0x6108, 0x4108, 0x4108, 0x4108,
  0x4108, 0x4108, 0x8210, 0x4108, 0x4108, 0x4108, 0x4108, 0x4108, 0x4108, 0x2000, 0x6108, 0x4108, 0x6108, 0x4108, 0x4108, 0x4108,
  0x2000, 0x8210, 0x4108, 0x4108, 0x4108, 0x4108, 0x4108, 0x6108, 0x8210, 0x4108, 0x4108, 0x4108, 0x4108, 0x4108, 0x2000, 0x6108,
  0x4108, 0x4108, 0x4108, 0x4108, 0x4108, 0x4108, 0x8210, 0x4108, 0x4108, 0x4108, 0x4108, 0x4108, 0x2000, 0x4108, 0x4108, 0x2000,
  0x2000, 0x0000, 0x2000, 0x4110, 0x6108, 0x6110, 0x4130, 0x2120, 0x4100, 0x4100, 0x4110, 0x2128, 0x4120, 0x6100, 0x6108, 0x4130,
  0x2128, 0x4100, 0x6108, 0x4128, 0x4118, 0x6100, 0x6110, 0x4118, 0x4108, 0x4100, 0x6108, 0x4110, 0x6110, 0x6108, 0x6108, 0x6110,
  0x4108, 0x4108, 0x4108, 0x4108, 0x4108, 0x4108, 0x4108, 0x4108, 0x4108, 0x4108, 0x4108, 0x4108, 0x4108, 0x4108, 0x4108, 0x4108,
  0x4108, 0x4108, 0x2000, 0x0000, 0x2170, 0x22E0, 0x42D8, 0x42D0, 0x42D8, 0x42E8, 0x21A8, 0x2020, 0x2000, 0x4108, 0x4108, 0x6108,
  0x6108, 0x6108, 0x6108, 0x6108, 0x6110, 0x6208, 0x8110, 0x6110, 0x6110, 0x6110, 0x6108, 0x6108, 0x6108, 0x6108, 0x4108, 0x4008,
  0x2000, 0x2008, 0x2030, 0x4130, 0x6208, 0x8108, 0x6110, 0x6108, 0x6108, 0x6108, 0x6108, 0x6108, 0x6108, 0x6108, 0x6108, 0x6108,
  0x6108, 0x6108, 0x4108, 0x4108, 0x4108, 0x4108, 0x4108, 0x4108, 0x4108, 0x6108, 0x4108, 0x4108, 0x4108, 0x4108, 0x4108, 0x4108,
  0x0000, 0x2000, 0x2000, 0x2000, 0x2000, 0x2000, 0x2000, 0x2000, 0x0000, 0x2000, 0x2000, 0x2000, 0x0000, 0x2000, 0x2000, 0x2000,
  0x2000, 0x2000, 0x2000, 0x2000, 0x2000, 0x2000, 0x2000, 0x2000, 0x2000, 0x0000, 0x2000, 0x2000, 0x2000, 0x2000, 0x2000, 0x2000,
  0x2000, 0x2000, 0x2000, 0x2000, 0x2000, 0x2000, 0x0000, 0x2000, 0x2000, 0x2000, 0x2000, 0x2000, 0x2000, 0x2000, 0x2000, 0x4108,
  0x4108, 0x2000, 0x2000, 0x2000, 0x2000, 0x4108, 0x2000, 0x2000, 0x2000, 0x2000, 0x2000, 0x2000, 0x2008, 0x4108, 0x2000, 0x2000,
  0x2000, 0x2000, 0x4108, 0x4108, 0x2000, 0x2000, 0x2000, 0x2000, 0x2000, 0x2000, 0x4108, 0x2000, 0x2000, 0x2000, 0x2000, 0x2000,
  0x6108, 0x2000, 0x2000, 0x2000, 0x2000, 0x2000, 0x2000, 0x4108, 0x6108, 0x2000, 0x2000, 0x2000, 0x2000, 0x4108, 0x4108, 0x2000,
  0x4108, 0x4100, 0x4000, 0x4000, 0x2000, 0x6108, 0x2000, 0x2008, 0x2000, 0x2000, 0x2000, 0x6108, 0x4108, 0x2000, 0x4008, 0x4108,
  0x2000, 0x6108, 0x4108, 0x4108, 0x4108, 0x2000, 0x4008, 0x4108, 0x2008, 0x8210, 0x4108, 0x4108, 0x4108, 0x4108, 0x2000, 0x8210,
  0x4108, 0x4108, 0x4108, 0x4108, 0x4108, 0x4108, 0x4108, 0x6108, 0x2000, 0x4108, 0x4108, 0x4108, 0x4108, 0x8210, 0x4108, 0x4108,
  0x4108, 0x4108, 0x4108, 0x4108, 0x6108, 0x6108, 0x2000, 0x4108, 0x4108, 0x2008, 0x2000, 0x8210, 0x4108, 0x4108, 0x4108, 0x4108,
  0x4108, 0x4108, 0x6108, 0x6108, 0x2000, 0x2008, 0x4108, 0x4108, 0x2000, 0x6108, 0xA210, 0x4008, 0x4108, 0x4108, 0x4108, 0x2000,
  0x4108, 0x6108, 0x4108, 0x4108, 0x4108, 0x4108, 0x4108, 0x4108, 0x8210, 0x4108, 0x4008, 0x2008, 0x4108, 0x2000, 0x4108, 0x8210,
  0x2008, 0x4108, 0x4108, 0x4108, 0x4108, 0x4108, 0x8210, 0x6108, 0x2000, 0x2000, 0x2000, 0x2000, 0x2000, 0x6108, 0x2000, 0x0000,
  0x0000, 0x2000, 0x6110, 0x6108, 0x4118, 0x2030, 0x2010, 0x6100, 0x6100, 0x2118, 0x2128, 0x6108, 0x6100, 0x4110, 0x4138, 0x4120,
  0x6100, 0x4118, 0x4120, 0x4108, 0x6100, 0x4110, 0x2110, 0x4108, 0x4108, 0x4110, 0x4110, 0x4108, 0x6108, 0x6110, 0x4108, 0x4108,
  0x4108, 0x4108, 0x4108, 0x4108, 0x4108, 0x4108, 0x4108, 0x4108, 0x4108, 0x4108, 0x4108, 0x4108, 0x4108, 0x4108, 0x4108, 0x2000,
  0x2008, 0x2000, 0x0018, 0x21A0, 0x22E0, 0x22D0, 0x22D0, 0x22E0, 0x22D0, 0x2160, 0x0000, 0x2000, 0x4108, 0x6108, 0x6108, 0x6108,
  0x6108, 0x6108, 0x6108, 0x6110, 0x8210, 0x6210, 0x8110, 0x8110, 0x6108, 0x6110, 0x6110, 0x6108, 0x6108, 0x4108, 0x2000, 0x2000,
  0x2018, 0x2138, 0x6120, 0x8108, 0x6110, 0x6110, 0x6108, 0x6108, 0x6108, 0x6108, 0x6108, 0x6108, 0x6108, 0x6108, 0x6108, 0x6108,
  0x6108, 0x6108, 0x4108, 0x4108, 0x4108, 0x4108, 0x4108, 0x4108, 0x4108, 0x4108, 0x4108, 0x4108, 0x4108, 0x4108, 0x4108, 0x4108,
  0x2000, 0x2000, 0x2000, 0x2000, 0x2000, 0x2000, 0x0000, 0x2000, 0x2000, 0x2000, 0x2000, 0x2000, 0x2000, 0x2000, 0x2000, 0x2000,
  0x2000, 0x2000, 0x2000, 0x0000, 0x0000, 0x2000, 0x2000, 0x2000, 0x2000, 0x2000, 0x2000, 0x2000, 0x2000, 0x2000, 0x2000, 0x2000,
  0x2000, 0x0000, 0x2000, 0x2000, 0x4108, 0x4108, 0x2000, 0x4108, 0x2000, 0x2000, 0x2000, 0x2000, 0x2000, 0x2000, 0x2000, 0x2000,
  0x4108, 0x4108, 0x4108, 0x4108, 0x4108, 0x4108, 0x2000, 0x2000, 0x2000, 0x2000, 0x2000, 0x2000, 0x2000, 0x4108, 0x4108, 0x4108,
  0x4108, 0x4108, 0x4108, 0x2000, 0x2000, 0x2000, 0x2000, 0x2000, 0x2000, 0x2000, 0x4108, 0x4108, 0x4108, 0x4108, 0x4108, 0x4108,
  0x4108, 0x2000, 0x2000, 0x2000, 0x2000, 0x2000, 0x2000, 0x2000, 0x6108, 0x6108, 0x6108, 0x6108, 0x4108, 0x6108, 0x2000, 0x2000,
  0x2008, 0x4108, 0x2000, 0x2000, 0x2000, 0x4108, 0x6108, 0x4108, 0x6108, 0x4108, 0x4108, 0x4108, 0x6108, 0x6108, 0x6108, 0x6108,
  0x6108, 0x6108, 0x2000, 0x4108, 0x2008, 0x4108, 0x4108, 0x4008, 0x2000, 0x4108, 0x6108, 0x6108, 0x6108, 0x6108, 0x6108, 0x6108,
  0x4108, 0x4108, 0x4108, 0x4108, 0x4108, 0x4108, 0x2000, 0x8210, 0x6108, 0x6108, 0x8210, 0x6108, 0x8210, 0x4108, 0x4108, 0x4108,
  0x4108, 0x4108, 0x4108, 0x4108, 0x4108, 0x8210, 0x6108, 0x6108, 0x6108, 0x4108, 0x6110, 0x6108, 0x4108, 0x4108, 0x4108, 0x4108,
  0x4108, 0x4108, 0x4108, 0x6108, 0x4108, 0x4108, 0x4108, 0x4108, 0x4108, 0x6110, 0x6108, 0x8210, 0x6108, 0x6108, 0x6110, 0x6108,
  0x6110, 0x2008, 0x4108, 0x4108, 0x4108, 0x4108, 0x4108, 0x4108, 0x4108, 0x8210, 0x6108, 0x6108, 0x6108, 0x4108, 0x8210, 0x4108,
  0x4108, 0x4108, 0x4108, 0x4108, 0x4108, 0x4108, 0x4108, 0x6108, 0x4108, 0x4108, 0x4108, 0x2000, 0x4108, 0x2000, 0x0000, 0x0000,
  0x4108, 0x6108, 0x4110, 0x4128, 0x4128, 0x4108, 0x4100, 0x4108, 0x2128, 0x4120, 0x6108, 0x6100, 0x4120, 0x2138, 0x4108, 0x6100,
  0x4120, 0x4118, 0x6100, 0x6108, 0x4118, 0x4108, 0x4100, 0x4108, 0x4110, 0x4108, 0x4108, 0x4108, 0x6110, 0x4108, 0x4108, 0x4108,
  0x4108, 0x4108, 0x4108, 0x4108, 0x4108, 0x4108, 0x4108, 0x4108, 0x4108, 0x4108, 0x4108, 0x4108, 0x4108, 0x4108, 0x2008, 0x2000,
  0x0000, 0x0040, 0x22C8, 0x22E0, 0x22C8, 0x21D0, 0x21E0, 0x21A0, 0x2020, 0x2000, 0x2008, 0x4108, 0x6108, 0x6108, 0x6108, 0x6108,
  0x6108, 0x6108, 0x6108, 0x6108, 0x8210, 0x8210, 0x8210, 0x8210, 0x8110, 0x6108, 0x6108, 0x4108, 0x2008, 0x2000, 0x2000, 0x0030,
  0x4130, 0x6108, 0x8108, 0x6110, 0x6110, 0x6108, 0x6108, 0x6108, 0x6108, 0x6108, 0x6108, 0x6108, 0x6108, 0x6108, 0x6108, 0x6108,
  0x4108, 0x4108, 0x4108, 0x4108, 0x4108, 0x4108, 0x4108, 0x4108, 0x4108, 0x4108, 0x4108, 0x4108, 0x4108, 0x4108, 0x4108, 0x4108,
  0x0000, 0x2000, 0x2000, 0x2000, 0x2000, 0x2000, 0x0000, 0x2000, 0x2000, 0x2000, 0x2000, 0x2000, 0x0000, 0x2000, 0x2000, 0x2000,
  0x2000, 0x2000, 0x2000, 0x0000, 0x0000, 0x2000, 0x2000, 0x2000, 0x2000, 0x2000, 0x2000, 0x2000, 0x2000, 0x2000, 0x2000, 0x2000,
  0x2000, 0x0000, 0x2000, 0x0000, 0x2000, 0x2000, 0x2000, 0x2000, 0x2000, 0x2000, 0x2000, 0x2000, 0x2000, 0x2000, 0x2000, 0x2000,
  0x2000, 0x2000, 0x2000, 0x2000, 0x2000, 0x4108, 0x2000, 0x2000, 0x2000, 0x2000, 0x2000, 0x2000, 0x2000, 0x4108, 0x2000, 0x2000,
  0x2000, 0x2000, 0x4108, 0x4108, 0x2000, 0x2000, 0x2000, 0x2000, 0x2000, 0x2000, 0x4108, 0x4108, 0x2000, 0x2000, 0x2000, 0x2000,
  0x4108, 0x2000, 0x2000, 0x2000, 0x2000, 0x2000, 0x2000, 0x2000, 0x4108, 0x2000, 0x4108, 0x4008, 0x2000, 0x4108, 0x4108, 0x4100,
  0x4108, 0x2008, 0x2000, 0x2008, 0x2000, 0x4108, 0x4108, 0x4108, 0x6108, 0x4108, 0x4108, 0x4108, 0x6108, 0x4108, 0x4108, 0x4108,
  0x4108, 0x6108, 0x2000, 0x2000, 0x4008, 0x4108, 0x4108, 0x4108, 0x2000, 0x4108, 0x6108, 0x4108, 0x4108, 0x4108, 0x4108, 0x6108,
  0x4108, 0x4108, 0x4108, 0x4108, 0x4108, 0x4108, 0x2000, 0x8210, 0x6108, 0x6108, 0x6108, 0x4108, 0x6108, 0x4108, 0x4108, 0x4108,
  0x4108, 0x4108, 0x4108, 0x4108, 0x2000, 0x8210, 0x6108, 0x6108, 0x6108, 0x6108, 0x6108, 0x4108, 0x4108, 0x4108, 0x4108, 0x4108,
  0x4108, 0x4108, 0x2000, 0x6108, 0x6108, 0x4108, 0x4108, 0x4108, 0x6108, 0x6108, 0x6108, 0x8210, 0x4108, 0x4108, 0x6108, 0x4108,
  0x6108, 0x4108, 0x4108, 0x4108, 0x4108, 0x4108, 0x4108, 0x4108, 0x4108, 0x8210, 0x4108, 0x6108, 0x6108, 0x4108, 0x6210, 0x4108,
  0x4108, 0x4108, 0x4108, 0x4108, 0x4108, 0x4108, 0x2000, 0x6108, 0x4108, 0x4108, 0x4108, 0x2008, 0x2000, 0x0000, 0x2000, 0x4110,
  0x4100, 0x4008, 0x2030, 0x4118, 0x6100, 0x4100, 0x2010, 0x2028, 0x4118, 0x6100, 0x6108, 0x4130, 0x4128, 0x6100, 0x6110, 0x4128,
  0x4110, 0x6100, 0x4110, 0x4118, 0x4108, 0x6108, 0x4110, 0x4110, 0x4108, 0x4108, 0x4108, 0x4108, 0x4108, 0x4108, 0x4108, 0x4108,
  0x4108, 0x4108, 0x4108, 0x4108, 0x4108, 0x4108, 0x4108, 0x4108, 0x4108, 0x4108, 0x4108, 0x4108, 0x4108, 0x2008, 0x2000, 0x0000,
  0x0168, 0x22D8, 0x42D0, 0x21C8, 0x21D8, 0x21C8, 0x2158, 0x2000, 0x2000, 0x4108, 0x4108, 0x6108, 0x6108, 0x6108, 0x6108, 0x6108,
  0x6108, 0x6108, 0x6108, 0x6108, 0x6108, 0x8210, 0x8210, 0x8210, 0x6108, 0x4108, 0x4108, 0x2000, 0x2000, 0x2010, 0x2138, 0x6120,
  0x6108, 0x6108, 0x6110, 0x6108, 0x6108, 0x6108, 0x6108, 0x6108, 0x6108, 0x6108, 0x6108, 0x6108, 0x6108, 0x6108, 0x6108, 0x6108,
  0x4108, 0x4108, 0x4108, 0x4108, 0x4108, 0x4108, 0x4108, 0x4108, 0x4108, 0x4108, 0x4108, 0x4108, 0x4108, 0x4108, 0x4108, 0x4108,
  0x2000, 0x0000, 0x0000, 0x2000, 0x2000, 0x0000, 0x0000, 0x2000, 0x2000, 0x2000, 0x2000, 0x2000, 0x0000, 0x2000, 0x2000, 0x2000,
  0x2000, 0x2000, 0x2000, 0x0000, 0x2000, 0x2000, 0x2000, 0x2000, 0x2000, 0x2000, 0x2000, 0x2000, 0x2000, 0x2000, 0x2000, 0x2000,
  0x0000, 0x2000, 0x2000, 0x2000, 0x2000, 0x2000, 0x2000, 0x2000, 0x4108, 0x2000, 0x2000, 0x2000, 0x2000, 0x2000, 0x2000, 0x4108,
  0x2000, 0x2000, 0x2000, 0x2000, 0x2000, 0x2008, 0x4108, 0x2000, 0x2000, 0x2000, 0x2000, 0x2000, 0x4108, 0x4008, 0x2000, 0x2000,
  0x2000, 0x2000, 0x2000, 0x4108, 0x2000, 0x2000, 0x2000, 0x2008, 0x2000, 0x2000, 0x4108, 0x2000, 0x2000, 0x2000, 0x2000, 0x2000,
  0x4108, 0x2000, 0x2000, 0x2008, 0x2000, 0x2000, 0x2000, 0x4108, 0x4108, 0x2000, 0x2000, 0x2000, 0x2000, 0x4008, 0x4108, 0x2108,
  0x4108, 0x2108, 0x4108, 0x2000, 0x2000, 0x6108, 0x2000, 0x4108, 0x4108, 0x4108, 0x2000, 0x6108, 0x2000, 0x2000, 0x4108, 0x4108,
  0x2000, 0x4108, 0x4108, 0x2000, 0x4108, 0x4108, 0x4108, 0x2008, 0x2000, 0x6110, 0x4008, 0x4108, 0x4000, 0x4008, 0x2000, 0x6108,
  0x4108, 0x4008, 0x4108, 0x4108, 0x4108, 0x2000, 0x4108, 0x6108, 0x2000, 0x4108, 0x4108, 0x4108, 0x4108, 0x6108, 0x4108, 0x4108,
  0x4108, 0x4108, 0x4108, 0x2000, 0x6108, 0x6108, 0x2000, 0x4008, 0x4108, 0x4108, 0x4108, 0x6108, 0x4108, 0x4108, 0x4108, 0x4108,
  0x4108, 0x4108, 0x2000, 0x8110, 0x4108, 0x4108, 0x4108, 0x4108, 0x2008, 0x6108, 0x8210, 0x2000, 0x4108, 0x4108, 0x4108, 0x2000,
  0x4108, 0x6108, 0x4108, 0x4108, 0x4108, 0x4108, 0x4108, 0x2000, 0x6108, 0x4108, 0x2000, 0x2000, 0x4008, 0x2000, 0x4108, 0x6108,
  0x2000, 0x4108, 0x4108, 0x4108, 0x4108, 0x2000, 0x4108, 0x4108, 0x0000, 0x0000, 0x0000, 0x0000, 0x0000, 0x4108, 0x4108, 0x4100,
  0x2018, 0x2028, 0x4110, 0x4100, 0x4108, 0x2120, 0x2028, 0x4108, 0x6100, 0x4118, 0x2130, 0x4110, 0x6100, 0x4118, 0x4120, 0x6108,
  0x4100, 0x4118, 0x4110, 0x4100, 0x4108, 0x4110, 0x4108, 0x4100, 0x4108, 0x4108, 0x4108, 0x4108, 0x4108, 0x4108, 0x4108, 0x4108,
  0x4108, 0x4108, 0x4108, 0x4108, 0x4108, 0x4108, 0x4108, 0x4108, 0x4108, 0x4108, 0x4108, 0x2008, 0x2008, 0x0000, 0x0018, 0x2198,
  0x21D8, 0x21C8, 0x21C8, 0x21D8, 0x2198, 0x0020, 0x0000, 0x2008, 0x4108, 0x6108, 0x6108, 0x6108, 0x6108, 0x6108, 0x6108, 0x6108,
  0x6108, 0x6108, 0x6108, 0x6108, 0x6108, 0x6108, 0x6108, 0x6108, 0x4108, 0x2008, 0x2000, 0x2000, 0x2028, 0x4130, 0x6110, 0x6108,
  0x6110, 0x6108, 0x6108, 0x6108, 0x6108, 0x6108, 0x6108, 0x6108, 0x6108, 0x6108, 0x6108, 0x4108, 0x6108, 0x6108, 0x4108, 0x4108,
  0x4108, 0x4108, 0x4108, 0x4108, 0x4108, 0x4108, 0x4108, 0x4108, 0x4108, 0x4108, 0x4108, 0x4108, 0x4108, 0x4108, 0x4108, 0x4108,
  0x2000, 0x0000, 0x2000, 0x2000, 0x0000, 0x0000, 0x2000, 0x2000, 0x2000, 0x2000, 0x2000, 0x0000, 0x0000, 0x2000, 0x2000, 0x0000,
  0x0000, 0x2000, 0x0000, 0x2000, 0x2000, 0x2000, 0x2000, 0x0000, 0x2000, 0x2000, 0x2000, 0x2000, 0x2000, 0x2000, 0x2000, 0x2000,
  0x0000, 0x2000, 0x2000, 0x2000, 0x2000, 0x2000, 0x2000, 0x2000, 0x2000, 0x2000, 0x2000, 0x2000, 0x2000, 0x0000, 0x2000, 0x2000,
  0x2000, 0x2000, 0x2000, 0x2000, 0x2000, 0x2000, 0x4108, 0x2000, 0x2000, 0x2000, 0x2000, 0x2000, 0x4108, 0x2000, 0x2000, 0x2000,
  0x2000, 0x2000, 0x2000, 0x4108, 0x2000, 0x2000, 0x2000, 0x2000, 0x2000, 0x4108, 0x2000, 0x2000, 0x2000, 0x2000, 0x2000, 0x2000,
  0x2000, 0x4108, 0x2000, 0x2000, 0x2000, 0x2000, 0x0000, 0x6108, 0x2000, 0x2000, 0x2000, 0x2000, 0x2000, 0x2000, 0x4108, 0x4108,
  0x2000, 0x2000, 0x4108, 0x2000, 0x6108, 0x4108, 0x2000, 0x2000, 0x2000, 0x4000, 0x2000, 0x4108, 0x2000, 0x2000, 0x2000, 0x2000,
  0x2008, 0x2008, 0x6108, 0x2000, 0x2008, 0x2000, 0x4108, 0x2000, 0x6108, 0x6108, 0x2100, 0x4108, 0x4008, 0x4108, 0x2000, 0x4108,
  0x6108, 0x2000, 0x4108, 0x2008, 0x4108, 0x2000, 0x8210, 0x4108, 0x4108, 0x4108, 0x4108, 0x4108, 0x4108, 0x6108, 0x6108, 0x4108,
  0x4108, 0x4108, 0x4108, 0x2000, 0x8110, 0x2000, 0x4108, 0x4108, 0x4108, 0x4108, 0x4108, 0x6108, 0x4108, 0x4108, 0x4108, 0x4108,
  0x4108, 0x2000, 0x6108, 0x4108, 0x4108, 0x4108, 0x4108, 0x4108, 0x2000, 0x4108, 0x6108, 0x2000, 0x4108, 0x4108, 0x4108, 0x4108,
  0x2000, 0x8210, 0x4108, 0x4108, 0x4108, 0x4108, 0x2000, 0x2000, 0x6108, 0x2000, 0x4008, 0x4008, 0x4108, 0x4108, 0x2000, 0x8110,
  0x4108, 0x4108, 0x4108, 0x2108, 0x2000, 0x2000, 0x4108, 0x2000, 0x2000, 0x0000, 0x0000, 0x0000, 0x2008, 0x4110, 0x4108, 0x2128,
  0x2028, 0x4100, 0x4100, 0x4108, 0x2020, 0x2118, 0x4100, 0x6100, 0x2020, 0x2028, 0x4100, 0x4100, 0x4120, 0x4118, 0x6100, 0x6110,
  0x4118, 0x4110, 0x4100, 0x4110, 0x4110, 0x4108, 0x4108, 0x4108, 0x4108, 0x4108, 0x4108, 0x4108, 0x4108, 0x4108, 0x4108, 0x4108,
  0x4108, 0x4108, 0x4108, 0x4108, 0x4108, 0x4108, 0x4108, 0x4108, 0x4108, 0x4108, 0x2000, 0x2000, 0x0000, 0x0040, 0x21C0, 0x21D0,
  0x21C0, 0x21D0, 0x21C8, 0x2158, 0x0000, 0x2000, 0x2008, 0x4108, 0x6108, 0x6108, 0x6108, 0x6108, 0x6108, 0x6108, 0x6108, 0x6108,
  0x6108, 0x6108, 0x6108, 0x6108, 0x6108, 0x6108, 0x4108, 0x2000, 0x2000, 0x2000, 0x2010, 0x2138, 0x6128, 0x6108, 0x6108, 0x6108,
  0x6108, 0x6108, 0x6108, 0x6108, 0x6108, 0x6108, 0x6108, 0x6108, 0x4108, 0x6108, 0x4108, 0x4108, 0x4108, 0x4108, 0x4108, 0x4108,
  0x4108, 0x4108, 0x4108, 0x4108, 0x4108, 0x4108, 0x4108, 0x4108, 0x4108, 0x4108, 0x4108, 0x4108, 0x4108, 0x4108, 0x2008, 0x2000,
  0x0000, 0x2000, 0x2000, 0x2000, 0x2000, 0x2000, 0x2000, 0x0000, 0x0000, 0x2000, 0x2000, 0x2000, 0x0000, 0x2000, 0x2000, 0x2000,
  0x2000, 0x2000, 0x2000, 0x2000, 0x0000, 0x0000, 0x0000, 0x0000, 0x2000, 0x2000, 0x2000, 0x0000, 0x2000, 0x2000, 0x2000, 0x2000,
  0x2000, 0x2000, 0x2000, 0x2000, 0x2000, 0x2000, 0x2000, 0x2000, 0x0000, 0x4108, 0x2008, 0x4108, 0x4108, 0x2000, 0x4108, 0x0000,
  0x2000, 0x2000, 0x2000, 0x2000, 0x2000, 0x2000, 0x2000, 0x4108, 0x4108, 0x4108, 0x2000, 0x4108, 0x2000, 0x2000, 0x2000, 0x2000,
  0x2000, 0x2000, 0x2000, 0x2000, 0x4108, 0x4108, 0x4108, 0x4108, 0x4108, 0x4108, 0x2000, 0x2000, 0x2000, 0x2000, 0x2000, 0x2000,
  0x2000, 0x4108, 0x4108, 0x4108, 0x4108, 0x4008, 0x4108, 0x4008, 0x2000, 0x2000, 0x2000, 0x2000, 0x2000, 0x2000, 0x2000, 0x4108,
  0x4108, 0x4108, 0x4108, 0x4108, 0x6108, 0x2000, 0x2000, 0x2000, 0x2000, 0x2000, 0x2000, 0x2000, 0x2000, 0x2000, 0x2000, 0x2000,
  0x2000, 0x2000, 0x4108, 0x4108, 0x4108, 0x4108, 0x4108, 0x2000, 0x6108, 0x2000, 0x4008, 0x2008, 0x4108, 0x4108, 0x2008, 0x2000,
  0x6108, 0x4108, 0x4108, 0x4108, 0x4108, 0x6108, 0x6108, 0x4108, 0x4108, 0x4108, 0x4108, 0x4108, 0x4108, 0x4108, 0x6108, 0x4108,
  0x4108, 0x4108, 0x4108, 0x6108, 0x6108, 0x2000, 0x4108, 0x4108, 0x4108, 0x4108, 0x4108, 0x4108, 0x6108, 0x4108, 0x4108, 0x2000,
  0x2000, 0x2000, 0x6108, 0x4008, 0x4108, 0x4108, 0x4108, 0x4108, 0x2108, 0x2000, 0x4108, 0x4008, 0x2008, 0x2000, 0x4108, 0x2000,
  0x4108, 0x8210, 0x6108, 0x4108, 0x4108, 0x4108, 0x2000, 0x6108, 0x4108, 0x2000, 0x2000, 0x2008, 0x4108, 0x4108, 0x2000, 0x4108,
  0x6108, 0x2000, 0x2000, 0x2000, 0x0000, 0x4108, 0x2008, 0x2000, 0x0000, 0x0000, 0x2000, 0x4108, 0x4000, 0x2008, 0x2028, 0x2118,
  0x6100, 0x4100, 0x4110, 0x2020, 0x2008, 0x4100, 0x4108, 0x2028, 0x2020, 0x4100, 0x4110, 0x4120, 0x4110, 0x6100, 0x4110, 0x4118,
  0x4108, 0x4100, 0x4110, 0x4110, 0x4100, 0x4108, 0x4108, 0x4108, 0x4108, 0x4108, 0x4108, 0x4108, 0x4108, 0x4108, 0x4108, 0x4108,
  0x4108, 0x4108, 0x4108, 0x4108, 0x4108, 0x4108, 0x4108, 0x4108, 0x2000, 0x2008, 0x0000, 0x0000, 0x0168, 0x21D0, 0x21C0, 0x21B8,
  0x21D0, 0x2198, 0x2020, 0x2000, 0x2008, 0x4108, 0x4108, 0x6108, 0x6108, 0x6108, 0x6108, 0x6108, 0x6108, 0x6108, 0x6108, 0x6108,
  0x6108, 0x6108, 0x6108, 0x6108, 0x4108, 0x4108, 0x2000, 0x2000, 0x0000, 0x0020, 0x2138, 0x6110, 0x6108, 0x6108, 0x6108, 0x6108,
  0x6108, 0x6108, 0x6108, 0x6108, 0x6108, 0x6108, 0x4108, 0x4108, 0x4108, 0x4108, 0x6108, 0x6108, 0x4108, 0x4108, 0x4108, 0x4108,
  0x4108, 0x4108, 0x4108, 0x4108, 0x4108, 0x4108, 0x4108, 0x4108, 0x4108, 0x4108, 0x4008, 0x4108, 0x4108, 0x2000, 0x2000, 0x2000,
  0x0000, 0x0000, 0x2000, 0x2000, 0x2000, 0x0000, 0x2000, 0x0000, 0x2000, 0x0000, 0x0000, 0x0000, 0x0000, 0x0000, 0x2000, 0x2000,
  0x2000, 0x2000, 0x2000, 0x0000, 0x0000, 0x2000, 0x0000, 0x0000, 0x0000, 0x2000, 0x0000, 0x2000, 0x2000, 0x2000, 0x2000, 0x2000,
  0x2000, 0x2000, 0x2000, 0x2000, 0x2000, 0x2000, 0x2000, 0x2000, 0x2000, 0x2008, 0x2000, 0x2000, 0x2000, 0x2000, 0x2000, 0x2000,
  0x2000, 0x2000, 0x2000, 0x2000, 0x2000, 0x2000, 0x2000, 0x2000, 0x2000, 0x2000, 0x2000, 0x2000, 0x2000, 0x2000, 0x2000, 0x2000,
  0x2000, 0x2000, 0x2000, 0x2000, 0x4108, 0x2000, 0x2108, 0x4008, 0x2000, 0x2000, 0x2000, 0x2000, 0x2000, 0x2000, 0x2000, 0x2000,
  0x0000, 0x4108, 0x4108, 0x4108, 0x4108, 0x4008, 0x4108, 0x2000, 0x2000, 0x2000, 0x2000, 0x2000, 0x2000, 0x2000, 0x2000, 0x4108,
  0x6108, 0x6108, 0x4108, 0x6108, 0x4108, 0x2000, 0x2000, 0x2000, 0x2000, 0x2000, 0x2000, 0x2000, 0x2000, 0x2000, 0x2000, 0x2000,
  0x2000, 0x2000, 0x4108, 0x6108, 0x4108, 0x6108, 0x4108, 0x4108, 0x4108, 0x2000, 0x2000, 0x2000, 0x2108, 0x4000, 0x4108, 0x2000,
  0x4108, 0x6108, 0x4108, 0x4108, 0x4108, 0x6108, 0x4108, 0x4108, 0x4108, 0x4108, 0x4108, 0x4108, 0x4108, 0x2000, 0x6108, 0x6108,
  0x6108, 0x6108, 0x6108, 0x6108, 0x2000, 0x4108, 0x4108, 0x4108, 0x4108, 0x4108, 0x4108, 0x2000, 0x6108, 0x6108, 0x6108, 0x6108,
  0x4108, 0x6108, 0x4108, 0x4108, 0x4108, 0x4108, 0x4108, 0x4108, 0x4108, 0x2000, 0x4108, 0x6108, 0x4108, 0x6108, 0x6108, 0x6108,
  0x6108, 0x4108, 0xA210, 0x6108, 0x6108, 0x6108, 0x6108, 0x6108, 0x2000, 0x4008, 0x2000, 0x2100, 0x4008, 0x2000, 0x2008, 0x2000,
  0x6108, 0x6108, 0x4108, 0x4108, 0x4108, 0x4108, 0x0000, 0x0000, 0x0000, 0x2008, 0x4108, 0x4100, 0x2010, 0x2020, 0x2008, 0x4100,
  0x4108, 0x2020, 0x2020, 0x4100, 0x4100, 0x4110, 0x2028, 0x4110, 0x6100, 0x4120, 0x4120, 0x6108, 0x6108, 0x4118, 0x4110, 0x4100,
  0x6108, 0x4110, 0x2008, 0x4100, 0x4108, 0x2008, 0x4000, 0x4000, 0x2000, 0x4008, 0x4108, 0x4108, 0x4108, 0x4108, 0x4108, 0x4108,
  0x4108, 0x4108, 0x4108, 0x4108, 0x4108, 0x4108, 0x4108, 0x2000, 0x2008, 0x0000, 0x0018, 0x2190, 0x01C8, 0x21B0, 0x21C0, 0x21C0,
  0x2160, 0x2000, 0x2000, 0x4108, 0x4108, 0x4108, 0x6108, 0x6108, 0x6108, 0x6108, 0x6108, 0x6108, 0x6108, 0x6108, 0x6108, 0x6108,
  0x6108, 0x6108, 0x6108, 0x4108, 0x2000, 0x2000, 0x2000, 0x0008, 0x0028, 0x4128, 0x6108, 0x6108, 0x6108, 0x6108, 0x6108, 0x6108,
  0x6108, 0x6108, 0x6108, 0x6108, 0x4108, 0x4108, 0x4108, 0x4108, 0x4108, 0x6108, 0x4108, 0x6108, 0x6108, 0x4108, 0x4108, 0x4108,
  0x4108, 0x4108, 0x4108, 0x4108, 0x4108, 0x4108, 0x4108, 0x4108, 0x4108, 0x4108, 0x2108, 0x2108, 0x2000, 0x2000, 0x2000, 0x2000,
  0x0000, 0x0000, 0x2000, 0x0000, 0x0000, 0x0000, 0x2000, 0x2000, 0x0000, 0x2000, 0x0000, 0x0000, 0x0000, 0x0000, 0x2000, 0x0000,
  0x0000, 0x0000, 0x0000, 0x0000, 0x2000, 0x0000, 0x2000, 0x0000, 0x2000, 0x0000, 0x0000, 0x2000, 0x2000, 0x2000, 0x2000, 0x2000,
  0x0000, 0x2000, 0x2000, 0x2000, 0x2000, 0x2000, 0x2000, 0x0000, 0x2000, 0x2000, 0x2000, 0x2000, 0x2000, 0x0000, 0x2000, 0x2000,
  0x0000, 0x2000, 0x2000, 0x2000, 0x2000, 0x2000, 0x4108, 0x2000, 0x2000, 0x2000, 0x2000, 0x2000, 0x4108, 0x2000, 0x2000, 0x2000,
  0x2000, 0x2000, 0x2000, 0x4108, 0x2000, 0x2000, 0x2000, 0x2000, 0x2000, 0x2100, 0x2000, 0x2000, 0x2000, 0x2000, 0x2000, 0x2000,
  0x2000, 0x4108, 0x2000, 0x2000, 0x2000, 0x2000, 0x2000, 0x4108, 0x2000, 0x2000, 0x2000, 0x2000, 0x2000, 0x2000, 0x4108, 0x4008,
  0x2000, 0x2000, 0x2000, 0x2000, 0x4108, 0x2000, 0x2000, 0x2000, 0x2000, 0x2000, 0x2000, 0x4100, 0x2000, 0x2000, 0x2000, 0x2000,
  0x2008, 0x2000, 0x6108, 0x2008, 0x2000, 0x2000, 0x2000, 0x0000, 0x4108, 0x4100, 0x2000, 0x2008, 0x4008, 0x2108, 0x2000, 0x2000,
  0x6108, 0x2000, 0x2000, 0x2000, 0x2000, 0x2000, 0x4108, 0x4108, 0x4108, 0x4008, 0x4108, 0x4108, 0x2000, 0x4108, 0x6108, 0x2000,
  0x4108, 0x4108, 0x2000, 0x2000, 0x6108, 0x4008, 0x4108, 0x4108, 0x4108, 0x2000, 0x2000, 0x4008, 0x6108, 0x2000, 0x2000, 0x2000,
  0x2000, 0x2000, 0x6108, 0x4108, 0x4108, 0x2108, 0x4008, 0x2000, 0x2108, 0x2000, 0x6108, 0x4108, 0x4108, 0x4108, 0x4108, 0x2000,
  0x4108, 0x6108, 0x4008, 0x2000, 0x2000, 0x2000, 0x2000, 0x4108, 0x4108, 0x4108, 0x4108, 0x4108, 0x2008, 0x2000, 0x2000, 0x4108,
  0x4108, 0x0000, 0x0000, 0x0000, 0x0000, 0x0000, 0x0000, 0x0000, 0x2008, 0x4108, 0x4000, 0x2020, 0x2018, 0x2000, 0x4000, 0x2008,
  0x2020, 0x2018, 0x4100, 0x4000, 0x2020, 0x2020, 0x4100, 0x4108, 0x4120, 0x4110, 0x6100, 0x4110, 0x4118, 0x2008, 0x4100, 0x4108,
  0x2110, 0x2000, 0x4000, 0x2108, 0x2008, 0x2000, 0x2000, 0x2000, 0x2000, 0x2000, 0x4108, 0x4108, 0x2008, 0x4008, 0x4108, 0x4108,
  0x4108, 0x4108, 0x4108, 0x4108, 0x4108, 0x2000, 0x2000, 0x0000, 0x0000, 0x0038, 0x01A8, 0x00B0, 0x00A8, 0x21C0, 0x2190, 0x2020,
  0x2000, 0x2010, 0x4108, 0x4108, 0x4108, 0x6108, 0x6108, 0x6108, 0x6108, 0x6108, 0x6108, 0x6108, 0x6108, 0x6108, 0x6108, 0x4108,
  0x4108, 0x4108, 0x2108, 0x2000, 0x2000, 0x0000, 0x0018, 0x2130, 0x6118, 0x6108, 0x6108, 0x6108, 0x6108, 0x6108, 0x6108, 0x6108,
  0x6108, 0x6108, 0x6108, 0x6108, 0x6108, 0x4108, 0x4108, 0x4108, 0x4108, 0x4108, 0x4108, 0x4108, 0x4108, 0x4108, 0x4108, 0x4108,
  0x4108, 0x4108, 0x4108, 0x4108, 0x4108, 0x4008, 0x4008, 0x2000, 0x4100, 0x4108, 0x2008, 0x2100, 0x4008, 0x2000, 0x2000, 0x2000,
  0x0000, 0x0000, 0x0000, 0x0000, 0x0000, 0x0000, 0x0000, 0x0000, 0x0000, 0x0000, 0x0000, 0x0000, 0x0000, 0x2000, 0x0000, 0x0000,
  0x0000, 0x0000, 0x0000, 0x0000, 0x2000, 0x2000, 0x2000, 0x2000, 0x2000, 0x0000, 0x2000, 0x2000, 0x2000, 0x2000, 0x2000, 0x0000,
  0x0000, 0x2000, 0x2000, 0x2000, 0x2000, 0x2000, 0x0000, 0x0000, 0x2000, 0x2000, 0x2000, 0x2000, 0x0000, 0x2000, 0x0000, 0x2000,
  0x0000, 0x2000, 0x2000, 0x2000, 0x0000, 0x4108, 0x2000, 0x2000, 0x2000, 0x2000, 0x2000, 0x2000, 0x2000, 0x2000, 0x2000, 0x2000,
  0x2000, 0x2000, 0x2000, 0x4108, 0x2000, 0x2000, 0x2000, 0x2000, 0x2000, 0x2000, 0x4008, 0x2000, 0x2000, 0x2000, 0x2000, 0x0000,
  0x4108, 0x2000, 0x2000, 0x2000, 0x2000, 0x2000, 0x2000, 0x4108, 0x2000, 0x2000, 0x2000, 0x2000, 0x2000, 0x2000, 0x4108, 0x2000,
  0x2000, 0x2000, 0x2000, 0x2000, 0x4108, 0x4108, 0x2000, 0x2000, 0x2000, 0x2000, 0x0000, 0x4108, 0x2000, 0x2000, 0x2000, 0x2000,
  0x2000, 0x4108, 0x4108, 0x2000, 0x2000, 0x2000, 0x2000, 0x2000, 0x2000, 0x4108, 0x2000, 0x2000, 0x2000, 0x4108, 0x2000, 0x6108,
  0x6108, 0x4008, 0x4108, 0x4108, 0x4008, 0x2000, 0x4108, 0x4108, 0x2008, 0x2008, 0x2008, 0x4108, 0x2000, 0x6108, 0x4108, 0x4108,
  0x4108, 0x4108, 0x4108, 0x2000, 0x6108, 0x4108, 0x4108, 0x4108, 0x2000, 0x2000, 0x0000, 0x4108, 0x2000, 0x2000, 0x2000, 0x2000,
  0x2000, 0x2000, 0x4108, 0x4108, 0x2000, 0x2000, 0x2000, 0x4108, 0x2000, 0x2000, 0x6108, 0x4108, 0x4108, 0x4108, 0x4108, 0x2000,
  0x2000, 0x6108, 0x0000, 0x2000, 0x2000, 0x4008, 0x2000, 0x4108, 0x6108, 0x4108, 0x4108, 0x4008, 0x2000, 0x2000, 0x0000, 0x6108,
  0x2000, 0x2000, 0x0000, 0x0000, 0x0000, 0x0000, 0x2000, 0x2008, 0x4000, 0x2110, 0x0020, 0x2010, 0x2000, 0x4000, 0x2010, 0x0020,
  0x2008, 0x4100, 0x4110, 0x2030, 0x2018, 0x4100, 0x4110, 0x2120, 0x4108, 0x4100, 0x4118, 0x4118, 0x2100, 0x4100, 0x4110, 0x2008,
  0x2000, 0x2008, 0x2008, 0x2000, 0x2000, 0x2000, 0x2000, 0x2000, 0x2000, 0x2008, 0x4008, 0x2000, 0x2000, 0x2000, 0x4108, 0x4108,
  0x4008, 0x4108, 0x4108, 0x4108, 0x2000, 0x2000, 0x0000, 0x0000, 0x0060, 0x01B0, 0x00A0, 0x00A8, 0x20A8, 0x0058, 0x0000, 0x2008,
  0x4110, 0x4108, 0x4108, 0x6108, 0x4108, 0x6108, 0x6108, 0x6108, 0x6108, 0x4108, 0x6108, 0x6108, 0x6108, 0x6108, 0x6108, 0x4108,
  0x4108, 0x2000, 0x2000, 0x0000, 0x0000, 0x2020, 0x4128, 0x6108, 0x6108, 0x6108, 0x6108, 0x6108, 0x6108, 0x4108, 0x4108, 0x4108,
  0x4108, 0x6108, 0x6108, 0x6108, 0x6108, 0x4108, 0x4108, 0x4108, 0x4108, 0x4108, 0x4108, 0x4108, 0x4108, 0x4108, 0x4108, 0x4108,
  0x4108, 0x4108, 0x4108, 0x4108, 0x4108, 0x4108, 0x4008, 0x2000, 0x2008, 0x2008, 0x4108, 0x2008, 0x4008, 0x2008, 0x2000, 0x2000,
  0x0000, 0x0000, 0x0000, 0x0000, 0x0000, 0x0000, 0x0000, 0x2000, 0x0000, 0x2000, 0x2000, 0x0000, 0x0000, 0x2000, 0x0000, 0x0000,
  0x0000, 0x0000, 0x0000, 0x0000, 0x0000, 0x2000, 0x2000, 0x2000, 0x2000, 0x0000, 0x2000, 0x0000, 0x0000, 0x0000, 0x0000, 0x0000,
  0x2000, 0x0000, 0x2000, 0x2000, 0x2000, 0x2000, 0x2000, 0x2000, 0x2000, 0x0000, 0x0000, 0x0000, 0x0000, 0x2000, 0x0000, 0x2000,
  0x2000, 0x2000, 0x2000, 0x2000, 0x2000, 0x4008, 0x0000, 0x2000, 0x2000, 0x2000, 0x2000, 0x2000, 0x2000, 0x2000, 0x2000, 0x2000,
  0x2000, 0x2000, 0x4108, 0x2000, 0x2000, 0x2000, 0x2000, 0x2000, 0x2000, 0x2000, 0x4108, 0x2000, 0x2000, 0x2000, 0x2000, 0x2000,
  0x4108, 0x2000, 0x2000, 0x2000, 0x2000, 0x2000, 0x2000, 0x2000, 0x4108, 0x2000, 0x2000, 0x2000, 0x2000, 0x4108, 0x2000, 0x2000,
  0x2000, 0x2000, 0x2000, 0x2000, 0x2000, 0x4108, 0x2000, 0x2000, 0x2008, 0x2000, 0x2000, 0x4108, 0x2000, 0x2000, 0x2000, 0x4108,
  0x2000, 0x4108, 0x2000, 0x2000, 0x2000, 0x2000, 0x2000, 0x2000, 0x2000, 0x4108, 0x2000, 0x2000, 0x2000, 0x2000, 0x2000, 0x6108,
  0x4108, 0x4108, 0x4108, 0x4108, 0x4008, 0x2000, 0x2008, 0x6108, 0x2000, 0x2000, 0x2008, 0x2000, 0x4108, 0x6108, 0x2000, 0x4108,
  0x2000, 0x2000, 0x2008, 0x2000, 0x4108, 0x6108, 0x2000, 0x2000, 0x2000, 0x0000, 0x2000, 0x6108, 0x2000, 0x2000, 0x2000, 0x2000,
  0x2000, 0x2000, 0x2000, 0x4108, 0x2000, 0x2000, 0x2000, 0x2000, 0x0000, 0x6108, 0x4108, 0x4108, 0x2000, 0x2000, 0x2000, 0x0000,
  0x4108, 0x2008, 0x2000, 0x2000, 0x2000, 0x2000, 0x2000, 0x2000, 0x6108, 0x4108, 0x2000, 0x2000, 0x2000, 0x0000, 0x2000, 0x4108,
  0x2000, 0x2000, 0x0000, 0x0000, 0x0000, 0x2008, 0x2008, 0x4000, 0x2018, 0x2020, 0x2000, 0x2000, 0x2000, 0x2020, 0x2018, 0x2000,
  0x4000, 0x2018, 0x2030, 0x4108, 0x4100, 0x2118, 0x2018, 0x4100, 0x4108, 0x2018, 0x2110, 0x4100, 0x4108, 0x2110, 0x4108, 0x4100,
  0x2008, 0x2008, 0x2000, 0x2000, 0x2000, 0x2000, 0x2000, 0x2000, 0x2000, 0x2008, 0x2008, 0x2000, 0x2008, 0x4000, 0x4108, 0x4008,
  0x4008, 0x4108, 0x2108, 0x2000, 0x2000, 0x0000, 0x0018, 0x2188, 0x00A8, 0x0090, 0x00A0, 0x0080, 0x2020, 0x2000, 0x4010, 0x4110,
  0x4108, 0x4108, 0x4108, 0x4108, 0x4108, 0x4108, 0x4108, 0x4108, 0x4108, 0x4108, 0x4108, 0x4108, 0x4108, 0x4108, 0x4108, 0x2000,
  0x2000, 0x2000, 0x0000, 0x0008, 0x2020, 0x4118, 0x6100, 0x4108, 0x4108, 0x4108, 0x4108, 0x4108, 0x4108, 0x4108, 0x4108, 0x4108,
  0x4108, 0x6108, 0x4108, 0x4108, 0x4108, 0x4108, 0x4108, 0x4108, 0x4108, 0x4108, 0x4108, 0x4108, 0x4108, 0x4108, 0x4108, 0x4108,
  0x4108, 0x4108, 0x4108, 0x4008, 0x4108, 0x2108, 0x2008, 0x2000, 0x2000, 0x4108, 0x4108, 0x2108, 0x4108, 0x4008, 0x2008, 0x2000,
  0x0000, 0x0000, 0x0000, 0x0000, 0x0000, 0x0000, 0x0000, 0x0000, 0x2000, 0x2000, 0x2000, 0x0000, 0x2000, 0x0000, 0x0000, 0x0000,
  0x0000, 0x0000, 0x0000, 0x0000, 0x0000, 0x2000, 0x2000, 0x2000, 0x2000, 0x2000, 0x0000, 0x0000, 0x0000, 0x0000, 0x0000, 0x2000,
  0x2000, 0x0000, 0x2000, 0x2000, 0x2000, 0x2000, 0x2000, 0x2000, 0x0000, 0x0000, 0x0000, 0x2000, 0x2000, 0x2000, 0x0000, 0x2000,
  0x2000, 0x2000, 0x2000, 0x2000, 0x2000, 0x2000, 0x2000, 0x2000, 0x2000, 0x2000, 0x2000, 0x2000, 0x0000, 0x2000, 0x2000, 0x2000,
  0x4108, 0x2000, 0x2000, 0x2000, 0x2000, 0x2000, 0x2000, 0x2000, 0x2000, 0x2000, 0x2000, 0x4108, 0x2008, 0x4108, 0x4108, 0x4108,
  0x2000, 0x2000, 0x2000, 0x2000, 0x2000, 0x2000, 0x2000, 0x2000, 0x4108, 0x4108, 0x4108, 0x4108, 0x4108, 0x4108, 0x2000, 0x2000,
  0x2000, 0x2000, 0x2000, 0x2000, 0x2000, 0x4108, 0x4108, 0x4108, 0x4108, 0x4108, 0x4108, 0x2000, 0x4108, 0x4108, 0x4108, 0x4108,
  0x4108, 0x4108, 0x2000, 0x2000, 0x2000, 0x2000, 0x2000, 0x2000, 0x2000, 0x4108, 0x6108, 0x4108, 0x6108, 0x4108, 0x6108, 0x4108,
  0x2000, 0x2008, 0x4008, 0x4008, 0x2000, 0x2000, 0x0000, 0x4108, 0x4108, 0x6108, 0x6108, 0x4108, 0x6108, 0x4108, 0x2000, 0x2000,
  0x2000, 0x2000, 0x2000, 0x2008, 0x2000, 0x6108, 0x4108, 0x4108, 0x4108, 0x4108, 0x4108, 0x2000, 0x2000, 0x2000, 0x2000, 0x2000,
  0x2000, 0x2000, 0x2000, 0x4108, 0x6108, 0x4108, 0x6108, 0x4108, 0x4108, 0x6108, 0x2000, 0x4008, 0x4108, 0x2000, 0x2000, 0x2000,
  0x4108, 0x2000, 0x2000, 0x2000, 0x2000, 0x2000, 0x2000, 0x2000, 0x2000, 0x6108, 0x4108, 0x4108, 0x4108, 0x4008, 0x4108, 0x2000,
  0x2000, 0x0000, 0x0000, 0x0000, 0x2008, 0x2000, 0x4000, 0x2018, 0x0018, 0x2000, 0x2000, 0x2008, 0x2020, 0x2010, 0x2000, 0x2000,
  0x2020, 0x2020, 0x4000, 0x4108, 0x2018, 0x2008, 0x4000, 0x4108, 0x2010, 0x2008, 0x4100, 0x4108, 0x4110, 0x4100, 0x2000, 0x2008,
  0x2008, 0x2000, 0x2000, 0x2000, 0x2000, 0x2000, 0x2000, 0x2000, 0x2000, 0x2000, 0x2000, 0x2000, 0x2000, 0x2008, 0x4008, 0x4008,
  0x2000, 0x2000, 0x2000, 0x2000, 0x0000, 0x0030, 0x2098, 0x0098, 0x0090, 0x2098, 0x0050, 0x2000, 0x2008, 0x4118, 0x4108, 0x4108,
  0x4108, 0x4108, 0x4108, 0x4108, 0x4108, 0x4108, 0x4108, 0x4108, 0x4108, 0x4108, 0x4108, 0x4108, 0x4108, 0x4108, 0x2000, 0x2000,
  0x0000, 0x0000, 0x0010, 0x2118, 0x6108, 0x6108, 0x4108, 0x4108, 0x4108, 0x4108, 0x4108, 0x4108, 0x4108, 0x4108, 0x4108, 0x4108,
  0x4108, 0x6108, 0x6108, 0x4108, 0x4108, 0x4108, 0x4108, 0x4108, 0x4108, 0x4108, 0x4108, 0x4108, 0x4108, 0x4108, 0x4108, 0x4108,
  0x4108, 0x4108, 0x4108, 0x4108, 0x4108, 0x2008, 0x2000, 0x2000, 0x2000, 0x2008, 0x2000, 0x2000, 0x2000, 0x2000, 0x2000, 0x2000,
  0x0000, 0x0000, 0x0000, 0x0000, 0x0000, 0x0000, 0x0000, 0x2000, 0x0000, 0x0000, 0x0000, 0x0000, 0x0000, 0x2000, 0x0000, 0x0000,
  0x0000, 0x0000, 0x0000, 0x0000, 0x0000, 0x0000, 0x0000, 0x0000, 0x0000, 0x0000, 0x2000, 0x0000, 0x0000, 0x0000, 0x0000, 0x0000,
  0x0000, 0x2000, 0x2000, 0x2000, 0x2000, 0x2000, 0x0000, 0x0000, 0x2000, 0x0000, 0x2000, 0x0000, 0x0000, 0x2000, 0x0000, 0x2000,
  0x0000, 0x0000, 0x2000, 0x2000, 0x0000, 0x2000, 0x2000, 0x2000, 0x2000, 0x2000, 0x2000, 0x0000, 0x2000, 0x2000, 0x2000, 0x2000,
  0x2000, 0x0000, 0x2000, 0x2000, 0x2000, 0x2000, 0x2000, 0x2000, 0x2000, 0x2000, 0x4108, 0x2000, 0x2000, 0x2000, 0x2000, 0x2000,
  0x2000, 0x2000, 0x2000, 0x2000, 0x2000, 0x2000, 0x2000, 0x2000, 0x4108, 0x0000, 0x2000, 0x2000, 0x0000, 0x2000, 0x2000, 0x2000,
  0x2000, 0x2000, 0x2000, 0x2000, 0x2000, 0x4108, 0x2000, 0x2000, 0x2000, 0x2000, 0x2000, 0x4108, 0x2000, 0x2000, 0x2000, 0x2000,
  0x2000, 0x4108, 0x2000, 0x2000, 0x2000, 0x2000, 0x2000, 0x2000, 0x0000, 0x4108, 0x2000, 0x2000, 0x2000, 0x2000, 0x2000, 0x4108,
  0x2000, 0x4008, 0x2008, 0x4000, 0x2000, 0x2000, 0x2000, 0x4108, 0x2000, 0x2000, 0x2000, 0x2000, 0x2000, 0x4108, 0x2000, 0x4008,
  0x2008, 0x2000, 0x2008, 0x2000, 0x2000, 0x6108, 0x2000, 0x2000, 0x2000, 0x2000, 0x2000, 0x4108, 0x2000, 0x2000, 0x2000, 0x2000,
  0x2000, 0x2000, 0x0000, 0x4108, 0x2008, 0x2000, 0x2008, 0x4108, 0x2000, 0x4108, 0x2000, 0x2000, 0x2000, 0x0000, 0x0000, 0x2000,
  0x4108, 0x2000, 0x2000, 0x2000, 0x2000, 0x2000, 0x2000, 0x0000, 0x2000, 0x4108, 0x2000, 0x2000, 0x2000, 0x2000, 0x2000, 0x2000,
  0x0000, 0x0000, 0x2000, 0x2008, 0x2000, 0x2008, 0x2020, 0x2008, 0x2000, 0x2000, 0x0010, 0x0020, 0x2008, 0x2000, 0x2008, 0x0028,
  0x2010, 0x4000, 0x2010, 0x2010, 0x2000, 0x4000, 0x2010, 0x2008, 0x2000, 0x4000, 0x2008, 0x2008, 0x2000, 0x4008, 0x2008, 0x2000,
  0x2000, 0x2000, 0x2000, 0x2000, 0x2000, 0x2000, 0x2000, 0x2000, 0x2000, 0x2000, 0x2000, 0x2000, 0x2008, 0x2008, 0x4000, 0x4008,
  0x2000, 0x2000, 0x0000, 0x0000, 0x2058, 0x0098, 0x0080, 0x0090, 0x2078, 0x2020, 0x2000, 0x2010, 0x4110, 0x4100, 0x4108, 0x4110,
  0x4108, 0x4108, 0x4108, 0x4108, 0x4108, 0x4108, 0x4108, 0x4108, 0x4108, 0x4108, 0x4108, 0x4108, 0x2000, 0x2000, 0x2000, 0x0000,
  0x0000, 0x2018, 0x4110, 0x4100, 0x4108, 0x4108, 0x4108, 0x4108, 0x4108, 0x4108, 0x4108, 0x4108, 0x4108, 0x4108, 0x4108, 0x4108,
  0x4108, 0x4108, 0x4108, 0x4108, 0x4108, 0x4108, 0x4108, 0x4108, 0x4108, 0x4108, 0x4108, 0x4108, 0x4108, 0x4108, 0x4108, 0x4108,
  0x2000, 0x4108, 0x4108, 0x4008, 0x4008, 0x2000, 0x2000, 0x2000, 0x2000, 0x2000, 0x2000, 0x2000, 0x2000, 0x2000, 0x2000, 0x2000,
  0x0000, 0x0000, 0x0000, 0x0000, 0x0000, 0x0000, 0x0000, 0x0000, 0x0000, 0x0000, 0x0000, 0x0000, 0x0000, 0x2000, 0x0000, 0x0000,
  0x0000, 0x0000, 0x0000, 0x0000, 0x2000, 0x0000, 0x0000, 0x0000, 0x0000, 0x0000, 0x2000, 0x2000, 0x0000, 0x2000, 0x0000, 0x0000,
  0x0000, 0x2000, 0x2000, 0x0000, 0x0000, 0x0000, 0x0000, 0x0000, 0x2000, 0x0000, 0x2000, 0x2000, 0x2000, 0x2000, 0x2000, 0x2000,
  0x0000, 0x0000, 0x0000, 0x0000, 0x0000, 0x2000, 0x2000, 0x0000, 0x2000, 0x2000, 0x2000, 0x0000, 0x2000, 0x2000, 0x0000, 0x0000,
  0x2000, 0x2000, 0x2000, 0x2000, 0x2000, 0x2000, 0x2000, 0x2000, 0x0000, 0x2000, 0x2000, 0x2000, 0x2000, 0x2000, 0x2000, 0x2000,
  0x2000, 0x2000, 0x2000, 0x2000, 0x2000, 0x2000, 0x0000, 0x4108, 0x2000, 0x2000, 0x2000, 0x2000, 0x2000, 0x2000, 0x4108, 0x2000,
  0x2000, 0x2000, 0x2000, 0x0000, 0x2000, 0x4108, 0x2000, 0x2000, 0x2000, 0x2000, 0x2000, 0x6108, 0x2000, 0x2000, 0x2000, 0x2000,
  0x2000, 0x2000, 0x4108, 0x2000, 0x2000, 0x2000, 0x2000, 0x2000, 0x2000, 0x4108, 0x2000, 0x2000, 0x2000, 0x2000, 0x2000, 0x4108,
  0x4108, 0x2000, 0x4008, 0x2000, 0x4008, 0x2000, 0x4108, 0x4108, 0x2000, 0x2000, 0x2000, 0x2000, 0x2000, 0x6108, 0x2000, 0x4108,
  0x4108, 0x4108, 0x4108, 0x2000, 0x4108, 0x4108, 0x2000, 0x2000, 0x2000, 0x2000, 0x2000, 0x4108, 0x2000, 0x2000, 0x2000, 0x2000,
  0x2000, 0x2000, 0x2000, 0x4108, 0x2000, 0x2000, 0x2000, 0x2000, 0x2000, 0x4108, 0x4008, 0x2000, 0x2000, 0x2000, 0x2000, 0x2000,
  0x2000, 0x4108, 0x2000, 0x2000, 0x2000, 0x2000, 0x2000, 0x0000, 0x6108, 0x2000, 0x2000, 0x2000, 0x0000, 0x0000, 0x0000, 0x0000,
  0x0000, 0x2008, 0x4008, 0x2000, 0x2010, 0x2018, 0x2000, 0x2000, 0x2000, 0x0018, 0x2018, 0x2000, 0x2000, 0x0018, 0x2020, 0x2008,
  0x4000, 0x2018, 0x2010, 0x2000, 0x2008, 0x2010, 0x2008, 0x2000, 0x2008, 0x2008, 0x2008, 0x2000, 0x2008, 0x2008, 0x2000, 0x2000,
  0x2000, 0x2000, 0x2000, 0x2000, 0x2000, 0x2000, 0x2000, 0x2000, 0x2000, 0x2000, 0x2000, 0x2008, 0x2000, 0x2000, 0x2000, 0x2000,
  0x2000, 0x0000, 0x0010, 0x0078, 0x0090, 0x0080, 0x0080, 0x0048, 0x2000, 0x2000, 0x2018, 0x4108, 0x4100, 0x4108, 0x2008, 0x4108,
  0x4108, 0x4108, 0x4108, 0x4108, 0x4108, 0x4108, 0x4108, 0x4108, 0x4108, 0x4108, 0x4108, 0x2000, 0x2000, 0x0000, 0x0000, 0x0008,
  0x2018, 0x4108, 0x4108, 0x4108, 0x4108, 0x4108, 0x4108, 0x4108, 0x4108, 0x4108, 0x4108, 0x4108, 0x4108, 0x4108, 0x4108, 0x4108,
  0x4108, 0x4108, 0x4108, 0x4108, 0x4108, 0x4108, 0x4108, 0x4108, 0x4108, 0x4108, 0x4108, 0x4108, 0x4108, 0x4108, 0x4108, 0x4108,
  0x4108, 0x2108, 0x2108, 0x2008, 0x4008, 0x2008, 0x2000, 0x2000, 0x2008, 0x2000, 0x2000, 0x2000, 0x2000, 0x2000, 0x2000, 0x0000,
  0x0000, 0x0000, 0x0000, 0x0000, 0x0000, 0x0000, 0x0000, 0x0000, 0x0000, 0x0000, 0x0000, 0x0000, 0x0000, 0x0000, 0x0000, 0x0000,
  0x0000, 0x0000, 0x0000, 0x0000, 0x0000, 0x0000, 0x0000, 0x0000, 0x0000, 0x0000, 0x0000, 0x2000, 0x2000, 0x2000, 0x2000, 0x0000,
  0x2000, 0x2000, 0x0000, 0x0000, 0x0000, 0x0000, 0x0000, 0x0000, 0x0000, 0x2000, 0x0000, 0x2000, 0x2000, 0x0000, 0x2000, 0x2000,
  0x0000, 0x2000, 0x0000, 0x0000, 0x0000, 0x0000, 0x2000, 0x2000, 0x2000, 0x2000, 0x2000, 0x2000, 0x2000, 0x0000, 0x0000, 0x0000,
  0x2000, 0x2000, 0x0000, 0x2000, 0x2000, 0x2000, 0x2000, 0x2000, 0x0000, 0x4108, 0x2000, 0x2000, 0x2000, 0x2000, 0x2000, 0x2000,
  0x2000, 0x2008, 0x2000, 0x2000, 0x2000, 0x0000, 0x2000, 0x2008, 0x0000, 0x2000, 0x2000, 0x2000, 0x2000, 0x0000, 0x2000, 0x2000,
  0x2000, 0x2000, 0x2000, 0x0000, 0x4108, 0x2000, 0x2000, 0x2000, 0x2000, 0x2000, 0x2000, 0x2000, 0x2000, 0x2000, 0x2000, 0x2000,
  0x2000, 0x2000, 0x4108, 0x2000, 0x2000, 0x2000, 0x2000, 0x0000, 0x4108, 0x2000, 0x2000, 0x2000, 0x2000, 0x2000, 0x2000, 0x2000,
  0x4108, 0x2000, 0x2000, 0x2000, 0x2000, 0x2000, 0x6108, 0x2000, 0x2000, 0x2000, 0x2000, 0x2000, 0x2000, 0x2008, 0x4108, 0x2000,
  0x2008, 0x2000, 0x2000, 0x2000, 0x6108, 0x2000, 0x2000, 0x2000, 0x2000, 0x2000, 0x2000, 0x2000, 0x4108, 0x2000, 0x2000, 0x2000,
  0x2000, 0x0000, 0x4108, 0x2000, 0x2000, 0x2000, 0x2000, 0x2000, 0x2000, 0x2000, 0x4108, 0x2000, 0x2000, 0x2000, 0x2000, 0x0000,
  0x2000, 0x6108, 0x2000, 0x2000, 0x2000, 0x2000, 0x0000, 0x2000, 0x4108, 0x0000, 0x2000, 0x0000, 0x0000, 0x0000, 0x0000, 0x0000,
  0x2008, 0x4100, 0x2008, 0x2018, 0x0010, 0x2000, 0x2000, 0x2008, 0x0018, 0x0008, 0x2000, 0x2000, 0x0020, 0x2018, 0x2000, 0x2008,
  0x2018, 0x2008, 0x4000, 0x2008, 0x2010, 0x2000, 0x2000, 0x2008, 0x2008, 0x2000, 0x2000, 0x2008, 0x2008, 0x2000, 0x2000, 0x2000,
  0x2000, 0x2000, 0x2000, 0x2000, 0x2000, 0x2000, 0x2000, 0x2000, 0x2000, 0x2000, 0x2000, 0x2000, 0x2000, 0x2000, 0x2000, 0x0000,
  0x0000, 0x0028, 0x0088, 0x0080, 0x0080, 0x0068, 0x0020, 0x2000, 0x4010, 0x2010, 0x4100, 0x4100, 0x4008, 0x2008, 0x2100, 0x2000,
  0x4108, 0x4108, 0x4108, 0x4108, 0x4108, 0x4108, 0x4108, 0x4108, 0x2008, 0x2000, 0x0000, 0x0000, 0x0000, 0x0000, 0x0010, 0x4110,
  0x4108, 0x4108, 0x4108, 0x4108, 0x4108, 0x4108, 0x4108, 0x4108, 0x4108, 0x4108, 0x4108, 0x4108, 0x4108, 0x4108, 0x4108, 0x4108,
  0x4108, 0x4108, 0x4108, 0x4108, 0x4108, 0x4108, 0x4108, 0x4108, 0x4108, 0x4108, 0x4108, 0x4108, 0x4108, 0x4108, 0x2108, 0x4008,
  0x4108, 0x4008, 0x4008, 0x2108, 0x4000, 0x2000, 0x2000, 0x2000, 0x2000, 0x2000, 0x2000, 0x2000, 0x2000, 0x2000, 0x2000, 0x2000,
  0x0000, 0x0000, 0x0000, 0x0000, 0x0000, 0x0000, 0x0000, 0x0000, 0x0000, 0x0000, 0x0000, 0x0000, 0x0000, 0x0000, 0x0000, 0x0000,
  0x0000, 0x0000, 0x0000, 0x0000, 0x0000, 0x0000, 0x0000, 0x0000, 0x0000, 0x0000, 0x0000, 0x2000, 0x2000, 0x2000, 0x2000, 0x2000,
  0x2000, 0x0000, 0x0000, 0x0000, 0x0000, 0x0000, 0x0000, 0x0000, 0x0000, 0x2000, 0x2000, 0x2000, 0x2000, 0x2000, 0x2000, 0x0000,
  0x0000, 0x0000, 0x0000, 0x0000, 0x2000, 0x0000, 0x2000, 0x2000, 0x2000, 0x2000, 0x2000, 0x2000, 0x2000, 0x0000, 0x0000, 0x0000,
  0x2000, 0x0000, 0x0000, 0x2000, 0x2000, 0x2000, 0x4008, 0x2008, 0x2000, 0x2000, 0x2000, 0x2000, 0x2000, 0x2000, 0x2000, 0x2000,
  0x0000, 0x2000, 0x4108, 0x4108, 0x4108, 0x2000, 0x4108, 0x2000, 0x2000, 0x2000, 0x2000, 0x2000, 0x2000, 0x0000, 0x0000, 0x4108,
  0x2000, 0x4108, 0x2000, 0x2008, 0x2000, 0x0000, 0x2000, 0x2000, 0x2000, 0x2000, 0x2000, 0x2000, 0x2000, 0x2000, 0x2000, 0x2000,
  0x2000, 0x2000, 0x2000, 0x4108, 0x4108, 0x4108, 0x4108, 0x4108, 0x4108, 0x2000, 0x2000, 0x2000, 0x2000, 0x2000, 0x2000, 0x2000,
  0x4108, 0x4108, 0x4108, 0x4108, 0x4108, 0x4108, 0x4108, 0x2000, 0x2000, 0x2000, 0x2000, 0x2000, 0x2000, 0x2000, 0x4108, 0x4108,
  0x4108, 0x4108, 0x4108, 0x4108, 0x2000, 0x2000, 0x2000, 0x2000, 0x2000, 0x2000, 0x2000, 0x2000, 0x4108, 0x4108, 0x4108, 0x4108,
  0x4108, 0x4108, 0x4108, 0x2000, 0x2000, 0x2000, 0x2000, 0x2000, 0x2000, 0x2000, 0x4108, 0x4108, 0x2008, 0x2000, 0x2000, 0x2000,
  0x2008, 0x2000, 0x4108, 0x2000, 0x4108, 0x4108, 0x2000, 0x4108, 0x2000, 0x2000, 0x0000, 0x0000, 0x0000, 0x0000, 0x0000, 0x2008,
  0x2000, 0x2010, 0x0018, 0x0008, 0x2000, 0x2000, 0x0010, 0x0018, 0x2000, 0x2000, 0x0008, 0x0018, 0x2008, 0x2000, 0x2010, 0x0010,
  0x2000, 0x4100, 0x2010, 0x2008, 0x2000, 0x2000, 0x2008, 0x2008, 0x2000, 0x2008, 0x2008, 0x2008, 0x2000, 0x2000, 0x2000, 0x2000,
  0x2000, 0x2000, 0x2000, 0x2000, 0x2000, 0x2000, 0x2000, 0x2000, 0x2000, 0x2000, 0x2000, 0x2000, 0x2000, 0x0000, 0x0000, 0x0000,
  0x0050, 0x0088, 0x0070, 0x0070, 0x0040, 0x0000, 0x2000, 0x2018, 0x2008, 0x4100, 0x4108, 0x2008, 0x2008, 0x4108, 0x4108, 0x4108,
  0x4008, 0x4108, 0x2008, 0x4108, 0x4108, 0x4108, 0x4108, 0x2000, 0x2000, 0x0000, 0x0000, 0x0000, 0x0008, 0x2018, 0x4108, 0x4100,
  0x4108, 0x4108, 0x4108, 0x4108, 0x4108, 0x4108, 0x4108, 0x4108, 0x4108, 0x4108, 0x4108, 0x4108, 0x4108, 0x4000, 0x4108, 0x4108,
  0x4108, 0x4108, 0x4108, 0x4108, 0x4108, 0x4108, 0x4108, 0x4108, 0x4108, 0x4108, 0x4108, 0x4108, 0x4108, 0x2000, 0x2008, 0x2000,
  0x2008, 0x2000, 0x2000, 0x2000, 0x2000, 0x2000, 0x2000, 0x2000, 0x2000, 0x2000, 0x2000, 0x2000, 0x2000, 0x2000, 0x2000, 0x2000,
  0x0000, 0x0000, 0x0000, 0x0000, 0x0000, 0x0000, 0x0000, 0x0000, 0x0000, 0x0000, 0x0000, 0x0000, 0x0000, 0x0000, 0x0000, 0x0000,
  0x0000, 0x0000, 0x0000, 0x0000, 0x0000, 0x0000, 0x0000, 0x0000, 0x0000, 0x0000, 0x0000, 0x2000, 0x0000, 0x0000, 0x0000, 0x0000,
  0x0000, 0x2000, 0x0000, 0x0000, 0x0000, 0x0000, 0x0000, 0x0000, 0x0000, 0x0000, 0x0000, 0x0000, 0x0000, 0x0000, 0x2000, 0x2000,
  0x0000, 0x0000, 0x0000, 0x0000, 0x0000, 0x0000, 0x2000, 0x0000, 0x0000, 0x2000, 0x0000, 0x2000, 0x2000, 0x0000, 0x2000, 0x0000,
  0x2000, 0x2000, 0x0000, 0x2000, 0x2000, 0x0000, 0x2000, 0x2000, 0x2000, 0x2000, 0x2000, 0x2000, 0x2000, 0x2000, 0x2000, 0x2000,
  0x0000, 0x2000, 0x2000, 0x2000, 0x2000, 0x2000, 0x2000, 0x2000, 0x0000, 0x2000, 0x2000, 0x2000, 0x2000, 0x0000, 0x2000, 0x2000,
  0x2000, 0x2000, 0x2000, 0x2000, 0x2000, 0x2000, 0x2000, 0x2000, 0x2000, 0x2000, 0x2000, 0x2000, 0x2000, 0x2000, 0x2000, 0x2000,
  0x2000, 0x2000, 0x2008, 0x2108, 0x2000, 0x2008, 0x2000, 0x2000, 0x4108, 0x2000, 0x2000, 0x2000, 0x2000, 0x2000, 0x2000, 0x0000,
  0x4108, 0x4108, 0x4108, 0x4108, 0x2000, 0x2000, 0x4008, 0x2000, 0x2000, 0x2000, 0x2000, 0x2000, 0x2000, 0x2000, 0x4108, 0x2000,
  0x2000, 0x2000, 0x2000, 0x4108, 0x2000, 0x2000, 0x2000, 0x0000, 0x2000, 0x2000, 0x2000, 0x0000, 0x4108, 0x2000, 0x2000, 0x2000,
  0x2000, 0x4008, 0x4108, 0x2000, 0x2000, 0x2000, 0x2000, 0x2000, 0x2000, 0x2000, 0x4108, 0x4108, 0x4108, 0x2000, 0x4108, 0x4108,
  0x2000, 0x2000, 0x4108, 0x4108, 0x4108, 0x4108, 0x2000, 0x2008, 0x0000, 0x0000, 0x0000, 0x0000, 0x0000, 0x2000, 0x2000, 0x2000,
  0x2018, 0x0018, 0x0000, 0x2000, 0x2008, 0x0018, 0x0010, 0x2000, 0x2000, 0x0018, 0x0018, 0x0000, 0x2000, 0x2010, 0x0008, 0x2000,
  0x2008, 0x2008, 0x2000, 0x2000, 0x2008, 0x2008, 0x2008, 0x2000, 0x2008, 0x2008, 0x2000, 0x2008, 0x2000, 0x2000, 0x2000, 0x2000,
  0x2000, 0x2000, 0x2000, 0x2000, 0x2000, 0x2000, 0x2000, 0x2000, 0x2000, 0x2000, 0x2000, 0x2000, 0x0000, 0x0000, 0x0010, 0x0068,
  0x0080, 0x0068, 0x0058, 0x0020, 0x2000, 0x2010, 0x2018, 0x2000, 0x2000, 0x2008, 0x2008, 0x2000, 0x2000, 0x2008, 0x2000, 0x2008,
  0x2000, 0x2000, 0x2000, 0x2008, 0x4108, 0x2108, 0x2000, 0x0000, 0x0000, 0x0000, 0x0000, 0x0010, 0x4110, 0x4108, 0x4108, 0x4108,
  0x4108, 0x4108, 0x4108, 0x4108, 0x4108, 0x4108, 0x4108, 0x4108, 0x4108, 0x4108, 0x4008, 0x2008, 0x2000, 0x2008, 0x4008, 0x4108,
  0x4108, 0x4108, 0x4008, 0x4108, 0x4108, 0x4108, 0x4108, 0x4108, 0x4108, 0x4108, 0x4108, 0x2008, 0x2008, 0x2000, 0x2000, 0x2000,
  0x2000, 0x2000, 0x2000, 0x2000, 0x2000, 0x2000, 0x2000, 0x2000, 0x2000, 0x2000, 0x2000, 0x2000, 0x2000, 0x2000, 0x2000, 0x0000,
  0x0000, 0x0000, 0x0000, 0x0000, 0x0000, 0x0000, 0x0000, 0x0000, 0x0000, 0x0000, 0x0000, 0x0000, 0x0000, 0x2000, 0x0000, 0x0000,
  0x0000, 0x0000, 0x0000, 0x0000, 0x0000, 0x0000, 0x0000, 0x0000, 0x0000, 0x0000, 0x0000, 0x0000, 0x0000, 0x0000, 0x0000, 0x0000,
  0x0000, 0x0000, 0x0000, 0x0000, 0x0000, 0x0000, 0x0000, 0x0000, 0x2000, 0x0000, 0x0000, 0x0000, 0x0000, 0x0000, 0x0000, 0x2000,
  0x0000, 0x2000, 0x0000, 0x0000, 0x0000, 0x0000, 0x2000, 0x0000, 0x0000, 0x0000, 0x2000, 0x0000, 0x2000, 0x2000, 0x2000, 0x2000,
  0x0000, 0x2000, 0x0000, 0x2000, 0x0000, 0x2000, 0x0000, 0x2000, 0x2000, 0x2000, 0x2000, 0x2000, 0x2000, 0x0000, 0x2000, 0x0000,
  0x2000, 0x2000, 0x0000, 0x2000, 0x2000, 0x2000, 0x0000, 0x2008, 0x2000, 0x2000, 0x2000, 0x0000, 0x0000, 0x0000, 0x4008, 0x2000,
  0x2000, 0x2000, 0x2000, 0x2000, 0x2000, 0x2000, 0x2000, 0x2000, 0x2000, 0x2000, 0x0000, 0x2008, 0x2000, 0x2000, 0x2000, 0x2000,
  0x2000, 0x2000, 0x4108, 0x2000, 0x2000, 0x2000, 0x2000, 0x0000, 0x4108, 0x2008, 0x2000, 0x2000, 0x2000, 0x2000, 0x2000, 0x2000,
  0x4108, 0x2000, 0x2000, 0x2000, 0x2000, 0x2000, 0x4108, 0x2000, 0x2000, 0x2000, 0x2000, 0x2000, 0x2000, 0x4108, 0x2000, 0x0000,
  0x0000, 0x2000, 0x2000, 0x2000, 0x4108, 0x0000, 0x2000, 0x2000, 0x2000, 0x2000, 0x0000, 0x2000, 0x2108, 0x0000, 0x2000, 0x2000,
  0x2000, 0x0000, 0x4108, 0x2000, 0x2000, 0x2000, 0x2000, 0x2000, 0x2000, 0x2000, 0x4108, 0x0000, 0x2000, 0x2000, 0x0000, 0x0000,
  0x2000, 0x6108, 0x2000, 0x0000, 0x0000, 0x0000, 0x0000, 0x2000, 0x0000, 0x0000, 0x0000, 0x0000, 0x4008, 0x4100, 0x2008, 0x0018,
  0x0008, 0x0000, 0x0000, 0x0008, 0x0018, 0x0008, 0x2000, 0x2000, 0x0018, 0x0010, 0x2000, 0x2008, 0x0010, 0x0000, 0x2000, 0x2008,
  0x0008, 0x0000, 0x0000, 0x0008, 0x0008, 0x2000, 0x2000, 0x2008, 0x0000, 0x2000, 0x2000, 0x2000, 0x2000, 0x2000, 0x2000, 0x2000,
  0x2000, 0x2000, 0x2000, 0x2000, 0x0000, 0x2000, 0x2000, 0x2000, 0x2000, 0x0000, 0x0000, 0x0000, 0x0000, 0x0030, 0x0078, 0x0068,
  0x0058, 0x0040, 0x0000, 0x2000, 0x2018, 0x2010, 0x2000, 0x2000, 0x2008, 0x2008, 0x2000, 0x2000, 0x2108, 0x4108, 0x2000, 0x2000,
  0x2000, 0x2000, 0x2000, 0x2008, 0x2000, 0x2000, 0x0000, 0x0000, 0x0000, 0x0000, 0x2010, 0x4108, 0x4108, 0x4108, 0x4108, 0x4108,
  0x4108, 0x4108, 0x4108, 0x4108, 0x4108, 0x4108, 0x4108, 0x4108, 0x4108, 0x4108, 0x4008, 0x2008, 0x2008, 0x2008, 0x4008, 0x4108,
  0x4108, 0x4108, 0x2008, 0x4108, 0x4108, 0x4108, 0x4008, 0x4008, 0x2008, 0x2008, 0x2000, 0x2000, 0x2000, 0x2000, 0x2000, 0x2000,
  0x2000, 0x2000, 0x2000, 0x2000, 0x2000, 0x2000, 0x2000, 0x2000, 0x2000, 0x2000, 0x2000, 0x2000, 0x2000, 0x2000, 0x2000, 0x2000,
  0x0000, 0x0000, 0x0000, 0x0000, 0x0000, 0x0000, 0x0000, 0x0000, 0x0000, 0x0000, 0x0000, 0x0000, 0x0000, 0x0000, 0x0000, 0x0000,
  0x0000, 0x0000, 0x0000, 0x0000, 0x0000, 0x0000, 0x0000, 0x0000, 0x0000, 0x0000, 0x2000, 0x0000, 0x0000, 0x0000, 0x0000, 0x0000,
  0x0000, 0x0000, 0x0000, 0x0000, 0x0000, 0x0000, 0x0000, 0x0000, 0x2000, 0x0000, 0x0000, 0x0000, 0x0000, 0x0000, 0x0000, 0x2000,
  0x0000, 0x0000, 0x0000, 0x0000, 0x0000, 0x2000, 0x0000, 0x0000, 0x0000, 0x0000, 0x2000, 0x0000, 0x2000, 0x2000, 0x0000, 0x0000,
  0x2000, 0x0000, 0x2000, 0x2000, 0x0000, 0x2000, 0x0000, 0x0000, 0x0000, 0x2000, 0x2000, 0x0000, 0x2000, 0x0000, 0x0000, 0x0000,
  0x2000, 0x0000, 0x2000, 0x0000, 0x0000, 0x0000, 0x0000, 0x2000, 0x2000, 0x0000, 0x0000, 0x0000, 0x0000, 0x2000, 0x2000, 0x0000,
  0x2000, 0x0000, 0x2000, 0x2000, 0x2000, 0x4000, 0x0000, 0x2000, 0x2000, 0x0000, 0x0000, 0x4108, 0x2000, 0x2000, 0x2000, 0x2000,
  0x0000, 0x4108, 0x4108, 0x2000, 0x2000, 0x2000, 0x2000, 0x2000, 0x2000, 0x4108, 0x2000, 0x2000, 0x2000, 0x2000, 0x0000, 0x4108,
  0x2000, 0x2000, 0x2000, 0x2000, 0x2000, 0x2000, 0x2000, 0x4108, 0x2000, 0x2000, 0x2000, 0x2000, 0x2000, 0x4108, 0x0000, 0x2000,
  0x0000, 0x2000, 0x2000, 0x2000, 0x2008, 0x2000, 0x0000, 0x2000, 0x2000, 0x2000, 0x0000, 0x4108, 0x0000, 0x2000, 0x2000, 0x2000,
  0x2000, 0x0000, 0x2000, 0x4108, 0x2000, 0x2000, 0x2000, 0x2000, 0x0000, 0x4108, 0x2000, 0x0000, 0x0000, 0x2000, 0x2000, 0x2000,
  0x2000, 0x4108, 0x0000, 0x0000, 0x0000, 0x0000, 0x0000, 0x0000, 0x0000, 0x0000, 0x0000, 0x2000, 0x2000, 0x2008, 0x0010, 0x0000,
  0x0000, 0x0000, 0x0010, 0x0010, 0x2000, 0x2000, 0x0008, 0x0018, 0x0008, 0x2000, 0x2008, 0x2010, 0x2000, 0x2000, 0x0008, 0x0000,
  0x0000, 0x0000, 0x0008, 0x0000, 0x0000, 0x2000, 0x2008, 0x0000, 0x0000, 0x0000, 0x0000, 0x2000, 0x0000, 0x0000, 0x0000, 0x0000,
  0x0000, 0x0000, 0x0000, 0x0000, 0x0000, 0x0000, 0x0000, 0x0000, 0x0000, 0x0000, 0x0000, 0x0000, 0x0048, 0x0070, 0x0058, 0x0048,
  0x0018, 0x0000, 0x2008, 0x2018, 0x2008, 0x2000, 0x2008, 0x2008, 0x2000, 0x2000, 0x2000, 0x2000, 0x2000, 0x2000, 0x2000, 0x2000,
  0x2000, 0x2000, 0x2000, 0x2000, 0x0000, 0x0000, 0x0000, 0x0000, 0x0008, 0x2008, 0x4108, 0x4100, 0x4108, 0x4108, 0x4108, 0x4108,
  0x2008, 0x4008, 0x4108, 0x4108, 0x4108, 0x4108, 0x4008, 0x2008, 0x2008, 0x4008, 0x4008, 0x2008, 0x2000, 0x2000, 0x4000, 0x4108,
  0x4108, 0x4108, 0x4008, 0x2008, 0x2000, 0x2000, 0x2000, 0x2000, 0x2000, 0x2000, 0x2000, 0x2000, 0x2000, 0x2000, 0x2000, 0x2000,
  0x2000, 0x2000, 0x2000, 0x2000, 0x2000, 0x2000, 0x2000, 0x2000, 0x2000, 0x2000, 0x2000, 0x2000, 0x2000, 0x2000, 0x2000, 0x2000,
  0x0000, 0x0000, 0x0000, 0x0000, 0x0000, 0x0000, 0x0000, 0x0000, 0x0000, 0x0000, 0x0000, 0x0000, 0x0000, 0x0000, 0x0000, 0x0000,
  0x0000, 0x0000, 0x0000, 0x0000, 0x0000, 0x0000, 0x0000, 0x2000, 0x2000, 0x0000, 0x0000, 0x0000, 0x0000, 0x0000, 0x0000, 0x0000,
  0x0000, 0x0000, 0x2000, 0x2000, 0x2000, 0x2000, 0x2000, 0x2000, 0x0000, 0x0000, 0x0000, 0x0000, 0x0000, 0x0000, 0x0000, 0x0000,
  0x2000, 0x2000, 0x2000, 0x2000, 0x2000, 0x2000, 0x0000, 0x0000, 0x0000, 0x0000, 0x0000, 0x0000, 0x0000, 0x2000, 0x2000, 0x2000,
  0x2000, 0x2000, 0x2000, 0x0000, 0x2000, 0x2000, 0x0000, 0x0000, 0x0000, 0x0000, 0x2000, 0x2000, 0x2000, 0x2000, 0x2000, 0x2000,
  0x2000, 0x0000, 0x0000, 0x0000, 0x0000, 0x0000, 0x0000, 0x0000, 0x2000, 0x2000, 0x2000, 0x2000, 0x2000, 0x2008, 0x0000, 0x2000,
  0x2000, 0x2000, 0x2000, 0x2000, 0x0000, 0x2000, 0x2000, 0x2000, 0x2000, 0x2000, 0x2000, 0x2000, 0x2008, 0x2000, 0x2000, 0x2000,
  0x2000, 0x4108, 0x0000, 0x2000, 0x2000, 0x2000, 0x2000, 0x2000, 0x2000, 0x4108, 0x2108, 0x2000, 0x2008, 0x2000, 0x2000, 0x4108,
  0x2000, 0x2000, 0x2000, 0x2000, 0x2000, 0x2000, 0x2000, 0x4108, 0x2000, 0x2008, 0x4008, 0x2000, 0x2008, 0x2000, 0x0000, 0x2000,
  0x2000, 0x2000, 0x2000, 0x2000, 0x2000, 0x4108, 0x2000, 0x2000, 0x2000, 0x2000, 0x4108, 0x2000, 0x0000, 0x2000, 0x0000, 0x0000,
  0x2000, 0x2000, 0x0000, 0x4108, 0x4108, 0x2000, 0x2000, 0x2000, 0x2000, 0x2108, 0x0000, 0x0000, 0x0000, 0x0000, 0x0000, 0x2000,
  0x0000, 0x2000, 0x0000, 0x0000, 0x0000, 0x0000, 0x0000, 0x0000, 0x0000, 0x0000, 0x0000, 0x0000, 0x0010, 0x0010, 0x0000, 0x0000,
  0x0000, 0x0018, 0x0010, 0x2000, 0x0000, 0x0010, 0x0018, 0x0000, 0x2000, 0x0010, 0x0008, 0x2000, 0x0008, 0x0008, 0x0000, 0x0000,
  0x0000, 0x0008, 0x2000, 0x2000, 0x0000, 0x0000, 0x0000, 0x0000, 0x0000, 0x0000, 0x0000, 0x2000, 0x0000, 0x0000, 0x0000, 0x0000,
  0x0000, 0x0000, 0x0000, 0x0000, 0x2000, 0x0000, 0x0000, 0x0000, 0x0000, 0x0000, 0x0018, 0x0058, 0x0058, 0x0048, 0x0030, 0x0008,
  0x0000, 0x2010, 0x2010, 0x2000, 0x2000, 0x2008, 0x2008, 0x2000, 0x2000, 0x2000, 0x2000, 0x2000, 0x2000, 0x2000, 0x2000, 0x2000,
  0x2000, 0x2000, 0x0000, 0x0000, 0x0000, 0x0000, 0x0000, 0x2008, 0x2008, 0x2000, 0x2000, 0x2000, 0x2000, 0x2000, 0x2000, 0x2000,
  0x2000, 0x2000, 0x2000, 0x2008, 0x2000, 0x2000, 0x2000, 0x2000, 0x2008, 0x4008, 0x2008, 0x2000, 0x2000, 0x2000, 0x2000, 0x2000,
  0x2000, 0x2000, 0x2000, 0x2000, 0x2000, 0x2000, 0x2000, 0x2000, 0x2000, 0x2000, 0x2000, 0x2000, 0x2000, 0x2000, 0x2000, 0x2000,
  0x2000, 0x2000, 0x2000, 0x2000, 0x2000, 0x2000, 0x2000, 0x2000, 0x2000, 0x2000, 0x2000, 0x0000, 0x2000, 0x2000, 0x0000, 0x0000,
  0x0000, 0x0000, 0x0000, 0x0000, 0x0000, 0x0000, 0x0000, 0x0000, 0x0000, 0x0000, 0x0000, 0x0000, 0x0000, 0x0000, 0x0000, 0x0000,
  0x0000, 0x0000, 0x0000, 0x0000, 0x0000, 0x0000, 0x0000, 0x0000, 0x0000, 0x0000, 0x0000, 0x0000, 0x0000, 0x0000, 0x0000, 0x0000,
  0x0000, 0x0000, 0x0000, 0x0000, 0x0000, 0x0000, 0x0000, 0x0000, 0x0000, 0x0000, 0x0000, 0x0000, 0x0000, 0x0000, 0x0000, 0x0000,
  0x0000, 0x0000, 0x0000, 0x0000, 0x0000, 0x2000, 0x0000, 0x0000, 0x0000, 0x0000, 0x0000, 0x0000, 0x0000, 0x2000, 0x0000, 0x2000,
  0x2000, 0x0000, 0x2000, 0x0000, 0x0000, 0x2000, 0x0000, 0x0000, 0x0000, 0x0000, 0x2000, 0x2000, 0x2000, 0x2000, 0x2000, 0x2000,
  0x2000, 0x0000, 0x0000, 0x0000, 0x0000, 0x0000, 0x2000, 0x0000, 0x2000, 0x2000, 0x2000, 0x2000, 0x2000, 0x2000, 0x0000, 0x0000,
  0x2000, 0x2000, 0x0000, 0x2000, 0x0000, 0x2000, 0x2000, 0x2000, 0x2000, 0x2000, 0x2000, 0x2000, 0x2000, 0x2000, 0x2000, 0x2000,
  0x2000, 0x2000, 0x0000, 0x2000, 0x2000, 0x2000, 0x2000, 0x2000, 0x0000, 0x2000, 0x4108, 0x2000, 0x4108, 0x2008, 0x4108, 0x2000,
  0x2000, 0x2000, 0x2000, 0x2000, 0x2000, 0x2000, 0x0000, 0x4108, 0x4108, 0x4108, 0x4008, 0x2000, 0x4108, 0x2000, 0x0000, 0x2000,
  0x2000, 0x2000, 0x2000, 0x2000, 0x0000, 0x4108, 0x4008, 0x4108, 0x2008, 0x4108, 0x4108, 0x2000, 0x2000, 0x2000, 0x0000, 0x0000,
  0x2000, 0x2000, 0x0000, 0x2000, 0x4108, 0x4108, 0x2008, 0x2000, 0x2000, 0x2000, 0x0000, 0x0000, 0x0000, 0x0000, 0x0000, 0x0000,
  0x0000, 0x2000, 0x0000, 0x0000, 0x0000, 0x0000, 0x0000, 0x0000, 0x0000, 0x0000, 0x0008, 0x0010, 0x0008, 0x0000, 0x0000, 0x0008,
  0x0018, 0x0008, 0x2000, 0x2000, 0x0018, 0x0008, 0x0000, 0x0008, 0x0010, 0x0000, 0x0000, 0x0008, 0x0008, 0x0000, 0x0000, 0x0000,
  0x0000, 0x0000, 0x2000, 0x2000, 0x0000, 0x0000, 0x2000, 0x0000, 0x0000, 0x0000, 0x0000, 0x2000, 0x0000, 0x0000, 0x0000, 0x0000,
  0x0000, 0x0000, 0x0000, 0x0000, 0x0000, 0x0000, 0x0000, 0x0000, 0x0000, 0x0030, 0x0060, 0x0048, 0x0038, 0x0018, 0x0000, 0x2000,
  0x2010, 0x2008, 0x2000, 0x2000, 0x2008, 0x2000, 0x2000, 0x2000, 0x2000, 0x2000, 0x2000, 0x2000, 0x2000, 0x2000, 0x2000, 0x2000,
  0x2000, 0x0000, 0x0000, 0x0000, 0x0000, 0x0000, 0x2008, 0x4108, 0x4100, 0x2000, 0x2000, 0x2000, 0x2000, 0x2000, 0x2008, 0x2000,
  0x2000, 0x2000, 0x2000, 0x2000, 0x2008, 0x2000, 0x2000, 0x2000, 0x2000, 0x2000, 0x2000, 0x2000, 0x2000, 0x2000, 0x2000, 0x2000,
  0x2000, 0x2000, 0x2000, 0x2000, 0x2000, 0x2000, 0x2000, 0x2000, 0x2000, 0x2000, 0x2000, 0x2000, 0x2000, 0x2000, 0x2000, 0x2000,
  0x2000, 0x2000, 0x2000, 0x2000, 0x2000, 0x2000, 0x2000, 0x2000, 0x0000, 0x0000, 0x2000, 0x2000, 0x0000, 0x0000, 0x0000, 0x0000,
  0x0000, 0x0000, 0x0000, 0x0000, 0x0000, 0x0000, 0x0000, 0x0000, 0x0000, 0x0000, 0x0000, 0x0000, 0x0000, 0x0000, 0x0000, 0x0000,
  0x0000, 0x0000, 0x0000, 0x0000, 0x0000, 0x0000, 0x0000, 0x0000, 0x0000, 0x0000, 0x0000, 0x0000, 0x0000, 0x0000, 0x0000, 0x0000,
  0x0000, 0x0000, 0x0000, 0x0000, 0x0000, 0x0000, 0x0000, 0x0000, 0x2000, 0x0000, 0x0000, 0x0000, 0x0000, 0x0000, 0x0000, 0x2000,
  0x0000, 0x0000, 0x0000, 0x0000, 0x0000, 0x0000, 0x0000, 0x0000, 0x0000, 0x0000, 0x2000, 0x0000, 0x2000, 0x2000, 0x0000, 0x0000,
  0x0000, 0x0000, 0x0000, 0x2000, 0x0000, 0x0000, 0x0000, 0x0000, 0x0000, 0x2000, 0x2000, 0x0000, 0x0000, 0x0000, 0x0000, 0x0000,
  0x2000, 0x0000, 0x2000, 0x0000, 0x0000, 0x2000, 0x0000, 0x2000, 0x2000, 0x0000, 0x0000, 0x0000, 0x0000, 0x2000, 0x2000, 0x0000,
  0x2000, 0x0000, 0x0000, 0x0000, 0x0000, 0x2000, 0x0000, 0x0000, 0x2000, 0x2000, 0x2000, 0x2008, 0x2000, 0x0000, 0x0000, 0x0000,
  0x0000, 0x2000, 0x2000, 0x2000, 0x2000, 0x2000, 0x2000, 0x2000, 0x0000, 0x4008, 0x0000, 0x0000, 0x2000, 0x2000, 0x0000, 0x4108,
  0x2000, 0x2000, 0x2000, 0x2000, 0x2000, 0x2000, 0x2000, 0x4108, 0x0000, 0x2000, 0x0000, 0x0000, 0x2000, 0x4108, 0x2000, 0x2000,
  0x2000, 0x2000, 0x2000, 0x2000, 0x2000, 0x2000, 0x0000, 0x0000, 0x0000, 0x0000, 0x2000, 0x2008, 0x0000, 0x0000, 0x0000, 0x0000,
  0x2000, 0x2000, 0x0000, 0x4108, 0x0000, 0x0000, 0x0000, 0x0000, 0x0000, 0x2000, 0x2000, 0x0000, 0x0000, 0x0000, 0x2000, 0x0000,
  0x0000, 0x2000, 0x0000, 0x0000, 0x0000, 0x0000, 0x0000, 0x0000, 0x0000, 0x0008, 0x0010, 0x0000, 0x0000, 0x0000, 0x0010, 0x0018,
  0x0000, 0x2000, 0x0008, 0x0018, 0x0008, 0x2000, 0x0010, 0x0008, 0x0000, 0x0000, 0x0008, 0x0000, 0x0000, 0x0000, 0x0000, 0x0000,
  0x0000, 0x0000, 0x0000, 0x0000, 0x0000, 0x0000, 0x0000, 0x0000, 0x0000, 0x0000, 0x0000, 0x0000, 0x0000, 0x0000, 0x0000, 0x0000,
  0x0000, 0x0000, 0x0000, 0x0000, 0x0000, 0x0000, 0x0000, 0x0000, 0x0040, 0x0058, 0x0040, 0x0028, 0x0000, 0x0000, 0x2010, 0x2010,
  0x2000, 0x2000, 0x2008, 0x0008, 0x2000, 0x2000, 0x0000, 0x2000, 0x2000, 0x2000, 0x2000, 0x2000, 0x2000, 0x2000, 0x2000, 0x0000,
  0x0000, 0x0000, 0x0000, 0x0000, 0x0008, 0x2008, 0x2000, 0x2000, 0x2000, 0x2000, 0x2000, 0x2000, 0x2000, 0x2000, 0x2000, 0x2000,
  0x2000, 0x2000, 0x2000, 0x2000, 0x2000, 0x2000, 0x2000, 0x2000, 0x2000, 0x2000, 0x2000, 0x2000, 0x2000, 0x2000, 0x2000, 0x2000,
  0x2000, 0x2000, 0x2000, 0x2000, 0x2000, 0x2000, 0x2000, 0x2000, 0x2000, 0x2000, 0x2000, 0x2000, 0x2000, 0x2000, 0x2000, 0x2000,
  0x2000, 0x2000, 0x2000, 0x2000, 0x2000, 0x2000, 0x0000, 0x0000, 0x0000, 0x0000, 0x0000, 0x0000, 0x0000, 0x0000, 0x0000, 0x0000,
  0x0000, 0x0000, 0x0000, 0x0000, 0x0000, 0x0000, 0x0000, 0x0000, 0x0000, 0x0000, 0x0000, 0x0000, 0x0000, 0x0000, 0x0000, 0x0000,
  0x0000, 0x0000, 0x0000, 0x0000, 0x0000, 0x0000, 0x0000, 0x0000, 0x0000, 0x0000, 0x0000, 0x0000, 0x0000, 0x0000, 0x0000, 0x0000,
  0x0000, 0x0000, 0x0000, 0x0000, 0x0000, 0x0000, 0x0000, 0x0000, 0x0000, 0x0000, 0x0000, 0x0000, 0x2000, 0x0000, 0x0000, 0x0000,
  0x0000, 0x0000, 0x0000, 0x0000, 0x0000, 0x0000, 0x2000, 0x0000, 0x0000, 0x0000, 0x0000, 0x0000, 0x2000, 0x0000, 0x0000, 0x0000,
  0x0000, 0x0000, 0x0000, 0x2000, 0x0000, 0x0000, 0x0000, 0x2000, 0x0000, 0x2000, 0x2000, 0x0000, 0x0000, 0x0000, 0x0000, 0x0000,
  0x2000, 0x2000, 0x0000, 0x0000, 0x0000, 0x0000, 0x0000, 0x2000, 0x0000, 0x0000, 0x0000, 0x0000, 0x0000, 0x0000, 0x2000, 0x0000,
  0x0000, 0x2000, 0x2000, 0x0000, 0x2000, 0x2000, 0x0000, 0x2000, 0x2000, 0x2000, 0x0000, 0x2000, 0x2000, 0x2000, 0x2000, 0x2000,
  0x2000, 0x2000, 0x4108, 0x2000, 0x2000, 0x2000, 0x2000, 0x0000, 0x2000, 0x2000, 0x0000, 0x2000, 0x2000, 0x2000, 0x2000, 0x2000,
  0x2000, 0x0000, 0x2000, 0x0000, 0x2000, 0x0000, 0x4108, 0x2000, 0x2000, 0x2000, 0x2000, 0x2000, 0x0000, 0x2000, 0x2000, 0x2000,
  0x2000, 0x2000, 0x2000, 0x0000, 0x4108, 0x0000, 0x0000, 0x0000, 0x2000, 0x0000, 0x0000, 0x2000, 0x2000, 0x0000, 0x2000, 0x2000,
  0x2000, 0x0000, 0x2000, 0x2000, 0x0000, 0x2000, 0x2000, 0x2000, 0x0000, 0x2000, 0x2000, 0x0000, 0x2000, 0x0000, 0x0000, 0x0000,
  0x0000, 0x0000, 0x0000, 0x0000, 0x0000, 0x0000, 0x0000, 0x0000, 0x0008, 0x0008, 0x0000, 0x0000, 0x0000, 0x0010, 0x0008, 0x0000,
  0x0000, 0x0010, 0x0010, 0x0000, 0x2000, 0x0008, 0x0000, 0x0000, 0x0000, 0x0000, 0x0000, 0x0000, 0x0000, 0x0000, 0x0000, 0x0000,
  0x0000, 0x0000, 0x0000, 0x0000, 0x0000, 0x0000, 0x2000, 0x2000, 0x0000, 0x2000, 0x0000, 0x0000, 0x0000, 0x0000, 0x0000, 0x2000,
  0x0000, 0x0000, 0x0000, 0x0000, 0x0000, 0x0000, 0x0010, 0x0050, 0x0048, 0x0028, 0x0010, 0x0000, 0x2000, 0x2010, 0x2010, 0x2000,
  0x0000, 0x2008, 0x0008, 0x2000, 0x0000, 0x0000, 0x2000, 0x0000, 0x2000, 0x0000, 0x0000, 0x2000, 0x2000, 0x0000, 0x0000, 0x0000,
  0x0000, 0x0000, 0x0000, 0x0008, 0x2000, 0x2000, 0x2000, 0x2000, 0x2000, 0x2000, 0x2000, 0x2000, 0x2000, 0x2000, 0x2000, 0x2000,
  0x2000, 0x2000, 0x2000, 0x2000, 0x2000, 0x2000, 0x2000, 0x2000, 0x2000, 0x2000, 0x2000, 0x2000, 0x2000, 0x2000, 0x2000, 0x2000,
  0x2000, 0x2000, 0x2000, 0x2000, 0x2000, 0x2000, 0x2000, 0x2000, 0x2000, 0x2000, 0x2000, 0x2000, 0x2000, 0x2000, 0x2000, 0x2000,
  0x0000, 0x0000, 0x0000, 0x0000, 0x2000, 0x0000, 0x0000, 0x0000, 0x0000, 0x0000, 0x0000, 0x0000, 0x0000, 0x0000, 0x0000, 0x2000,
  0x0000, 0x0000, 0x0000, 0x0000, 0x0000, 0x0000, 0x0000, 0x0000, 0x0000, 0x0000, 0x0000, 0x0000, 0x0000, 0x0000, 0x0000, 0x0000,
  0x0000, 0x0000, 0x0000, 0x0000, 0x0000, 0x0000, 0x0000, 0x0000, 0x0000, 0x0000, 0x0000, 0x0000, 0x0000, 0x0000, 0x0000, 0x0000,
  0x0000, 0x0000, 0x0000, 0x0000, 0x0000, 0x0000, 0x0000, 0x0000, 0x0000, 0x0000, 0x0000, 0x0000, 0x0000, 0x0000, 0x0000, 0x0000,
  0x0000, 0x0000, 0x0000, 0x0000, 0x0000, 0x0000, 0x0000, 0x2000, 0x0000, 0x2000, 0x0000, 0x0000, 0x0000, 0x0000, 0x0000, 0x0000,
  0x0000, 0x0000, 0x0000, 0x2000, 0x2000, 0x2000, 0x2000, 0x2000, 0x2000, 0x2000, 0x0000, 0x0000, 0x0000, 0x0000, 0x0000, 0x0000,
  0x0000, 0x2000, 0x2000, 0x2000, 0x0000, 0x0000, 0x2000, 0x2000, 0x0000, 0x0000, 0x0000, 0x0000, 0x0000, 0x0000, 0x2000, 0x2000,
  0x0000, 0x2000, 0x2000, 0x0000, 0x2000, 0x0000, 0x0000, 0x0000, 0x0000, 0x0000, 0x0000, 0x2000, 0x2000, 0x0000, 0x2000, 0x2000,
  0x2000, 0x0000, 0x2000, 0x2000, 0x0000, 0x2000, 0x2000, 0x0000, 0x2000, 0x2000, 0x2000, 0x2000, 0x2000, 0x0000, 0x0000, 0x2000,
  0x2000, 0x0000, 0x2000, 0x2000, 0x0000, 0x2000, 0x2008, 0x2000, 0x2000, 0x2000, 0x0000, 0x2000, 0x0000, 0x2000, 0x2000, 0x2000,
  0x2000, 0x2000, 0x0000, 0x2000, 0x2000, 0x0000, 0x0000, 0x0000, 0x0000, 0x0000, 0x0000, 0x2000, 0x2000, 0x0000, 0x0000, 0x2000,
  0x2000, 0x0000, 0x2000, 0x0000, 0x0000, 0x0000, 0x2000, 0x2000, 0x2000, 0x2000, 0x2000, 0x0000, 0x0000, 0x0000, 0x0000, 0x0000,
  0x0000, 0x0000, 0x0000, 0x0000, 0x0000, 0x0000, 0x0000, 0x0010, 0x0008, 0x0000, 0x0000, 0x0008, 0x0010, 0x0000, 0x0000, 0x0008,
  0x0018, 0x0008, 0x2000, 0x2008, 0x0008, 0x0000, 0x0000, 0x0000, 0x0000, 0x0000, 0x0000, 0x0000, 0x0000, 0x0000, 0x0000, 0x0000,
  0x0000, 0x0000, 0x0000, 0x0000, 0x0000, 0x0000, 0x0000, 0x0000, 0x0000, 0x0000, 0x0000, 0x0000, 0x0000, 0x0000, 0x0000, 0x0000,
  0x0000, 0x0000, 0x0000, 0x0000, 0x0000, 0x0028, 0x0058, 0x0038, 0x0020, 0x0000, 0x0000, 0x2008, 0x2010, 0x0000, 0x2000, 0x2008,
  0x0008, 0x2000, 0x2000, 0x0000, 0x2000, 0x2000, 0x0000, 0x2000, 0x2000, 0x0000, 0x0000, 0x0000, 0x0000, 0x0000, 0x0000, 0x0000,
  0x0000, 0x0008, 0x2008, 0x2000, 0x2000, 0x2000, 0x2000, 0x2000, 0x2000, 0x2000, 0x2000, 0x2000, 0x2000, 0x2000, 0x2000, 0x2000,
  0x2000, 0x2000, 0x2000, 0x2000, 0x2000, 0x2000, 0x2000, 0x2000, 0x2000, 0x2000, 0x2000, 0x2000, 0x2000, 0x2000, 0x2000, 0x2000,
  0x2000, 0x2000, 0x2000, 0x2000, 0x2000, 0x2000, 0x2000, 0x2000, 0x2000, 0x2000, 0x2000, 0x2000, 0x2000, 0x2000, 0x2000, 0x0000,
  0x0000, 0x0000, 0x0000, 0x0000, 0x0000, 0x0000, 0x0000, 0x0000, 0x0000, 0x0000, 0x0000, 0x2000, 0x2000, 0x0000, 0x0000, 0x0000,
  0x0000, 0x0000, 0x0000, 0x0000, 0x0000, 0x0000, 0x0000, 0x0000, 0x0000, 0x0000, 0x0000, 0x0000, 0x0000, 0x0000, 0x0000, 0x0000,
  0x0000, 0x0000, 0x0000, 0x0000, 0x0000, 0x0000, 0x0000, 0x0000, 0x0000, 0x0000, 0x0000, 0x0000, 0x0000, 0x0000, 0x0000, 0x0000,
  0x0000, 0x0000, 0x0000, 0x0000, 0x0000, 0x0000, 0x0000, 0x0000, 0x0000, 0x0000, 0x0000, 0x0000, 0x0000, 0x0000, 0x0000, 0x0000,
  0x0000, 0x0000, 0x0000, 0x0000, 0x0000, 0x0000, 0x0000, 0x0000, 0x0000, 0x0000, 0x0000, 0x0000, 0x0000, 0x0000, 0x0000, 0x0000,
  0x0000, 0x0000, 0x0000, 0x0000, 0x2000, 0x2000, 0x2000, 0x2000, 0x2000, 0x0000, 0x0000, 0x0000, 0x0000, 0x0000, 0x0000, 0x0000,
  0x0000, 0x2000, 0x2000, 0x2000, 0x2000, 0x2000, 0x2000, 0x0000, 0x0000, 0x0000, 0x0000, 0x0000, 0x0000, 0x0000, 0x0000, 0x2000,
  0x2000, 0x2000, 0x2000, 0x2000, 0x2000, 0x0000, 0x0000, 0x0000, 0x0000, 0x2000, 0x0000, 0x2000, 0x2000, 0x0000, 0x0000, 0x0000,
  0x0000, 0x0000, 0x0000, 0x2000, 0x2000, 0x2100, 0x2008, 0x2000, 0x2000, 0x0000, 0x0000, 0x0000, 0x0000, 0x0000, 0x0000, 0x0000,
  0x2000, 0x4108, 0x2108, 0x4108, 0x2000, 0x2000, 0x2000, 0x2000, 0x0000, 0x0000, 0x2000, 0x0000, 0x0000, 0x0000, 0x4108, 0x4108,
  0x4108, 0x4108, 0x2008, 0x4108, 0x0000, 0x0000, 0x0000, 0x0000, 0x0000, 0x0000, 0x0000, 0x0000, 0x2008, 0x4108, 0x4008, 0x4108,
  0x2000, 0x4108, 0x2000, 0x0000, 0x2000, 0x0000, 0x0000, 0x2000, 0x2000, 0x2000, 0x2000, 0x2008, 0x2000, 0x2000, 0x0000, 0x0000,
  0x0000, 0x0000, 0x0000, 0x0000, 0x0000, 0x0008, 0x0010, 0x0000, 0x0000, 0x0000, 0x0008, 0x0008, 0x0000, 0x0000, 0x0010, 0x0018,
  0x0000, 0x0000, 0x0008, 0x0008, 0x0000, 0x0000, 0x0000, 0x0000, 0x0000, 0x0000, 0x0000, 0x0000, 0x0000, 0x0000, 0x0000, 0x0000,
  0x0000, 0x0000, 0x0000, 0x0000, 0x0000, 0x0000, 0x0000, 0x0000, 0x0000, 0x0000, 0x0000, 0x0000, 0x0000, 0x0000, 0x0000, 0x0000,
  0x0000, 0x0000, 0x0000, 0x0000, 0x0038, 0x0050, 0x0028, 0x0010, 0x0000, 0x0000, 0x0010, 0x2010, 0x0000, 0x0000, 0x2008, 0x0008,
  0x0000, 0x0000, 0x0000, 0x0000, 0x0000, 0x0000, 0x2000, 0x2000, 0x2000, 0x0000, 0x0000, 0x0000, 0x0000, 0x0000, 0x0000, 0x0000,
  0x0008, 0x2000, 0x2000, 0x2000, 0x2000, 0x2000, 0x2000, 0x2000, 0x2000, 0x2000, 0x2000, 0x2000, 0x2000, 0x2000, 0x2000, 0x2000,
  0x2000, 0x2000, 0x2000, 0x2000, 0x2000, 0x2000, 0x2000, 0x2000, 0x2000, 0x0000, 0x0000, 0x2000, 0x2000, 0x0000, 0x2000, 0x2000,
  0x2000, 0x2000, 0x2000, 0x2000, 0x2000, 0x2000, 0x2000, 0x2000, 0x2000, 0x2000, 0x2000, 0x2000, 0x0000, 0x0000, 0x0000, 0x0000,
  0x0000, 0x0000, 0x0000, 0x0000, 0x2000, 0x0000, 0x0000, 0x0000, 0x0000, 0x0000, 0x0000, 0x0000, 0x0000, 0x0000, 0x0000, 0x0000,
  0x0000, 0x0000, 0x0000, 0x0000, 0x0000, 0x0000, 0x0000, 0x0000, 0x0000, 0x0000, 0x0000, 0x0000, 0x0000, 0x0000, 0x0000, 0x0000,
  0x0000, 0x0000, 0x0000, 0x0000, 0x0000, 0x0000, 0x0000, 0x0000, 0x0000, 0x0000, 0x0000, 0x0000, 0x0000, 0x0000, 0x0000, 0x0000,
  0x0000, 0x0000, 0x0000, 0x0000, 0x0000, 0x0000, 0x0000, 0x0000, 0x0000, 0x0000, 0x0000, 0x0000, 0x0000, 0x0000, 0x0000, 0x0000,
  0x0000, 0x0000, 0x0000, 0x0000, 0x0000, 0x0000, 0x0000, 0x0000, 0x0000, 0x0000, 0x0000, 0x0000, 0x0000, 0x0000, 0x0000, 0x0000,
  0x0000, 0x0000, 0x0000, 0x2000, 0x0000, 0x0000, 0x0000, 0x0000, 0x0000, 0x2000, 0x0000, 0x0000, 0x0000, 0x0000, 0x0000, 0x0000,
  0x0000, 0x2000, 0x0000, 0x0000, 0x0000, 0x0000, 0x0000, 0x2000, 0x0000, 0x0000, 0x0000, 0x0000, 0x0000, 0x0000, 0x2000, 0x2000,
  0x0000, 0x0000, 0x0000, 0x0000, 0x2000, 0x0000, 0x0000, 0x0000, 0x0000, 0x2000, 0x0000, 0x2000, 0x0000, 0x0000, 0x0000, 0x0000,
  0x2000, 0x0000, 0x2000, 0x0000, 0x0000, 0x0000, 0x0000, 0x0000, 0x2000, 0x0000, 0x0000, 0x0000, 0x0000, 0x0000, 0x0000, 0x0000,
  0x2008, 0x0000, 0x0000, 0x0000, 0x0000, 0x0000, 0x2000, 0x0000, 0x0000, 0x0000, 0x0000, 0x2000, 0x0000, 0x2000, 0x2000, 0x0000,
  0x0000, 0x0000, 0x0000, 0x2000, 0x2000, 0x0000, 0x0000, 0x0000, 0x0000, 0x0000, 0x0000, 0x0000, 0x2000, 0x0000, 0x2000, 0x2000,
  0x0000, 0x0000, 0x2000, 0x0000, 0x2000, 0x0000, 0x0000, 0x0000, 0x2000, 0x0000, 0x2000, 0x0000, 0x0000, 0x0000, 0x0000, 0x0000,
  0x0000, 0x0000, 0x0000, 0x0000, 0x0008, 0x0008, 0x0000, 0x0000, 0x0000, 0x0010, 0x0008, 0x0000, 0x0000, 0x0010, 0x0010, 0x0000,
  0x0000, 0x0008, 0x0000, 0x0000, 0x0000, 0x0000, 0x0000, 0x0000, 0x0000, 0x0000, 0x0000, 0x0000, 0x0000, 0x0000, 0x0000, 0x0000,
  0x0000, 0x0000, 0x0000, 0x0000, 0x0000, 0x0000, 0x0000, 0x0000, 0x0000, 0x0000, 0x0000, 0x0000, 0x0000, 0x0000, 0x0000, 0x0000,
  0x0000, 0x0000, 0x0010, 0x0040, 0x0040, 0x0018, 0x0000, 0x0000, 0x0008, 0x0010, 0x0008, 0x2000, 0x0000, 0x0008, 0x0000, 0x0000,
  0x0000, 0x0000, 0x0000, 0x0000, 0x0000, 0x2000, 0x0000, 0x2000, 0x0000, 0x0000, 0x0000, 0x0000, 0x0000, 0x0000, 0x0000, 0x0000,
  0x2000, 0x2000, 0x2000, 0x2000, 0x2000, 0x2000, 0x2000, 0x2000, 0x2000, 0x2000, 0x0000, 0x0000, 0x2000, 0x2000, 0x0000, 0x0000,
  0x0000, 0x2000, 0x2000, 0x2000, 0x2000, 0x2000, 0x2000, 0x2000, 0x2000, 0x2000, 0x2000, 0x0000, 0x0000, 0x2000, 0x2000, 0x2000,
  0x2000, 0x2000, 0x2000, 0x2000, 0x2000, 0x2000, 0x2000, 0x2000, 0x2000, 0x2000, 0x2000, 0x2000, 0x0000, 0x0000, 0x0000, 0x0000,
  0x0000, 0x0000, 0x0000, 0x0000, 0x0000, 0x0000, 0x0000, 0x0000, 0x0000, 0x0000, 0x0000, 0x0000, 0x0000, 0x0000, 0x0000, 0x0000,
  0x0000, 0x0000, 0x0000, 0x0000, 0x0000, 0x0000, 0x0000, 0x0000, 0x0000, 0x0000, 0x0000, 0x0000, 0x0000, 0x0000, 0x0000, 0x0000,
  0x0000, 0x0000, 0x0000, 0x0000, 0x0000, 0x0000, 0x0000, 0x0000, 0x0000, 0x0000, 0x0000, 0x0000, 0x0000, 0x0000, 0x0000, 0x0000,
  0x0000, 0x0000, 0x0000, 0x0000, 0x0000, 0x0000, 0x0000, 0x0000, 0x0000, 0x0000, 0x0000, 0x0000, 0x0000, 0x0000, 0x0000, 0x0000,
  0x0000, 0x0000, 0x0000, 0x0000, 0x0000, 0x0000, 0x0000, 0x0000, 0x0000, 0x0000, 0x0000, 0x0000, 0x0000, 0x0000, 0x0000, 0x0000,
  0x0000, 0x0000, 0x0000, 0x0000, 0x0000, 0x0000, 0x0000, 0x0000, 0x0000, 0x0000, 0x0000, 0x0000, 0x0000, 0x0000, 0x0000, 0x0000,
  0x2000, 0x0000, 0x0000, 0x0000, 0x0000, 0x0000, 0x0000, 0x2000, 0x0000, 0x0000, 0x0000, 0x0000, 0x0000, 0x0000, 0x2000, 0x0000,
  0x0000, 0x0000, 0x0000, 0x0000, 0x2000, 0x2000, 0x0000, 0x0000, 0x2000, 0x0000, 0x0000, 0x2000, 0x0000, 0x0000, 0x0000, 0x0000,
  0x0000, 0x0000, 0x2000, 0x0000, 0x0000, 0x0000, 0x2000, 0x0000, 0x2000, 0x2000, 0x0000, 0x0000, 0x0000, 0x2000, 0x0000, 0x2000,
  0x2000, 0x0000, 0x0000, 0x0000, 0x0000, 0x0000, 0x2000, 0x0000, 0x2000, 0x0000, 0x0000, 0x0000, 0x0000, 0x2000, 0x2000, 0x0000,
  0x0000, 0x0000, 0x0000, 0x0000, 0x2000, 0x0000, 0x0000, 0x0000, 0x0000, 0x0000, 0x0000, 0x2000, 0x2000, 0x0000, 0x2000, 0x2000,
  0x0000, 0x0000, 0x2000, 0x2000, 0x0000, 0x2000, 0x2000, 0x0000, 0x0000, 0x0000, 0x2000, 0x0000, 0x0000, 0x0000, 0x0000, 0x0000,
  0x0000, 0x0000, 0x0000, 0x0010, 0x0008, 0x0000, 0x0000, 0x0008, 0x0010, 0x0000, 0x0000, 0x0000, 0x0010, 0x0008, 0x0000, 0x0000,
  0x0008, 0x0000, 0x0000, 0x0000, 0x0000, 0x0000, 0x0000, 0x0000, 0x0000, 0x0000, 0x0000, 0x0000, 0x0000, 0x0000, 0x0000, 0x0000,
  0x0000, 0x0000, 0x0000, 0x0000, 0x0000, 0x0000, 0x0000, 0x0000, 0x0000, 0x0000, 0x0000, 0x0000, 0x0000, 0x0000, 0x0000, 0x0000,
  0x0000, 0x0018, 0x0038, 0x0028, 0x0008, 0x0000, 0x0000, 0x0008, 0x0010, 0x0000, 0x0000, 0x0008, 0x0008, 0x0000, 0x0000, 0x0000,
  0x0000, 0x0000, 0x0000, 0x0000, 0x0000, 0x2000, 0x0000, 0x0000, 0x0000, 0x0000, 0x0000, 0x0000, 0x0000, 0x0000, 0x0000, 0x0000,
  0x2000, 0x2000, 0x0000, 0x0000, 0x2000, 0x0000, 0x0000, 0x0000, 0x0000, 0x0000, 0x0000, 0x0000, 0x0000, 0x0000, 0x0000, 0x0000,
  0x0000, 0x0000, 0x0000, 0x0000, 0x2000, 0x2000, 0x0000, 0x0000, 0x0000, 0x0000, 0x0000, 0x0000, 0x0000, 0x0000, 0x0000, 0x2000,
  0x2000, 0x2000, 0x2000, 0x2000, 0x2000, 0x2000, 0x2000, 0x2000, 0x2000, 0x2000, 0x2000, 0x2000, 0x0000, 0x0000, 0x0000, 0x0000,
  0x0000, 0x0000, 0x0000, 0x0000, 0x0000, 0x0000, 0x0000, 0x0000, 0x0000, 0x0000, 0x0000, 0x0000, 0x0000, 0x0000, 0x0000, 0x0000,
  0x0000, 0x0000, 0x0000, 0x0000, 0x0000, 0x0000, 0x0000, 0x0000, 0x0000, 0x0000, 0x0000, 0x0000, 0x0000, 0x0000, 0x0000, 0x0000,
  0x0000, 0x0000, 0x0000, 0x0000, 0x0000, 0x0000, 0x0000, 0x0000, 0x0000, 0x0000, 0x0000, 0x0000, 0x0000, 0x0000, 0x0000, 0x0000,
  0x0000, 0x0000, 0x0000, 0x0000, 0x0000, 0x0000, 0x0000, 0x0000, 0x0000, 0x0000, 0x0000, 0x0000, 0x0000, 0x0000, 0x0000, 0x0000,
  0x0000, 0x0000, 0x0000, 0x0000, 0x0000, 0x0000, 0x0000, 0x0000, 0x0000, 0x0000, 0x0000, 0x0000, 0x0000, 0x0000, 0x0000, 0x0000,
  0x0000, 0x0000, 0x0000, 0x0000, 0x0000, 0x0000, 0x0000, 0x0000, 0x0000, 0x0000, 0x0000, 0x0000, 0x0000, 0x0000, 0x0000, 0x0000,
  0x2000, 0x0000, 0x0000, 0x0000, 0x0000, 0x0000, 0x0000, 0x0000, 0x2000, 0x0000, 0x0000, 0x0000, 0x0000, 0x0000, 0x0000, 0x0000,
  0x0000, 0x0000, 0x0000, 0x0000, 0x0000, 0x2000, 0x0000, 0x0000, 0x2000, 0x0000, 0x0000, 0x2000, 0x0000, 0x0000, 0x0000, 0x0000,
  0x0000, 0x2000, 0x0000, 0x0000, 0x0000, 0x0000, 0x0000, 0x0000, 0x0000, 0x2000, 0x0000, 0x0000, 0x0000, 0x0000, 0x0000, 0x2000,
  0x0000, 0x0000, 0x0000, 0x0000, 0x0000, 0x0000, 0x2000, 0x2000, 0x0000, 0x0000, 0x0000, 0x0000, 0x0000, 0x2000, 0x0000, 0x0000,
  0x0000, 0x0000, 0x0000, 0x0000, 0x2000, 0x2000, 0x0000, 0x0000, 0x0000, 0x0000, 0x0000, 0x2000, 0x0000, 0x0000, 0x0000, 0x0000,
  0x0000, 0x0000, 0x2000, 0x2000, 0x0000, 0x0000, 0x0000, 0x0000, 0x0000, 0x2000, 0x0000, 0x0000, 0x0000, 0x0000, 0x0000, 0x0000,
  0x0000, 0x0008, 0x0008, 0x0000, 0x0000, 0x0000, 0x0010, 0x0010, 0x0000, 0x0000, 0x0008, 0x0010, 0x0000, 0x0000, 0x0000, 0x0000,
  0x0000, 0x0000, 0x0000, 0x0000, 0x0000, 0x0000, 0x0000, 0x0000, 0x0000, 0x0000, 0x0000, 0x0000, 0x0000, 0x0000, 0x0000, 0x0000,
  0x0000, 0x0000, 0x0000, 0x0000, 0x0000, 0x0000, 0x0000, 0x0000, 0x0000, 0x0000, 0x0000, 0x0000, 0x0000, 0x0000, 0x0000, 0x0000,
  0x0028, 0x0030, 0x0010, 0x0000, 0x0000, 0x0000, 0x0010, 0x0008, 0x0000, 0x0000, 0x0008, 0x0000, 0x0000, 0x0000, 0x0000, 0x0000,
  0x0000, 0x0000, 0x0000, 0x0000, 0x0000, 0x0000, 0x0000, 0x0000, 0x0000, 0x0000, 0x0000, 0x0000, 0x0000, 0x0000, 0x2000, 0x2000,
  0x0000, 0x0000, 0x0000, 0x0000, 0x2000, 0x0000, 0x0000, 0x0000, 0x0000, 0x0000, 0x0000, 0x0000, 0x0000, 0x0000, 0x0000, 0x0000,
  0x0000, 0x0000, 0x0000, 0x0000, 0x0000, 0x0000, 0x0000, 0x0000, 0x0000, 0x0000, 0x0000, 0x0000, 0x0000, 0x0000, 0x0000, 0x0000,
  0x0000, 0x0000, 0x0000, 0x0000, 0x0000, 0x0000, 0x0000, 0x2000, 0x2000, 0x2000, 0x2000, 0x0000, 0x0000, 0x0000, 0x0000, 0x0000,
  0x0000, 0x0000, 0x0000, 0x0000, 0x0000, 0x0000, 0x0000, 0x0000, 0x0000, 0x0000, 0x0000, 0x0000, 0x0000, 0x0000, 0x0000, 0x0000,
  0x0000, 0x0000, 0x0000, 0x0000, 0x0000, 0x0000, 0x0000, 0x0000, 0x0000, 0x0000, 0x0000, 0x0000, 0x0000, 0x0000, 0x0000, 0x0000,
  0x0000, 0x0000, 0x0000, 0x0000, 0x0000, 0x0000, 0x0000, 0x0000, 0x0000, 0x0000, 0x0000, 0x0000, 0x0000, 0x0000, 0x0000, 0x0000,
  0x0000, 0x0000, 0x0000, 0x0000, 0x0000, 0x0000, 0x0000, 0x0000, 0x0000, 0x0000, 0x0000, 0x0000, 0x0000, 0x0000, 0x0000, 0x0000,
  0x0000, 0x0000, 0x0000, 0x0000, 0x0000, 0x0000, 0x0000, 0x0000, 0x0000, 0x0000, 0x0000, 0x0000, 0x0000, 0x0000, 0x0000, 0x0000,
  0x0000, 0x0000, 0x0000, 0x0000, 0x0000, 0x0000, 0x0000, 0x0000, 0x0000, 0x0000, 0x0000, 0x0000, 0x2000, 0x2000, 0x2000, 0x2000,
  0x0000, 0x0000, 0x0000, 0x0000, 0x0000, 0x0000, 0x0000, 0x0000, 0x2000, 0x2000, 0x2000, 0x0000, 0x2000, 0x2000, 0x0000, 0x0000,
  0x0000, 0x0000, 0x0000, 0x0000, 0x0000, 0x0000, 0x2000, 0x2000, 0x2000, 0x2000, 0x2000, 0x0000, 0x0000, 0x0000, 0x2000, 0x2000,
  0x2000, 0x2000, 0x0000, 0x0000, 0x0000, 0x0000, 0x0000, 0x0000, 0x0000, 0x0000, 0x2000, 0x2000, 0x2000, 0x2000, 0x2000, 0x2000,
  0x0000, 0x0000, 0x0000, 0x0000, 0x0000, 0x0000, 0x0000, 0x2000, 0x2000, 0x2000, 0x2000, 0x2000, 0x2000, 0x0000, 0x0000, 0x0000,
  0x0000, 0x0000, 0x0000, 0x0000, 0x0000, 0x2000, 0x2000, 0x2000, 0x2000, 0x2000, 0x2000, 0x0000, 0x0000, 0x0000, 0x0000, 0x0000,
  0x0000, 0x0000, 0x0000, 0x2000, 0x2000, 0x2000, 0x2000, 0x2000, 0x0000, 0x0000, 0x0000, 0x0000, 0x0000, 0x0000, 0x0000, 0x0000,
  0x0008, 0x0008, 0x0000, 0x0000, 0x0000, 0x0010, 0x0008, 0x0000, 0x0000, 0x0010, 0x0010, 0x0000, 0x0000, 0x0008, 0x0000, 0x0000,
  0x0000, 0x0000, 0x0000, 0x0000, 0x0000, 0x0000, 0x0000, 0x0000, 0x0000, 0x0000, 0x0000, 0x0000, 0x0000, 0x0000, 0x0000, 0x0000,
  0x0000, 0x0000, 0x0000, 0x0000, 0x0000, 0x0000, 0x0000, 0x0000, 0x0000, 0x0000, 0x0000, 0x0000, 0x0000, 0x0000, 0x0010, 0x0030,
  0x0020, 0x0008, 0x0000, 0x0000, 0x0008, 0x0010, 0x0000, 0x0000, 0x0008, 0x0008, 0x0000, 0x0000, 0x0000, 0x0000, 0x0000, 0x0000,
  0x0000, 0x0000, 0x0000, 0x0000, 0x0000, 0x0000, 0x0000, 0x0000, 0x0000, 0x0000, 0x0000, 0x2000, 0x2000, 0x2000, 0x2000, 0x0000,
  0x0000, 0x2000, 0x0000, 0x0000, 0x0000, 0x2000, 0x2000, 0x0000, 0x0000, 0x0000, 0x0000, 0x0000, 0x0000, 0x0000, 0x0000, 0x2000,
  0x0000, 0x0000, 0x0000, 0x0000, 0x0000, 0x0000, 0x0000, 0x0000, 0x0000, 0x0000, 0x0000, 0x0000, 0x0000, 0x0000, 0x0000, 0x0000,
  0x0000, 0x0000, 0x0000, 0x0000, 0x0000, 0x0000, 0x0000, 0x0000, 0x0000, 0x0000, 0x0000, 0x0000, 0x0000, 0x0000, 0x0000, 0x0000,
  0x0000, 0x0000, 0x0000, 0x0000, 0x0000, 0x0000, 0x0000, 0x0000, 0x0000, 0x0000, 0x0000, 0x0000, 0x0000, 0x0000, 0x0000, 0x0000,
  0x0000, 0x0000, 0x0000, 0x0000, 0x0000, 0x0000, 0x0000, 0x0000, 0x0000, 0x0000, 0x0000, 0x0000, 0x0000, 0x0000, 0x0000, 0x0000,
  0x0000, 0x0000, 0x0000, 0x0000, 0x0000, 0x0000, 0x0000, 0x0000, 0x0000, 0x0000, 0x0000, 0x0000, 0x0000, 0x0000, 0x0000, 0x0000,
  0x0000, 0x0000, 0x0000, 0x0000, 0x0000, 0x0000, 0x0000, 0x0000, 0x0000, 0x0000, 0x0000, 0x0000, 0x0000, 0x0000, 0x0000, 0x0000,
  0x0000, 0x0000, 0x0000, 0x0000, 0x0000, 0x0000, 0x0000, 0x0000, 0x0000, 0x0000, 0x0000, 0x0000, 0x0000, 0x0000, 0x0000, 0x0000,
  0x0000, 0x0000, 0x0000, 0x0000, 0x0000, 0x0000, 0x0000, 0x0000, 0x0000, 0x0000, 0x0000, 0x0000, 0x0000, 0x0000, 0x0000, 0x0000,
  0x0000, 0x0000, 0x0000, 0x0000, 0x0000, 0x0000, 0x0000, 0x0000, 0x0000, 0x0000, 0x0000, 0x0000, 0x0000, 0x0000, 0x0000, 0x0000,
  0x0000, 0x0000, 0x0000, 0x0000, 0x0000, 0x0000, 0x0000, 0x0000, 0x0000, 0x0000, 0x0000, 0x0000, 0x0000, 0x0000, 0x0000, 0x0000,
  0x0000, 0x2000, 0x0000, 0x0000, 0x0000, 0x0000, 0x0000, 0x0000, 0x0000, 0x0000, 0x0000, 0x0000, 0x0000, 0x0000, 0x0000, 0x2000,
  0x0000, 0x0000, 0x0000, 0x0000, 0x0000, 0x0000, 0x0000, 0x2000, 0x0000, 0x0000, 0x0000, 0x0000, 0x0000, 0x0000, 0x0000, 0x0000,
  0x0000, 0x0000, 0x0000, 0x0000, 0x0000, 0x2000, 0x0000, 0x2000, 0x0000, 0x0000, 0x0000, 0x0000, 0x0000, 0x0000, 0x0000, 0x0000,
  0x0000, 0x0000, 0x0000, 0x2000, 0x0000, 0x0000, 0x0000, 0x0000, 0x0000, 0x0000, 0x0000, 0x0000, 0x0000, 0x0000, 0x0000, 0x0008,
  0x0000, 0x0000, 0x0000, 0x0008, 0x0008, 0x0000, 0x0000, 0x0000, 0x0010, 0x0008, 0x0000, 0x0000, 0x0000, 0x0000, 0x0000, 0x0000,
  0x0000, 0x0000, 0x0000, 0x0000, 0x0000, 0x0000, 0x0000, 0x0000, 0x0000, 0x0000, 0x0000, 0x0000, 0x0000, 0x0000, 0x0000, 0x0000,
  0x0000, 0x0000, 0x0000, 0x0000, 0x0000, 0x0000, 0x0000, 0x0000, 0x0000, 0x0000, 0x0000, 0x0000, 0x0000, 0x0018, 0x0030, 0x0010,
  0x0000, 0x0000, 0x0000, 0x0010, 0x0008, 0x0000, 0x0000, 0x0008, 0x0000, 0x0000, 0x0000, 0x0000, 0x0000, 0x0000, 0x0000, 0x0000,
  0x0000, 0x0000, 0x0000, 0x0000, 0x0000, 0x0000, 0x0000, 0x0000, 0x0000, 0x0000, 0x0000, 0x0000, 0x0000, 0x0000, 0x0000, 0x0000,
  0x0000, 0x0000, 0x0000, 0x0000, 0x0000, 0x0000, 0x0000, 0x0000, 0x0000, 0x0000, 0x0000, 0x0000, 0x0000, 0x0000, 0x0000, 0x0000,
  0x0000, 0x0000, 0x0000, 0x0000, 0x0000, 0x0000, 0x0000, 0x0000, 0x0000, 0x0000, 0x0000, 0x0000, 0x0000, 0x0000, 0x0000, 0x0000,
  0x0000, 0x0000, 0x0000, 0x0000, 0x0000, 0x0000, 0x0000, 0x0000, 0x0000, 0x0000, 0x0000, 0x0000, 0x0000, 0x0000, 0x0000, 0x0000,
  0x0000, 0x0000, 0x0000, 0x0000, 0x0000, 0x0000, 0x0000, 0x0000, 0x0000, 0x0000, 0x0000, 0x0000, 0x0000, 0x0000, 0x0000, 0x0000,
  0x0000, 0x0000, 0x0000, 0x0000, 0x0000, 0x0000, 0x0000, 0x0000, 0x0000, 0x0000, 0x0000, 0x0000, 0x0000, 0x0000, 0x0000, 0x0000,
  0x0000, 0x0000, 0x0000, 0x0000, 0x0000, 0x0000, 0x0000, 0x0000, 0x0000, 0x0000, 0x0000, 0x0000, 0x0000, 0x0000, 0x0000, 0x0000,
  0x0000, 0x0000, 0x0000, 0x0000, 0x0000, 0x0000, 0x0000, 0x0000, 0x0000, 0x0000, 0x0000, 0x0000, 0x0000, 0x0000, 0x0000, 0x0000,
  0x0000, 0x0000, 0x0000, 0x0000, 0x0000, 0x0000, 0x0000, 0x0000, 0x0000, 0x0000, 0x0000, 0x0000, 0x0000, 0x0000, 0x0000, 0x0000,
  0x0000, 0x0000, 0x0000, 0x0000, 0x0000, 0x0000, 0x0000, 0x0000, 0x0000, 0x0000, 0x0000, 0x0000, 0x0000, 0x0000, 0x0000, 0x0000,
  0x0000, 0x0000, 0x0000, 0x0000, 0x0000, 0x0000, 0x0000, 0x0000, 0x0000, 0x0000, 0x0000, 0x0000, 0x0000, 0x0000, 0x0000, 0x0000,
  0x0000, 0x0000, 0x0000, 0x0000, 0x0000, 0x0000, 0x0000, 0x0000, 0x0000, 0x0000, 0x0000, 0x0000, 0x0000, 0x0000, 0x0000, 0x0000,
  0x0000, 0x0000, 0x0000, 0x0000, 0x0000, 0x0000, 0x0000, 0x0000, 0x0000, 0x2000, 0x0000, 0x0000, 0x0000, 0x0000, 0x0000, 0x0000,
  0x0000, 0x0000, 0x0000, 0x0000, 0x0000, 0x0000, 0x0000, 0x0000, 0x0000, 0x0000, 0x0000, 0x0000, 0x0000, 0x0000, 0x0000, 0x0000,
  0x0000, 0x0000, 0x0000, 0x0000, 0x0000, 0x0000, 0x0000, 0x0000, 0x0000, 0x0000, 0x0000, 0x0000, 0x0000, 0x0000, 0x0000, 0x0000,
  0x0000, 0x0000, 0x0000, 0x0000, 0x0000, 0x0000, 0x0000, 0x0000, 0x0000, 0x0000, 0x0000, 0x0000, 0x0000, 0x0000, 0x0008, 0x0000,
  0x0000, 0x0000, 0x0008, 0x0008, 0x0000, 0x0000, 0x0008, 0x0010, 0x0000, 0x0000, 0x0000, 0x0000, 0x0000, 0x0000, 0x0000, 0x0000,
  0x0000, 0x0000, 0x0000, 0x0000, 0x0000, 0x0000, 0x0000, 0x0000, 0x0000, 0x0000, 0x0000, 0x0000, 0x0000, 0x0000, 0x0000, 0x0000,
  0x0000, 0x0000, 0x0000, 0x0000, 0x0000, 0x0000, 0x0000, 0x0000, 0x0000, 0x0000, 0x0000, 0x0000, 0x0018, 0x0020, 0x0000, 0x0000,
  0x0000, 0x0008, 0x0010, 0x0008, 0x0000, 0x0000, 0x0008, 0x0000, 0x0000, 0x0000, 0x0000, 0x0000, 0x0000, 0x0000, 0x0000, 0x0000,
  0x0000, 0x0000, 0x0000, 0x0000, 0x0000, 0x0000, 0x0000, 0x0000, 0x0000, 0x0000, 0x0000, 0x0000, 0x0000, 0x0000, 0x0000, 0x0000,
  0x0000, 0x0000, 0x0000, 0x0000, 0x0000, 0x0000, 0x0000, 0x0000, 0x0000, 0x0000, 0x0000, 0x0000, 0x0000, 0x0000, 0x0000, 0x0000,
  0x0000, 0x0000, 0x0000, 0x0000, 0x0000, 0x0000, 0x0000, 0x0000, 0x0000, 0x0000, 0x0000, 0x0000, 0x0000, 0x0000, 0x0000, 0x0000,
  0x0000, 0x0000, 0x0000, 0x0000, 0x0000, 0x0000, 0x0000, 0x0000, 0x0000, 0x0000, 0x0000, 0x0000, 0x0000, 0x0000, 0x0000, 0x0000,
  0x0000, 0x0000, 0x0000, 0x0000, 0x0000, 0x0000, 0x0000, 0x0000, 0x0000, 0x0000, 0x0000, 0x0000, 0x0000, 0x0000, 0x0000, 0x0000,
  0x0000, 0x0000, 0x0000, 0x0000, 0x0000, 0x0000, 0x0000, 0x0000, 0x0000, 0x0000, 0x0000, 0x0000, 0x0000, 0x0000, 0x0000, 0x0000,
  0x0000, 0x0000, 0x0000, 0x0000, 0x0000, 0x0000, 0x0000, 0x0000, 0x0000, 0x0000, 0x0000, 0x0000, 0x0000, 0x0000, 0x0000, 0x0000,
  0x0000, 0x0000, 0x0000, 0x0000, 0x0000, 0x0000, 0x0000, 0x0000, 0x0000, 0x0000, 0x0000, 0x0000, 0x0000, 0x0000, 0x0000, 0x0000,
  0x0000, 0x0000, 0x0000, 0x0000, 0x0000, 0x0000, 0x0000, 0x0000, 0x0000, 0x0000, 0x0000, 0x0000, 0x0000, 0x0000, 0x0000, 0x0000,
  0x0000, 0x0000, 0x0000, 0x0000, 0x0000, 0x0000, 0x0000, 0x0000, 0x0000, 0x0000, 0x0000, 0x0000, 0x0000, 0x0000, 0x0000, 0x0000,
  0x0000, 0x0000, 0x0000, 0x0000, 0x0000, 0x0000, 0x0000, 0x0000, 0x0000, 0x0000, 0x0000, 0x0000, 0x0000, 0x0000, 0x0000, 0x0000,
  0x0000, 0x0000, 0x0000, 0x0000, 0x0000, 0x0000, 0x0000, 0x0000, 0x0000, 0x0000, 0x0000, 0x0000, 0x0000, 0x0000, 0x0000, 0x0000,
  0x0000, 0x0000, 0x0000, 0x0000, 0x0000, 0x0000, 0x0000, 0x0000, 0x0000, 0x0000, 0x0000, 0x0000, 0x0000, 0x0000, 0x0000, 0x0000,
  0x0000, 0x0000, 0x0000, 0x0000, 0x0000, 0x0000, 0x2000, 0x0000, 0x0000, 0x0000, 0x0000, 0x0000, 0x0000, 0x0000, 0x0000, 0x0000,
  0x0000, 0x0000, 0x0000, 0x0000, 0x0000, 0x0000, 0x0000, 0x0000, 0x0000, 0x0000, 0x0000, 0x0000, 0x0000, 0x0000, 0x0000, 0x0000,
  0x0000, 0x0000, 0x0000, 0x0000, 0x0000, 0x0000, 0x0000, 0x0000, 0x0000, 0x0000, 0x0000, 0x0000, 0x0008, 0x0008, 0x0000, 0x0000,
  0x0000, 0x0008, 0x0000, 0x0000, 0x0000, 0x0008, 0x0008, 0x0000, 0x0000, 0x0000, 0x0000, 0x0000, 0x0000, 0x0000, 0x0000, 0x0000,
  0x0000, 0x0000, 0x0000, 0x0000, 0x0000, 0x0000, 0x0000, 0x0000, 0x0000, 0x0000, 0x0000, 0x0000, 0x0000, 0x0000, 0x0000, 0x0000,
  0x0000, 0x0000, 0x0000, 0x0000, 0x0000, 0x0000, 0x0000, 0x0000, 0x0000, 0x0000, 0x0008, 0x0018, 0x0010, 0x0000, 0x0000, 0x0000,
  0x0008, 0x0010, 0x0000, 0x0000, 0x0000, 0x0008, 0x0000, 0x0000, 0x0000, 0x0000, 0x0000, 0x0000, 0x0000, 0x0000, 0x0000, 0x0000,
  0x0000, 0x0000, 0x0000, 0x0000, 0x0000, 0x0000, 0x0000, 0x0000, 0x0000, 0x0000, 0x0000, 0x0000, 0x0000, 0x0000, 0x0000, 0x0000,
  0x0000, 0x0000, 0x0000, 0x0000, 0x0000, 0x0000, 0x0000, 0x0000, 0x0000, 0x0000, 0x0000, 0x0000, 0x0000, 0x0000, 0x0000, 0x0000,
  0x0000, 0x0000, 0x0000, 0x0000, 0x0000, 0x0000, 0x0000, 0x0000, 0x0000, 0x0000, 0x0000, 0x0000, 0x0000, 0x0000, 0x0000, 0x0000,
  0x0000, 0x0000, 0x0000, 0x0000, 0x0000, 0x0000, 0x0000, 0x0000, 0x0000, 0x0000, 0x0000, 0x0000, 0x0000, 0x0000, 0x0000, 0x0000,
  0x0000, 0x0000, 0x0000, 0x0000, 0x0000, 0x0000, 0x0000, 0x0000, 0x0000, 0x0000, 0x0000, 0x0000, 0x0000, 0x0000, 0x0000, 0x0000,
  0x0000, 0x0000, 0x0000, 0x0000, 0x0000, 0x0000, 0x0000, 0x0000, 0x0000, 0x0000, 0x0000, 0x0000, 0x0000, 0x0000, 0x0000, 0x0000,
  0x0000, 0x0000, 0x0000, 0x0000, 0x0000, 0x0000, 0x0000, 0x0000, 0x0000, 0x0000, 0x0000, 0x0000, 0x0000, 0x0000, 0x0000, 0x0000,
  0x0000, 0x0000, 0x0000, 0x0000, 0x0000, 0x0000, 0x0000, 0x0000, 0x0000, 0x0000, 0x0000, 0x0000, 0x0000, 0x0000, 0x0000, 0x0000,
  0x0000, 0x0000, 0x0000, 0x0000, 0x0000, 0x0000, 0x0000, 0x0000, 0x0000, 0x0000, 0x0000, 0x0000, 0x0000, 0x0000, 0x0000, 0x0000,
  0x0000, 0x0000, 0x0000, 0x0000, 0x0000, 0x0000, 0x0000, 0x0000, 0x0000, 0x0000, 0x0000, 0x0000, 0x0000, 0x0000, 0x0000, 0x0000,
  0x0000, 0x0000, 0x0000, 0x0000, 0x0000, 0x0000, 0x0000, 0x0000, 0x0000, 0x0000, 0x0000, 0x0000, 0x0000, 0x0000, 0x0000, 0x0000,
  0x0000, 0x0000, 0x0000, 0x0000, 0x0000, 0x0000, 0x0000, 0x0000, 0x0000, 0x0000, 0x0000, 0x0000, 0x0000, 0x0000, 0x0000, 0x0000,
  0x0000, 0x0000, 0x0000, 0x0000, 0x0000, 0x0000, 0x0000, 0x0000, 0x0000, 0x0000, 0x0000, 0x0000, 0x0000, 0x0000, 0x0000, 0x0000,
  0x0000, 0x0000, 0x0000, 0x0000, 0x0000, 0x0000, 0x0000, 0x0000, 0x0000, 0x0000, 0x0000, 0x0000, 0x0000, 0x0000, 0x0000, 0x0000,
  0x0000, 0x0000, 0x0000, 0x0000, 0x0000, 0x0000, 0x0000, 0x0000, 0x0000, 0x0000, 0x0000, 0x0000, 0x0000, 0x0000, 0x0000, 0x0000,
  0x0000, 0x0000, 0x0000, 0x0000, 0x0000, 0x0000, 0x0000, 0x0000, 0x0000, 0x0000, 0x0000, 0x0008, 0x0000, 0x0000, 0x0000, 0x0000,
  0x0008, 0x0000, 0x0000, 0x0000, 0x0008, 0x0000, 0x0000, 0x0000, 0x0000, 0x0000, 0x0000, 0x0000, 0x0000, 0x0000, 0x0000, 0x0000,
  0x0000, 0x0000, 0x0000, 0x0000, 0x0000, 0x0000, 0x0000, 0x0000, 0x0000, 0x0000, 0x0000, 0x0000, 0x0000, 0x0000, 0x0000, 0x0000,
  0x0000, 0x0000, 0x0000, 0x0000, 0x0000, 0x0000, 0x0000, 0x0000, 0x0000, 0x0008, 0x0010, 0x0000, 0x0000, 0x0000, 0x0000, 0x0008,
  0x0008, 0x0000, 0x0000, 0x0000, 0x0000, 0x0000, 0x0000, 0x0000, 0x0000, 0x0000, 0x0000, 0x0000, 0x0000, 0x0000, 0x0000, 0x0000,
  0x0000, 0x0000, 0x0000, 0x0000, 0x0000, 0x0000, 0x0000, 0x0000, 0x0000, 0x0000, 0x0000, 0x0000, 0x0000, 0x0000, 0x0000, 0x0000,
  0x0000, 0x0000, 0x0000, 0x0000, 0x0000, 0x0000, 0x0000, 0x0000, 0x0000, 0x0000, 0x0000, 0x0000, 0x0000, 0x0000, 0x0000, 0x0000,
  0x0000, 0x0000, 0x0000, 0x0000, 0x0000, 0x0000, 0x0000, 0x0000, 0x0000, 0x0000, 0x0000, 0x0000, 0x0000, 0x0000, 0x0000, 0x0000,
  0x0000, 0x0000, 0x0000, 0x0000, 0x0000, 0x0000, 0x0000, 0x0000, 0x0000, 0x0000, 0x0000, 0x0000, 0x0000, 0x0000, 0x0000, 0x0000,
  0x0000, 0x0000, 0x0000, 0x0000, 0x0000, 0x0000, 0x0000, 0x0000, 0x0000, 0x0000, 0x0000, 0x0000, 0x0000, 0x0000, 0x0000, 0x0000,
};
